ID_estudiante,ID_IE,Seccion,sexo,ise,Distrito,M500_L,M500_CN,M500_M,grupo_M,riesgo_matematica
2022223124299900101,1785,A,Mujer,1.0191884366481,PACHACAMAC,657.789,550.934,643.088,En proceso,0
2022223124299900102,1785,A,Mujer,1.25798069661865,PACHACAMAC,717.659,881.55,749.015,Satisfactorio,0
2022223124299900103,1785,A,Hombre,1.34993189501306,PACHACAMAC,729.424,734.438,676.208,Satisfactorio,0
2022223124299900104,1785,A,Hombre,1.51580203220139,PACHACAMAC,703.061,628.476,656.509,Satisfactorio,0
2022223124299900105,1785,A,Mujer,1.57864901940708,PACHACAMAC,645.039,536.017,634.357,En proceso,0
2022223124299900106,1785,A,Mujer,1.81381988359852,PACHACAMAC,719.815,545.404,722.678,Satisfactorio,0
2022223124299900107,1785,A,Mujer,1.46868077775842,PACHACAMAC,687.601,699.332,671.59,Satisfactorio,0
2022223124299900108,1785,A,Hombre,1.11770935660399,PACHACAMAC,638.264,707.948,734.584,Satisfactorio,0
2022223124299900109,1785,A,Mujer,1.65312050993972,PACHACAMAC,719.692,703.447,682.125,Satisfactorio,0
2022223124299900110,1785,A,Hombre,0.878398376102744,PACHACAMAC,607.898,604.558,723.111,Satisfactorio,0
2022223124299900111,1785,A,Mujer,1.31751655743866,PACHACAMAC,792.127,648.023,747.933,Satisfactorio,0
2022223124299900112,1785,A,Hombre,1.72515806467235,PACHACAMAC,628.471,524.572,658.024,Satisfactorio,0
2022223124299900113,1785,A,Mujer,1.26157165178759,PACHACAMAC,644.177,550.934,660.55,Satisfactorio,0
2022223124299900114,1785,A,Hombre,1.10569496095308,PACHACAMAC,665.242,523.801,569.631,En inicio,1
2022223124299900115,1785,A,Mujer,1.38747238074333,PACHACAMAC,732.996,734.438,755.726,Satisfactorio,0
2022223124299900116,1785,A,Mujer,1.26864905978687,PACHACAMAC,669.8, ,669.497,Satisfactorio,0
2022223124299900117,1785,A,Mujer,1.33823140925807,PACHACAMAC,737.862,578.453,782.785,Satisfactorio,0
2022223124299900118,1785,A,Mujer, ,PACHACAMAC,826.496,545.404,629.738,En proceso,0
2022223124299900119,1785,A,Hombre, ,PACHACAMAC,628.471,529.33,656.942,Satisfactorio,0
2022223124299900201,1785,B,Hombre,1.17215827862873,PACHACAMAC,575.746,421.439,579.444,En inicio,1
2022223124299900202,1785,B,Mujer,0.891669174309298,PACHACAMAC,747.101,679.528,669.497,Satisfactorio,0
2022223124299900203,1785,B,Hombre,1.39935711623341,PACHACAMAC,598.597,703.447,634.14,En proceso,0
2022223124299900204,1785,B,Mujer,1.01108376607599,PACHACAMAC,665.674,654.067,610.111,En proceso,0
2022223124299900205,1785,B,Mujer,1.31946101322022,PACHACAMAC,768.105,734.31,713.947,Satisfactorio,0
2022223124299900206,1785,B,Mujer,1.2168502315951,PACHACAMAC,599.521,611.502,569.775,En inicio,1
2022223124299900207,1785,B,Hombre,1.15472541455714,PACHACAMAC,688.71,558.135,628.44,En proceso,0
2022223124299900208,1785,B,Hombre,1.58343872991473,PACHACAMAC,620.586,543.861,613.07,En proceso,0
2022223124299900209,1785,B,Mujer,1.49641220065135,PACHACAMAC,644.177,584.626,633.563,En proceso,0
2022223124299900210,1785,B,Hombre,1.34783008799559,PACHACAMAC,719.692,654.067,733.934,Satisfactorio,0
2022223124299900211,1785,B,Mujer,1.54508405418416,PACHACAMAC,680.333,515.313,622.09,En proceso,0
2022223124299900212,1785,B,Mujer,1.57533405934262,PACHACAMAC,637.155,504.126,599.793,En proceso,0
2022223124299900213,1785,B,Hombre,0.871492403457306,PACHACAMAC,571.373,529.33,575.909,En inicio,1
2022223124299900214,1785,B,Mujer,1.81381988359852,PACHACAMAC,708.851,776.489,621.44,En proceso,0
2022223124299900215,1785,B,Hombre,-0.123885869420251,PACHACAMAC,768.105,703.447,697.062,Satisfactorio,0
2022223124299900216,1785,B,Mujer,1.41818067891656,PACHACAMAC,694.931,628.476,723.111,Satisfactorio,0
2022223124299900217,1785,B,Hombre,1.74452919439017,PACHACAMAC,683.536,386.333,562.704,En inicio,1
2022223124299900218,1785,B,Hombre,1.48724033495663,PACHACAMAC,737.862,804.394,645.613,En proceso,0
2022223124299900219,1785,B,Mujer,1.42632513364405,PACHACAMAC,644.177,550.934,610.111,En proceso,0
2022223124299900220,1785,B,Hombre,1.34640354647612,PACHACAMAC,740.264,523.801,697.062,Satisfactorio,0
2022223124299900221,1785,B,Hombre,1.06985149144222,PACHACAMAC,655.818,675.799,622.09,En proceso,0
2022223124299900222,1785,B,Hombre,1.25629108673266,PACHACAMAC,646.826,505.926,581.537,En inicio,1
2022223124299900301,1785,C,Mujer,1.46868077775842,PACHACAMAC,645.039,776.489,647.706,En proceso,0
2022223124299900302,1785,C,Mujer,1.06537971461418,PACHACAMAC,568.478,525.601,580.743,En inicio,1
2022223124299900303,1785,C,Mujer,1.73848380229537,PACHACAMAC,701.398,682.1,671.59,Satisfactorio,0
2022223124299900304,1785,C,Hombre,1.41818067891656,PACHACAMAC,654.463,673.999,676.208,Satisfactorio,0
2022223124299900305,1785,C,Mujer,1.4738615790827,PACHACAMAC,654.956,635.806,578.29,En inicio,1
2022223124299900306,1785,C,Mujer,1.33823140925807,PACHACAMAC,711.992, ,589.33,En inicio,1
2022223124299900307,1785,C,Hombre,1.78356987844007,PACHACAMAC,637.155,564.308,631.326,En proceso,0
2022223124299900308,1785,C,Hombre,-0.646781240394657,PACHACAMAC,605.681, ,575.909,En inicio,1
2022223124299900309,1785,C,Mujer,1.52527548856195,PACHACAMAC,557.883,560.321,550.22,En inicio,1
2022223124299900310,1785,C,Mujer,1.42751535216915,PACHACAMAC,654.956,515.313,614.441,En proceso,0
2022223124299900311,1785,C,Hombre,1.30772492305488,PACHACAMAC,583.507,504.126,589.33,En inicio,1
2022223124299900312,1785,C,Hombre,1.49893078291687,PACHACAMAC,657.789,595.556,643.088,En proceso,0
2022223124299900313,1785,C,Hombre,1.30778844845336,PACHACAMAC,687.601,606.873,671.59,Satisfactorio,0
2022223124299900314,1785,C,Mujer,1.81381988359852,PACHACAMAC,729.424,770.445,714.74,Satisfactorio,0
2022223124299900315,1785,C,Mujer,1.50118550809185,PACHACAMAC,889.754,713.606,733.934,Satisfactorio,0
2022223124299900316,1785,C,Hombre,1.72893088357879,PACHACAMAC,694.931,673.999,679.239,Satisfactorio,0
2022223124299900317,1785,C,Hombre,1.11496284279167,PACHACAMAC,628.039,635.806,609.823,En proceso,0
2022223124299900318,1785,C,Hombre,1.57343524576616,PACHACAMAC,645.409,619.089,671.59,Satisfactorio,0
2022223124299900319,1785,C,Mujer,1.35510265854259,PACHACAMAC,654.463,739.582,693.887,Satisfactorio,0
2022223124299900320,1785,C,Mujer, ,PACHACAMAC,581.412,506.44,481.526,Previo al Inicio,1
2022223126707900101,1818,A,Hombre,1.42233455084488,SAN JUAN DE MIRAFLORES,680.333,643.908,662.498,Satisfactorio,0
2022223126707900102,1818,A,Mujer,-0.248116884258846,SAN JUAN DE MIRAFLORES,516.8,463.876,483.258,Previo al Inicio,1
2022223126707900103,1818,A,Mujer,0.56592692072371,SAN JUAN DE MIRAFLORES,571.373,627.448,584.784,En inicio,1
2022223126707900104,1818,A,Hombre,-0.244324148618299,SAN JUAN DE MIRAFLORES,678.116,582.054,610.111,En proceso,0
2022223126707900105,1818,A,Hombre,-0.0405049226875043,SAN JUAN DE MIRAFLORES,740.264,421.568,634.357,En proceso,0
2022223126707900106,1818,A,Hombre,0.712995399351894,SAN JUAN DE MIRAFLORES,599.521,566.623,647.706,En proceso,0
2022223126707900107,1818,A,Hombre,1.16508605531904,SAN JUAN DE MIRAFLORES,619.478,572.924,519.048,Previo al Inicio,1
2022223126707900108,1818,A,Hombre,0.619540223893152,SAN JUAN DE MIRAFLORES,571.373,329.237,525.182,En inicio,1
2022223126707900109,1818,A,Mujer,1.53735292529338,SAN JUAN DE MIRAFLORES,617.137,564.565,633.563,En proceso,0
2022223126707900110,1818,A,Hombre,1.3165415800759,SAN JUAN DE MIRAFLORES,512.365,438.285,544.231,En inicio,1
2022223126707900111,1818,A,Mujer,1.58343872991473,SAN JUAN DE MIRAFLORES,515.506,409.223,451.076,Previo al Inicio,1
2022223126707900112,1818,A,Mujer,1.25685918127284,SAN JUAN DE MIRAFLORES,523.267,483.808,443.571,Previo al Inicio,1
2022223126707900113,1818,A,Hombre,0.410801171612741,SAN JUAN DE MIRAFLORES,571.373,443.686,550.293,En inicio,1
2022223126707900114,1818,A,Mujer,0.504898001400219,SAN JUAN DE MIRAFLORES,625.699,585.269,610.111,En proceso,0
2022223126707900115,1818,A,Mujer,0.244509575869632,SAN JUAN DE MIRAFLORES,813.623,770.445,733.934,Satisfactorio,0
2022223126707900116,1818,A,Mujer,0.521533645996997,SAN JUAN DE MIRAFLORES,655.818,498.853,599.721,En proceso,0
2022223126707900117,1818,A,Mujer,1.05715141099196,SAN JUAN DE MIRAFLORES,657.789,600.571,609.823,En proceso,0
2022223126707900118,1818,A,Hombre,0.449014588752293,SAN JUAN DE MIRAFLORES,701.398,722.222,703.772,Satisfactorio,0
2022223126707900119,1818,A,Mujer,0.490296956356116,SAN JUAN DE MIRAFLORES,617.137,643.908,610.111,En proceso,0
2022223126707900120,1818,A,Hombre,0.355734135986358,SAN JUAN DE MIRAFLORES,604.264,483.936,604.988,En proceso,0
2022223126707900121,1818,A,Hombre,0.810635488098222,SAN JUAN DE MIRAFLORES,635,650.723,662.498,Satisfactorio,0
2022223126707900122,1818,A,Hombre,0.484297395877961,SAN JUAN DE MIRAFLORES,581.967,498.853,620.286,En proceso,0
2022223126707900123,1818,A,Mujer,1.06764475729775,SAN JUAN DE MIRAFLORES,620.586,600.571,593.876,En inicio,1
2022223126707900124,1818,A,Hombre,0.465139256258317,SAN JUAN DE MIRAFLORES,564.844,463.361,522.656,En inicio,1
2022223126707900125,1818,A,Hombre,1.45924505497316,SAN JUAN DE MIRAFLORES,719.692, ,697.062,Satisfactorio,0
2022223126707900126,1818,A,Mujer,1.32114797703188,SAN JUAN DE MIRAFLORES,545.565, ,506.781,Previo al Inicio,1
2022223126707900127,1818,A,Mujer,0.287283594792056,SAN JUAN DE MIRAFLORES,588.989,584.626,590.124,En inicio,1
2022223126707900128,1818,A,Mujer,0.115533411123703,SAN JUAN DE MIRAFLORES,687.601,604.558,686.599,Satisfactorio,0
2022223126707900129,1818,A,Mujer,0.955558154347247,SAN JUAN DE MIRAFLORES,609.007,557.107,550.22,En inicio,1
2022223126707900130,1818,A,Mujer,1.26126003829213,SAN JUAN DE MIRAFLORES,627.916,545.404,535.717,En inicio,1
2022223126707900131,1818,A,Hombre, ,SAN JUAN DE MIRAFLORES,677.315,529.33,615.595,En proceso,0
2022223126707900201,1818,B,Hombre,0.502735589535605,SAN JUAN DE MIRAFLORES,589.604,515.313,569.631,En inicio,1
2022223126707900202,1818,B,Hombre,1.05720577361356,SAN JUAN DE MIRAFLORES,523.083,442.658,560.395,En inicio,1
2022223126707900203,1818,B,Mujer,0.940479907847875,SAN JUAN DE MIRAFLORES,619.478,486.765,545.097,En inicio,1
2022223126707900204,1818,B,Mujer,1.21830995268342,SAN JUAN DE MIRAFLORES,577.347,401.25,461.322,Previo al Inicio,1
2022223126707900205,1818,B,Mujer,1.42273935625593,SAN JUAN DE MIRAFLORES,530.289,468.248,621.44,En proceso,0
2022223126707900206,1818,B,Hombre,0.267261790639386,SAN JUAN DE MIRAFLORES,552.771, ,632.913,En proceso,0
2022223126707900207,1818,B,Hombre,1.22246382461173,SAN JUAN DE MIRAFLORES,655.818,473.777,579.444,En inicio,1
2022223126707900208,1818,B,Hombre,1.26008517080908,SAN JUAN DE MIRAFLORES,611.347,611.502,620.286,En proceso,0
2022223126707900209,1818,B,Mujer,1.28858665577401,SAN JUAN DE MIRAFLORES,620.586,643.908,593.876,En inicio,1
2022223126707900210,1818,B,Mujer,1.50411158424115,SAN JUAN DE MIRAFLORES,634.63, ,588.897,En inicio,1
2022223126707900211,1818,B,Mujer,1.365182887846,SAN JUAN DE MIRAFLORES,568.478,544.89,587.021,En inicio,1
2022223126707900212,1818,B,Hombre,1.66481095789996,SAN JUAN DE MIRAFLORES,568.108,458.603,551.231,En inicio,1
2022223126707900213,1818,B,Mujer,1.29623951661609,SAN JUAN DE MIRAFLORES,555.358,494.61,571.651,En inicio,1
2022223126707900214,1818,B,Mujer,0.84722612403617,SAN JUAN DE MIRAFLORES,645.409,566.623,558.735,En inicio,1
2022223126707900215,1818,B,Mujer,1.49893078291687,SAN JUAN DE MIRAFLORES,609.007,465.29,588.897,En inicio,1
2022223126707900216,1818,B,Mujer,1.30540391210327,SAN JUAN DE MIRAFLORES,540.883,354.828,500.72,Previo al Inicio,1
2022223126707900217,1818,B,Mujer,1.66481095789996,SAN JUAN DE MIRAFLORES,694.931,814.81,723.111,Satisfactorio,0
2022223126707900218,1818,B,Hombre,1.61972488175526,SAN JUAN DE MIRAFLORES,611.347,519.043,747.933,Satisfactorio,0
2022223126707900219,1818,B,Hombre,0.77890594930902,SAN JUAN DE MIRAFLORES,737.862,578.453,749.015,Satisfactorio,0
2022223126707900220,1818,B,Mujer,1.36081502970892,SAN JUAN DE MIRAFLORES,634.63,524.572,633.563,En proceso,0
2022223126707900221,1818,B,Hombre,1.25870910103677,SAN JUAN DE MIRAFLORES,582.46,572.924,552.674,En inicio,1
2022223126707900222,1818,B,Hombre,0.964261832307096,SAN JUAN DE MIRAFLORES,667.46,585.269,634.357,En proceso,0
2022223126707900223,1818,B,Hombre,1.13125106843019,SAN JUAN DE MIRAFLORES,669.8,605.587,590.124,En inicio,1
2022223126707900224,1818,B,Hombre,1.27198046690591,SAN JUAN DE MIRAFLORES,598.597,582.054,634.14,En proceso,0
2022223126707900225,1818,B,Hombre,1.41432545883629,SAN JUAN DE MIRAFLORES,593.547,578.453,599.288,En proceso,0
2022223126707900226,1818,B,Hombre,1.00045452180067,SAN JUAN DE MIRAFLORES,619.724, ,500.72,Previo al Inicio,1
2022223126707900227,1818,B,Mujer,0.685845961473763,SAN JUAN DE MIRAFLORES,616.521,619.089,698.866,Satisfactorio,0
2022223126707900228,1818,B,Mujer,1.66481095789996,SAN JUAN DE MIRAFLORES,683.536,653.681,599.793,En proceso,0
2022223126707900229,1818,B,Hombre, ,SAN JUAN DE MIRAFLORES,578.825,487.408,668.992,Satisfactorio,0
2022223131640500102,1874,A,Mujer,-0.358306141947564,SAN JUAN DE MIRAFLORES,519.633,458.603,461.683,Previo al Inicio,1
2022223131640500105,1874,A,Hombre, ,SAN JUAN DE MIRAFLORES,564.844,595.556,763.735,Satisfactorio,0
2022223131640500106,1874,A,Mujer,1.66481095789996,SAN JUAN DE MIRAFLORES,544.086,463.876,531.82,En inicio,1
2022223131640500107,1874,A,Hombre,0.613626302596001,SAN JUAN DE MIRAFLORES,569.956,506.44,566.817,En inicio,1
2022223131640500108,1874,A,Mujer,0.342445569240064,SAN JUAN DE MIRAFLORES,599.521,396.235,470.414,Previo al Inicio,1
2022223131640500109,1874,A,Hombre,0.627770528142012,SAN JUAN DE MIRAFLORES,596.133,536.017,643.088,En proceso,0
2022223131640500111,1874,A,Hombre,0.413794981405929,SAN JUAN DE MIRAFLORES,593.547,486.765,610.111,En proceso,0
2022223131640500112,1874,A,Hombre, ,SAN JUAN DE MIRAFLORES,448.985,397.135,438.087,Previo al Inicio,1
2022223131640500113,1874,A,Mujer,1.22246382461173,SAN JUAN DE MIRAFLORES,538.112,448.701,524.46,En inicio,1
2022223131640500114,1874,A,Hombre, ,SAN JUAN DE MIRAFLORES,515.876,417.582,536.005,En inicio,1
2022223147727200101,2270,A,Mujer,-0.458884692183448,SAN JUAN DE MIRAFLORES,665.242,572.924,668.776,Satisfactorio,0
2022223147727200102,2270,A,Mujer,0.49151809898637,SAN JUAN DE MIRAFLORES,645.039,707.819,698.866,Satisfactorio,0
2022223147727200103,2270,A,Hombre,0.322011757645152,SAN JUAN DE MIRAFLORES,575.13,605.587,590.124,En inicio,1
2022223147727200104,2270,A,Hombre,-0.199896045639932,SAN JUAN DE MIRAFLORES,598.597,560.321,645.613,En proceso,0
2022223147727200105,2270,A,Hombre,1.0924887484473,SAN JUAN DE MIRAFLORES,644.177,623.718,676.208,Satisfactorio,0
2022223147727200106,2270,A,Mujer,1.01459175698667,SAN JUAN DE MIRAFLORES,645.409,504.126,535.717,En inicio,1
2022223147727200107,2270,A,Mujer,1.01667837480823,SAN JUAN DE MIRAFLORES,545.565,465.29,515.585,Previo al Inicio,1
2022223147727200108,2270,A,Hombre,0.267368646562217,SAN JUAN DE MIRAFLORES,561.887,523.801,571.651,En inicio,1
2022223147727200109,2270,A,Hombre,0.746307255731086,SAN JUAN DE MIRAFLORES,558.13,525.601,533.552,En inicio,1
2022223147727200110,2270,A,Mujer,1.15098486846553,SAN JUAN DE MIRAFLORES,557.883,458.603,569.126,En inicio,1
2022223147727200111,2270,A,Mujer,1.18167689314508,SAN JUAN DE MIRAFLORES,589.604,578.453,624.182,En proceso,0
2022223147727200112,2270,A,Mujer,-0.508793390808515,SAN JUAN DE MIRAFLORES,667.46,588.612,647.706,En proceso,0
2022223147727200113,2270,A,Mujer,0.55790463061278,SAN JUAN DE MIRAFLORES,619.478,507.984,553.828,En inicio,1
2022223147727200114,2270,A,Hombre,1.30540391210327,SAN JUAN DE MIRAFLORES,645.409,585.269,686.599,Satisfactorio,0
2022223147727200115,2270,A,Mujer,0.933170192776501,SAN JUAN DE MIRAFLORES,601.184,544.89,578.867,En inicio,1
2022223147727200116,2270,A,Mujer,0.657038663862052,SAN JUAN DE MIRAFLORES,619.724,560.321,569.631,En inicio,1
2022223147727200117,2270,A,Mujer,0.861496389516257,SAN JUAN DE MIRAFLORES,616.521,536.017,647.706,En proceso,0
2022223147727200118,2270,A,Hombre,0.401660349421521,SAN JUAN DE MIRAFLORES,647.01,611.502,620.286,En proceso,0
2022223147727200119,2270,A,Hombre,-0.405874401859396,SAN JUAN DE MIRAFLORES,488.775,323.065,463.487,Previo al Inicio,1
2022223147727200120,2270,A,Mujer,0.935928270807921,SAN JUAN DE MIRAFLORES,609.007,564.308,599.288,En proceso,0
2022223147727200121,2270,A,Mujer,1.06176445095293,SAN JUAN DE MIRAFLORES,489.452,408.194,500.72,Previo al Inicio,1
2022223147727200122,2270,A,Mujer,0.919806746886793,SAN JUAN DE MIRAFLORES,545.873,478.793,571.146,En inicio,1
2022223147727200123,2270,A,Mujer,0.664197475777107,SAN JUAN DE MIRAFLORES,637.155,536.017,580.743,En inicio,1
2022223147727200124,2270,A,Mujer,0.787443254825751,SAN JUAN DE MIRAFLORES,605.681,566.623,575.909,En inicio,1
2022223147727200125,2270,A,Hombre,0.564691881242737,SAN JUAN DE MIRAFLORES,665.674,572.924,559.601,En inicio,1
2022223147727200126,2270,A,Hombre,1.29257723857318,SAN JUAN DE MIRAFLORES,540.883,463.876,578.29,En inicio,1
2022223147727200127,2270,A,Mujer,0.380225086005574,SAN JUAN DE MIRAFLORES,625.576,564.565,723.111,Satisfactorio,0
2022223147727200128,2270,A,Mujer,0.633377337053264,SAN JUAN DE MIRAFLORES,568.478,299.532,492.494,Previo al Inicio,1
2022223147727200129,2270,A,Mujer,0.417426400999146,SAN JUAN DE MIRAFLORES,675.467,673.999,703.772,Satisfactorio,0
2022223147727200130,2270,A,Hombre,0.937156066586934,SAN JUAN DE MIRAFLORES,586.155,483.808,660.55,Satisfactorio,0
2022223147727200131,2270,A,Mujer,0.521145360934955,SAN JUAN DE MIRAFLORES,504.912,465.29,509.668,Previo al Inicio,1
2022223147727200132,2270,A,Mujer,0.105663772105988,SAN JUAN DE MIRAFLORES,680.333,776.489,622.09,En proceso,0
2022223147727200133,2270,A,Mujer,1.30540391210327,SAN JUAN DE MIRAFLORES,596.133,564.565,609.823,En proceso,0
2022223147727200134,2270,A,Mujer,1.08423034545916,SAN JUAN DE MIRAFLORES,531.521, ,567.25,En inicio,1
2022223147727200135,2270,A,Hombre, ,SAN JUAN DE MIRAFLORES,563.55,578.453,580.743,En inicio,1
2022223147727200201,2270,B,Hombre,0.388002018278718,SAN JUAN DE MIRAFLORES,540.883,452.816,614.441,En proceso,0
2022223147727200202,2270,B,Hombre,0.782737022949196,SAN JUAN DE MIRAFLORES,761.268,611.502,755.726,Satisfactorio,0
2022223147727200203,2270,B,Hombre,0.0109923030387196,SAN JUAN DE MIRAFLORES,603.586,465.29,625.337,En proceso,0
2022223147727200204,2270,B,Hombre,1.58343872991473,SAN JUAN DE MIRAFLORES,636.724,653.681,671.59,Satisfactorio,0
2022223147727200205,2270,B,Mujer,1.53106306282909,SAN JUAN DE MIRAFLORES,564.844,448.701,540.984,En inicio,1
2022223147727200206,2270,B,Hombre,1.17737774846704,SAN JUAN DE MIRAFLORES,719.692,713.606,707.957,Satisfactorio,0
2022223147727200207,2270,B,Hombre,0.0149159322667187,SAN JUAN DE MIRAFLORES,635,578.453,698.866,Satisfactorio,0
2022223147727200208,2270,B,Mujer,0.900215693462716,SAN JUAN DE MIRAFLORES,647.01,611.502,545.097,En inicio,1
2022223147727200209,2270,B,Mujer,1.66481095789996,SAN JUAN DE MIRAFLORES,664.626,550.934,584.784,En inicio,1
2022223147727200210,2270,B,Hombre,1.38834399959482,SAN JUAN DE MIRAFLORES,644.177,463.876,610.111,En proceso,0
2022223147727200211,2270,B,Hombre,0.0566953220146408,SAN JUAN DE MIRAFLORES,596.873,584.626,552.674,En inicio,1
2022223147727200212,2270,B,Mujer,0.760991498143569,SAN JUAN DE MIRAFLORES,599.521,604.558,599.721,En proceso,0
2022223147727200213,2270,B,Hombre,0.540171703664577,SAN JUAN DE MIRAFLORES,611.347,494.61,631.326,En proceso,0
2022223147727200214,2270,B,Hombre,0.0743456093444801,SAN JUAN DE MIRAFLORES,613.01,399.964,603.329,En proceso,0
2022223147727200215,2270,B,Hombre,1.27309814655046,SAN JUAN DE MIRAFLORES,678.116,572.924,599.288,En proceso,0
2022223147727200216,2270,B,Mujer,0.653589192163282,SAN JUAN DE MIRAFLORES,568.478,422.725,587.021,En inicio,1
2022223147727200217,2270,B,Mujer,1.1401458611051,SAN JUAN DE MIRAFLORES,599.521,487.408,560.395,En inicio,1
2022223147727200218,2270,B,Mujer,1.04532483560488,SAN JUAN DE MIRAFLORES,575.13,438.285,519.048,Previo al Inicio,1
2022223147727200219,2270,B,Hombre,0.666014150691232,SAN JUAN DE MIRAFLORES,584.8,386.333,558.735,En inicio,1
2022223147727200220,2270,B,Mujer,0.895316181429652,SAN JUAN DE MIRAFLORES,625.699,566.623,550.22,En inicio,1
2022223147727200221,2270,B,Mujer,0.180098882622817,SAN JUAN DE MIRAFLORES,533.862,374.76,472.001,Previo al Inicio,1
2022223147727200222,2270,B,Mujer,1.4102689639907,SAN JUAN DE MIRAFLORES,625.576,503.868,560.395,En inicio,1
2022223147727200223,2270,B,Mujer,1.23933507389625,SAN JUAN DE MIRAFLORES,596.133,428.769,545.097,En inicio,1
2022223147727200224,2270,B,Hombre,-0.203014903632799,SAN JUAN DE MIRAFLORES,524.746,417.582,499.782,Previo al Inicio,1
2022223147727200225,2270,B,Hombre,0.301553389783184,SAN JUAN DE MIRAFLORES,550.985, ,513.492,Previo al Inicio,1
2022223147727200226,2270,B,Mujer,0.748757625025037,SAN JUAN DE MIRAFLORES,654.956, ,595.896,En inicio,1
2022223147727200227,2270,B,Hombre,0.0411292021310578,SAN JUAN DE MIRAFLORES,625.576,619.089,634.357,En proceso,0
2022223147727200228,2270,B,Hombre,0.413220030797172,SAN JUAN DE MIRAFLORES,523.267,378.746,553.828,En inicio,1
2022223147727200229,2270,B,Mujer,1.13380200568556,SAN JUAN DE MIRAFLORES,538.296,448.701,508.369,Previo al Inicio,1
2022223147727200230,2270,B,Mujer,0.713377700349239,SAN JUAN DE MIRAFLORES,557.883,458.603,504.328,Previo al Inicio,1
2022223147727200231,2270,B,Mujer,0.406107465498154,SAN JUAN DE MIRAFLORES,611.902,494.61,561.116,En inicio,1
2022223147727200232,2270,B,Hombre,0.521026263349434,SAN JUAN DE MIRAFLORES,583.507,635.806,599.721,En proceso,0
2022223147727200233,2270,B,Mujer,1.13913315165509,SAN JUAN DE MIRAFLORES,536.079,550.934,483.258,Previo al Inicio,1
2022223147727200234,2270,B,Hombre,1.43920580012939,SAN JUAN DE MIRAFLORES,620.586,523.801,658.024,Satisfactorio,0
2022223147727200235,2270,B,Mujer,0.628287225557299,SAN JUAN DE MIRAFLORES,593.547,312.006,513.492,Previo al Inicio,1
2022223147727200236,2270,B,Hombre,0.521533645996997,SAN JUAN DE MIRAFLORES,654.956,560.321,614.441,En proceso,0
2022223147727200237,2270,B,Mujer, ,SAN JUAN DE MIRAFLORES,621.572,734.31,615.595,En proceso,0
2022223147727200238,2270,B,Mujer, ,SAN JUAN DE MIRAFLORES,688.217, ,518.038,Previo al Inicio,1
2022223176889400101,2672,A,Hombre,0.243529413724872,SAN JUAN DE MIRAFLORES,575.13,473.777,590.124,En inicio,1
2022223176889400102,2672,A,Mujer,0.701066239871098,SAN JUAN DE MIRAFLORES,654.648,588.612,671.59,Satisfactorio,0
2022223176889400103,2672,A,Mujer,-0.0216983051550135,SAN JUAN DE MIRAFLORES,586.155,421.439,550.22,En inicio,1
2022223176889400104,2672,A,Hombre,0.454442985433383,SAN JUAN DE MIRAFLORES,627.916,523.801,552.674,En inicio,1
2022223176889400105,2672,A,Mujer,0.626137926951945,SAN JUAN DE MIRAFLORES,680.333, ,599.721,En proceso,0
2022223176889400106,2672,A,Mujer,1.19792193136439,SAN JUAN DE MIRAFLORES,581.967,560.321,553.828,En inicio,1
2022223176889400107,2672,A,Mujer,0.270038323027297,SAN JUAN DE MIRAFLORES,531.521,536.017,508.369,Previo al Inicio,1
2022223176889400108,2672,A,Hombre,0.00633504637647316,SAN JUAN DE MIRAFLORES,571.865,566.623,660.55,Satisfactorio,0
2022223176889400109,2672,A,Mujer,-0.435852524742255,SAN JUAN DE MIRAFLORES,636.416,507.984,595.896,En inicio,1
2022223176889400110,2672,A,Mujer, ,SAN JUAN DE MIRAFLORES,656.804,564.308,644.964,En proceso,0
2022223119788800101,1722,A,Mujer,0.889638634818813,VILLA EL SALVADOR,605.681,529.33,508.369,Previo al Inicio,1
2022223119788800102,1722,A,Hombre,0.803388017285661,VILLA EL SALVADOR,617.137,585.269,599.288,En proceso,0
2022223119788800103,1722,A,Hombre,0.583872024448083,VILLA EL SALVADOR,688.895,734.438,733.934,Satisfactorio,0
2022223119788800104,1722,A,Mujer,0.926945017579205,VILLA EL SALVADOR,607.898,539.489,589.33,En inicio,1
2022223119788800105,1722,A,Hombre,0.588409081812541,VILLA EL SALVADOR,568.478,452.816,599.793,En proceso,0
2022223119788800106,1722,A,Mujer,0.566619722141691,VILLA EL SALVADOR,584.8,504.126,567.25,En inicio,1
2022223119788800107,1722,A,Hombre,0.306585391441736,VILLA EL SALVADOR,692.221,670.398,588.897,En inicio,1
2022223119788800108,1722,A,Mujer,0.35789561887272,VILLA EL SALVADOR,547.782,401.25,472.001,Previo al Inicio,1
2022223119788800109,1722,A,Mujer,0.617292119590204,VILLA EL SALVADOR,680.333,650.723,634.357,En proceso,0
2022223119788800110,1722,A,Mujer,0.6350974613106,VILLA EL SALVADOR,628.039,682.1,655.715,Satisfactorio,0
2022223119788800111,1722,A,Hombre,1.07685220363338,VILLA EL SALVADOR,531.521, ,463.487,Previo al Inicio,1
2022223119788800112,1722,A,Mujer,1.08594414052379,VILLA EL SALVADOR,593.547,588.612,599.288,En proceso,0
2022223119788800113,1722,A,Hombre,0.573214902962189,VILLA EL SALVADOR,526.84,486.765,518.471,Previo al Inicio,1
2022223119788800114,1722,A,Mujer,0.164806227099388,VILLA EL SALVADOR,592.869, ,649.798,Satisfactorio,0
2022223119788800115,1722,A,Mujer,1.21367592356585,VILLA EL SALVADOR,628.039,703.447,620.286,En proceso,0
2022223119788800116,1722,A,Mujer,1.41544976531498,VILLA EL SALVADOR,538.296,373.988,499.782,Previo al Inicio,1
2022223119788800117,1722,A,Mujer,0.15415773818695,VILLA EL SALVADOR,550.985,409.223,495.02,Previo al Inicio,1
2022223119788800118,1722,A,Hombre,1.11809426123101,VILLA EL SALVADOR,575.438,566.623,552.674,En inicio,1
2022223119788800119,1722,A,Hombre,1.58821472582796,VILLA EL SALVADOR,560.532,529.33,679.239,Satisfactorio,0
2022223132703000101,1907,A,Hombre,0.501039207384198,VILLA EL SALVADOR,757.203,619.089,740.356,Satisfactorio,0
2022223132703000102,1907,A,Mujer,0.801142179192405,VILLA EL SALVADOR,654.956,679.528,645.036,En proceso,0
2022223132703000103,1907,A,Mujer,1.23031201413912,VILLA EL SALVADOR,635, ,610.544,En proceso,0
2022223132703000104,1907,A,Mujer,0.840603527563286,VILLA EL SALVADOR,548.891,396.235,536.438,En inicio,1
2022223132703000105,1907,A,Hombre,0.730377562601788,VILLA EL SALVADOR,590.282,578.453,545.458,En inicio,1
2022223132703000106,1907,A,Hombre,0.494395125890744,VILLA EL SALVADOR,523.329,399.964,475.898,Previo al Inicio,1
2022223132703000107,1907,A,Mujer,0.923268689906955,VILLA EL SALVADOR,619.724,465.29,535.717,En inicio,1
2022223132703000108,1907,A,Mujer,0.238504954344446,VILLA EL SALVADOR,591.452,585.269,589.33,En inicio,1
2022223132703000110,1907,A,Mujer,0.407510112750324,VILLA EL SALVADOR,654.648,544.89,658.024,Satisfactorio,0
2022223132703000111,1907,A,Hombre,-0.533944571269495,VILLA EL SALVADOR,634.63, ,522.656,En inicio,1
2022223132703000112,1907,A,Mujer,0.60316067330966,VILLA EL SALVADOR,636.416, ,544.231,En inicio,1
2022223132703000113,1907,A,Mujer,-0.0396361687424925,VILLA EL SALVADOR,583.507,443.686,560.395,En inicio,1
2022223132703000114,1907,A,Mujer, ,VILLA EL SALVADOR,599.46,606.873,573.022,En inicio,1
2022223132703000115,1907,A,Hombre, ,VILLA EL SALVADOR,310.521, ,399.339,Previo al Inicio,1
2022223132703000116,1907,A,Mujer, ,VILLA EL SALVADOR,669.123,682.1,580.743,En inicio,1
2022223137058400101,2032,A,Hombre,0.444631668160949,VILLA EL SALVADOR,523.083,431.341,506.781,Previo al Inicio,1
2022223137058400102,2032,A,Hombre,0.539625406631125,VILLA EL SALVADOR,588.989,611.502,580.743,En inicio,1
2022223137058400103,2032,A,Mujer,0.718057870435431,VILLA EL SALVADOR,620.586,550.934,541.922,En inicio,1
2022223137058400104,2032,A,Mujer,0.674610535692152,VILLA EL SALVADOR,564.844,422.725,540.984,En inicio,1
2022223137058400105,2032,A,Mujer,0.530933300944136,VILLA EL SALVADOR,596.873,544.89,604.988,En proceso,0
2022223137058400106,2032,A,Mujer,0.214110364639113,VILLA EL SALVADOR,694.931,654.067,599.721,En proceso,0
2022223137058400107,2032,A,Hombre,0.633286896377376,VILLA EL SALVADOR,637.155,648.023,599.793,En proceso,0
2022223137058400108,2032,A,Hombre,1.10381217449928,VILLA EL SALVADOR,636.724,690.202,634.14,En proceso,0
2022223137058400109,2032,A,Hombre,0.615251384826217,VILLA EL SALVADOR,617.137,507.984,646.479,En proceso,0
2022223137058400110,2032,A,Mujer,0.925929938060494,VILLA EL SALVADOR,589.604,463.876,518.471,Previo al Inicio,1
2022223137058400111,2032,A,Hombre,1.24143977833642,VILLA EL SALVADOR,583.507,506.44,560.395,En inicio,1
2022223137058400112,2032,A,Mujer,0.850438411973262,VILLA EL SALVADOR,588.989,373.988,580.743,En inicio,1
2022223137058400113,2032,A,Mujer,1.33802706619027,VILLA EL SALVADOR,620.586,494.61,603.329,En proceso,0
2022223137058400114,2032,A,Mujer,0.978194286578375,VILLA EL SALVADOR,578.949,399.964,646.479,En proceso,0
2022223137058400115,2032,A,Mujer,-0.515361723114667,VILLA EL SALVADOR,611.902,619.089,552.674,En inicio,1
2022223137058400116,2032,A,Mujer,-0.103396132161391,VILLA EL SALVADOR,667.46,585.269,610.544,En proceso,0
2022223137058400117,2032,A,Hombre,1.14586759253973,VILLA EL SALVADOR,548.891, ,553.828,En inicio,1
2022223137058400118,2032,A,Hombre,0.851800614105148,VILLA EL SALVADOR,584.8,417.582,645.613,En proceso,0
2022223137058400119,2032,A,Hombre,0.430127299267061,VILLA EL SALVADOR,625.699,771.088,676.208,Satisfactorio,0
2022223137058400120,2032,A,Mujer,0.0457478920371845,VILLA EL SALVADOR,582.46,504.126,561.116,En inicio,1
2022223137058400121,2032,A,Mujer,0.395532111184657,VILLA EL SALVADOR,538.112,486.765,579.444,En inicio,1
2022223137058400122,2032,A,Hombre,0.898139001144821,VILLA EL SALVADOR,581.967,629.634,643.088,En proceso,0
2022223137058400123,2032,A,Mujer,0.903420852001767,VILLA EL SALVADOR,564.72,544.89,575.909,En inicio,1
2022223137058400124,2032,A,Mujer,1.00889426415601,VILLA EL SALVADOR,593.547,539.489,531.82,En inicio,1
2022223137058400125,2032,A,Hombre,0.298020917275658,VILLA EL SALVADOR,676.453,673.999,587.021,En inicio,1
2022223137058400126,2032,A,Mujer,0.697862288631313,VILLA EL SALVADOR,655.818,611.502,560.395,En inicio,1
2022223137058400127,2032,A,Hombre,0.418530427896246,VILLA EL SALVADOR,657.789,670.398,684.795,Satisfactorio,0
2022223137058400128,2032,A,Hombre,0.728104954233423,VILLA EL SALVADOR,578.025,606.873,541.922,En inicio,1
2022223137058400129,2032,A,Mujer,0.512732416397954,VILLA EL SALVADOR,654.463,627.448,693.887,Satisfactorio,0
2022223137058400130,2032,A,Mujer,0.651485003291364,VILLA EL SALVADOR,604.264,560.321,569.631,En inicio,1
2022223137058400131,2032,A,Mujer,0.904172485337009,VILLA EL SALVADOR,616.521,578.453,622.09,En proceso,0
2022223137058400132,2032,A,Mujer,0.765414066707269,VILLA EL SALVADOR,628.039,722.222,562.704,En inicio,1
2022223137058400133,2032,A,Hombre, ,VILLA EL SALVADOR,550.923,323.065,520.203,En inicio,1
2022223137058400134,2032,A,Hombre, ,VILLA EL SALVADOR,748.333,585.269,757.458,Satisfactorio,0
2022223142347400101,2194,A,Hombre,0.616221638703123,VILLA EL SALVADOR,593.547,550.934,513.492,Previo al Inicio,1
2022223142347400102,2194,A,Mujer,1.07863570023744,VILLA EL SALVADOR,589.604,463.876,509.668,Previo al Inicio,1
2022223142347400103,2194,A,Hombre,1.11774256552664,VILLA EL SALVADOR,630.688,650.723,676.93,Satisfactorio,0
2022223142347400104,2194,A,Hombre,0.378753324175052,VILLA EL SALVADOR,496.905, ,571.651,En inicio,1
2022223142347400105,2194,A,Hombre,-0.0800067320688817,VILLA EL SALVADOR,620.586,702.418,613.07,En proceso,0
2022223142347400106,2194,A,Mujer,0.617675972517779,VILLA EL SALVADOR,578.949,588.612,569.126,En inicio,1
2022223142347400107,2194,A,Hombre,0.584094725714005,VILLA EL SALVADOR,645.409,731.609,624.182,En proceso,0
2022223142347400108,2194,A,Mujer,0.575859887359695,VILLA EL SALVADOR,507.869,378.746,538.242,En inicio,1
2022223142347400109,2194,A,Hombre,0.789209300482027,VILLA EL SALVADOR,628.039,506.44,590.124,En inicio,1
2022223142347400110,2194,A,Mujer,0.476570099335254,VILLA EL SALVADOR,645.409,519.043,634.14,En proceso,0
2022223142347400111,2194,A,Mujer,0.547078253106678,VILLA EL SALVADOR,625.699,536.017,633.563,En proceso,0
2022223142347400112,2194,A,Hombre,-0.0213350587514151,VILLA EL SALVADOR,636.416,545.404,527.13,En inicio,1
2022223142347400113,2194,A,Mujer,0.566619722141691,VILLA EL SALVADOR,645.039,550.934,569.775,En inicio,1
2022223142347400114,2194,A,Hombre,0.623115345599289,VILLA EL SALVADOR,529.673,378.746,492.494,Previo al Inicio,1
2022223142347400115,2194,A,Mujer,1.00900773084541,VILLA EL SALVADOR,613.01,487.408,567.25,En inicio,1
2022223142347400116,2194,A,Mujer,0.717247469097733,VILLA EL SALVADOR,644.177,478.793,559.601,En inicio,1
2022223142347400117,2194,A,Mujer,0.699808082874643,VILLA EL SALVADOR,611.902, ,535.717,En inicio,1
2022223142347400118,2194,A,Mujer,1.14109159662651,VILLA EL SALVADOR,553.017,524.572,579.444,En inicio,1
2022223142347400119,2194,A,Hombre,0.831537090444517,VILLA EL SALVADOR,588.989,529.33,620.286,En proceso,0
2022223142347400120,2194,A,Mujer,0.9627979394277,VILLA EL SALVADOR,544.949,329.237,508.369,Previo al Inicio,1
2022223142347400121,2194,A,Hombre,0.664896138310278,VILLA EL SALVADOR,593.547,487.408,646.479,En proceso,0
2022223142347400122,2194,A,Mujer,0.779760410058646,VILLA EL SALVADOR,645.409,519.043,614.441,En proceso,0
2022223142347400123,2194,A,Mujer,-0.746013760666715,VILLA EL SALVADOR,694.931,702.418,698.866,Satisfactorio,0
2022223142347400124,2194,A,Hombre,0.186031004413416,VILLA EL SALVADOR,548.891,545.404,643.088,En proceso,0
2022223142347400125,2194,A,Hombre,0.48224745804849,VILLA EL SALVADOR,598.597,572.924,525.182,En inicio,1
2022223142347400126,2194,A,Hombre,0.732880950146649,VILLA EL SALVADOR,625.76,653.681,830.193,Satisfactorio,0
2022223147523500101,2268,A,Hombre,1.22127271897311,VILLA EL SALVADOR,625.576, ,599.721,En proceso,0
2022223147523500102,2268,A,Hombre,0.721712347763314,VILLA EL SALVADOR,611.347,628.476,669.497,Satisfactorio,0
2022223147523500103,2268,A,Mujer,1.23072222759987,VILLA EL SALVADOR,628.471,600.571,584.784,En inicio,1
2022223147523500104,2268,A,Hombre,0.258525736629679,VILLA EL SALVADOR,692.221,661.782,633.563,En proceso,0
2022223147523500105,2268,A,Mujer,0.991136935406536,VILLA EL SALVADOR,554.68,465.29,509.668,Previo al Inicio,1
2022223147523500106,2268,A,Mujer,1.10732481943354,VILLA EL SALVADOR,645.039, ,579.444,En inicio,1
2022223147523500107,2268,A,Hombre,0.312589231908507,VILLA EL SALVADOR,747.101,814.81,669.497,Satisfactorio,0
2022223147523500108,2268,A,Hombre,1.06676314813207,VILLA EL SALVADOR,664.626,794.62,749.015,Satisfactorio,0
2022223147523500109,2268,A,Mujer,1.09389673086514,VILLA EL SALVADOR,544.086,362.286,485.567,Previo al Inicio,1
2022223147523500110,2268,A,Hombre,1.0704042375078,VILLA EL SALVADOR,561.579,588.612,518.471,Previo al Inicio,1
2022223147523500111,2268,A,Mujer,0.991136935406536,VILLA EL SALVADOR,607.898,465.29,497.834,Previo al Inicio,1
2022223147523500112,2268,A,Hombre,0.779029626343899,VILLA EL SALVADOR,709.713,707.819,700.381,Satisfactorio,0
2022223147523500113,2268,A,Mujer,0.451600134942034,VILLA EL SALVADOR,613.01,605.587,671.59,Satisfactorio,0
2022223147523500114,2268,A,Hombre,1.1155540619828,VILLA EL SALVADOR,601.184,628.476,588.897,En inicio,1
2022223147523500115,2268,A,Hombre,0.537868804133172,VILLA EL SALVADOR,575.438, ,527.13,En inicio,1
2022223147523500116,2268,A,Hombre,1.17165601703241,VILLA EL SALVADOR,694.931,588.612,634.357,En proceso,0
2022223147523500117,2268,A,Hombre,0.483943396731185,VILLA EL SALVADOR,611.347,643.908,609.823,En proceso,0
2022223147523500118,2268,A,Mujer,1.04562325977078,VILLA EL SALVADOR,510.825,329.237,516.811,Previo al Inicio,1
2022223147523500119,2268,A,Hombre,1.31871603020278,VILLA EL SALVADOR,609.007,605.587,599.288,En proceso,0
2022223147523500120,2268,A,Hombre,0.324909584843826,VILLA EL SALVADOR,627.916,628.476,561.116,En inicio,1
2022223147523500121,2268,A,Mujer,0.668072262708474,VILLA EL SALVADOR,592.869,648.023,606.864,En proceso,0
2022223147523500122,2268,A,Mujer,0.842336034320697,VILLA EL SALVADOR,619.478,421.568,609.823,En proceso,0
2022223147523500123,2268,A,Mujer,0.905209934839935,VILLA EL SALVADOR,765.272,670.398,749.015,Satisfactorio,0
2022223147523500124,2268,A,Hombre,1.53106306282909,VILLA EL SALVADOR,665.674,503.868,633.563,En proceso,0
2022223147523500125,2268,A,Hombre,0.713628340208938,VILLA EL SALVADOR,568.478,408.194,614.441,En proceso,0
2022223147523500126,2268,A,Mujer,1.09181011304358,VILLA EL SALVADOR,694.931,604.558,647.706,En proceso,0
2022223147523500127,2268,A,Mujer,0.572177798408143,VILLA EL SALVADOR,548.891,494.61,519.048,Previo al Inicio,1
2022223147523500128,2268,A,Hombre,0.445028149279083,VILLA EL SALVADOR,701.398,690.202,671.59,Satisfactorio,0
2022223147523500129,2268,A,Hombre,0.0876009178704371,VILLA EL SALVADOR,654.463,595.556,693.887,Satisfactorio,0
2022223147523500130,2268,A,Hombre,0.092037486119797,VILLA EL SALVADOR,556.467, ,411.172,Previo al Inicio,1
2022223147523500131,2268,A,Hombre, ,VILLA EL SALVADOR,701.583,703.447,615.595,En proceso,0
2022223147523500201,2268,B,Hombre,0.846816662430644,VILLA EL SALVADOR,620.586,578.453,645.613,En proceso,0
2022223147523500202,2268,B,Mujer,0.805157196778387,VILLA EL SALVADOR,654.463,635.806,621.44,En proceso,0
2022223147523500203,2268,B,Hombre,1.1885538210579,VILLA EL SALVADOR,665.242,595.556,682.125,Satisfactorio,0
2022223147523500204,2268,B,Mujer,0.0243534641711223,VILLA EL SALVADOR,599.521,443.558,634.357,En proceso,0
2022223147523500205,2268,B,Mujer,-0.198943537223911,VILLA EL SALVADOR,657.789,408.194,510.317,Previo al Inicio,1
2022223147523500206,2268,B,Mujer,-0.417061479974015,VILLA EL SALVADOR,591.637,560.321,533.552,En inicio,1
2022223147523500207,2268,B,Mujer,0.456840410488136,VILLA EL SALVADOR,617.137,409.223,559.601,En inicio,1
2022223147523500208,2268,B,Mujer,0.606422646016731,VILLA EL SALVADOR,611.902,483.808,481.959,Previo al Inicio,1
2022223147523500209,2268,B,Mujer,0.689481075086831,VILLA EL SALVADOR,607.898,595.556,662.498,Satisfactorio,0
2022223147523500210,2268,B,Hombre,0.183372856763577,VILLA EL SALVADOR,568.478,523.801,590.124,En inicio,1
2022223147523500211,2268,B,Hombre,1.53835265377004,VILLA EL SALVADOR,654.648,650.723,686.599,Satisfactorio,0
2022223147523500212,2268,B,Mujer,1.29696828746101,VILLA EL SALVADOR,802.721,794.62,693.887,Satisfactorio,0
2022223147523500213,2268,B,Mujer,0.976791738595072,VILLA EL SALVADOR,611.902,515.313,544.231,En inicio,1
2022223147523500214,2268,B,Mujer,1.2167420931771,VILLA EL SALVADOR,553.017,524.572,560.395,En inicio,1
2022223147523500215,2268,B,Mujer,1.3714727503103,VILLA EL SALVADOR,542.485,421.439,492.494,Previo al Inicio,1
2022223147523500216,2268,B,Hombre,0.336234868330125,VILLA EL SALVADOR,603.648,443.558,577.063,En inicio,1
2022223147523500217,2268,B,Mujer,0.571135562558429,VILLA EL SALVADOR,479.104,312.006,466.012,Previo al Inicio,1
2022223147523500218,2268,B,Mujer,1.58947487659681,VILLA EL SALVADOR,665.242,498.853,569.631,En inicio,1
2022223147523500219,2268,B,Mujer,0.85142032381006,VILLA EL SALVADOR,655.818,673.999,662.498,Satisfactorio,0
2022223147523500220,2268,B,Mujer,0.806440647609092,VILLA EL SALVADOR,628.039,545.404,655.715,Satisfactorio,0
2022223147523500221,2268,B,Mujer,0.892909448769977,VILLA EL SALVADOR,564.72,294.26,508.369,Previo al Inicio,1
2022223147523500222,2268,B,Mujer,0.259670573050472,VILLA EL SALVADOR,634.63,543.861,621.44,En proceso,0
2022223147523500223,2268,B,Hombre,-0.148733994705697,VILLA EL SALVADOR,636.416,564.565,645.036,En proceso,0
2022223147523500224,2268,B,Hombre,0.927972783043867,VILLA EL SALVADOR,576.177,524.315,562.848,En inicio,1
2022223147523500225,2268,B,Hombre,0.472796929937925,VILLA EL SALVADOR,619.478,600.571,620.286,En proceso,0
2022223147523500226,2268,B,Hombre,1.02605375632236,VILLA EL SALVADOR,571.373,524.572,550.293,En inicio,1
2022223147523500227,2268,B,Mujer,0.687295690061354,VILLA EL SALVADOR,665.674,507.984,588.897,En inicio,1
2022223147523500228,2268,B,Hombre,0.459076787721271,VILLA EL SALVADOR,596.257,463.876,518.832,Previo al Inicio,1
2022223147523500229,2268,B,Mujer,-0.32670573934995,VILLA EL SALVADOR,607.898,363.701,551.231,En inicio,1
2022223147523500230,2268,B,Mujer,-0.0839076039068897,VILLA EL SALVADOR,588.989,498.853,562.704,En inicio,1
2022223147523500231,2268,B,Hombre,0.424433752123203,VILLA EL SALVADOR,551.539, ,453.601,Previo al Inicio,1
2022223087252300101,1275,A,Hombre,1.13605673086054,VILLA MARIA DEL TRIUNFO,586.155,421.439,531.82,En inicio,1
2022223087252300102,1275,A,Hombre,0.370671825125296,VILLA MARIA DEL TRIUNFO,619.724,564.308,634.357,En proceso,0
2022223087252300103,1275,A,Mujer,0.899904079967257,VILLA MARIA DEL TRIUNFO,636.17,610.73,628.151,En proceso,0
2022223087252300104,1275,A,Hombre,1.4102689639907,VILLA MARIA DEL TRIUNFO,561.887,478.793,655.715,Satisfactorio,0
2022223087252300105,1275,A,Hombre,0.905678265649467,VILLA MARIA DEL TRIUNFO,571.373,409.223,516.811,Previo al Inicio,1
2022223087252300106,1275,A,Hombre,-0.580810465162945,VILLA MARIA DEL TRIUNFO,593.547,463.361,531.82,En inicio,1
2022223087252300107,1275,A,Hombre,0.582526866207686,VILLA MARIA DEL TRIUNFO,540.883,465.29,527.13,En inicio,1
2022223087252300108,1275,A,Hombre,-0.152327966894491,VILLA MARIA DEL TRIUNFO,530.597,422.725,542.211,En inicio,1
2022223087252300109,1275,A,Mujer,-0.0111330729524832,VILLA MARIA DEL TRIUNFO,581.967,564.565,545.097,En inicio,1
2022223087252300110,1275,A,Hombre,0.462210567580507,VILLA MARIA DEL TRIUNFO,496.351,373.988,533.552,En inicio,1
2022223087252300111,1275,A,Hombre,0.953864359919188,VILLA MARIA DEL TRIUNFO,516.307,386.333,485.567,Previo al Inicio,1
2022223087252300112,1275,A,Hombre,0.789882998512566,VILLA MARIA DEL TRIUNFO,568.478,377.46,472.001,Previo al Inicio,1
2022223087252300113,1275,A,Hombre,1.18490249811924,VILLA MARIA DEL TRIUNFO,575.746,507.984,647.706,En proceso,0
2022223087252300114,1275,A,Mujer,0.0815277227955813,VILLA MARIA DEL TRIUNFO,555.358,443.558,527.779,En inicio,1
2022223087252300115,1275,A,Hombre,0.252332559762745,VILLA MARIA DEL TRIUNFO,564.72,408.194,525.182,En inicio,1
2022223087252300116,1275,A,Hombre,0.57637783338771,VILLA MARIA DEL TRIUNFO,625.699,628.476,599.288,En proceso,0
2022223087252300117,1275,A,Mujer,0.0440691761479074,VILLA MARIA DEL TRIUNFO,512.365,494.61,450.715,Previo al Inicio,1
2022223087252300118,1275,A,Hombre,-0.279112059950605,VILLA MARIA DEL TRIUNFO,576.177,434.685,554.261,En inicio,1
2022223087252300119,1275,A,Mujer,0.713123319259011,VILLA MARIA DEL TRIUNFO,529.673,465.29,599.793,En proceso,0
2022223087252300120,1275,A,Mujer,0.207058201696913,VILLA MARIA DEL TRIUNFO,524.746,422.725,550.293,En inicio,1
2022223087252300121,1275,A,Mujer,0.450465172221695,VILLA MARIA DEL TRIUNFO,586.155,428.769,588.897,En inicio,1
2022223087252300122,1275,A,Mujer,0.573866476160013,VILLA MARIA DEL TRIUNFO,582.46,438.285,578.29,En inicio,1
2022223087252300124,1275,A,Hombre,-0.794977591256889,VILLA MARIA DEL TRIUNFO,536.079,463.361,545.097,En inicio,1
2022223087252300125,1275,A,Mujer,-0.6131763498872,VILLA MARIA DEL TRIUNFO,455.883,323.065,408.358,Previo al Inicio,1
2022223087252300126,1275,A,Mujer,-0.0999261166394776,VILLA MARIA DEL TRIUNFO,557.883, ,559.601,En inicio,1
2022223087252300127,1275,A,Hombre, ,VILLA MARIA DEL TRIUNFO,494.626,448.701,536.799,En inicio,1
2022223087252300128,1275,A,Hombre, ,VILLA MARIA DEL TRIUNFO,621.572,713.606,644.964,En proceso,0
2022223087252300129,1275,A,Mujer, ,VILLA MARIA DEL TRIUNFO,474.608,329.237,419.903,Previo al Inicio,1
2022223087252300130,1275,A,Mujer, ,VILLA MARIA DEL TRIUNFO,522.528,399.964,574.61,En inicio,1
2022223103452900301,1459,C,Mujer,1.29229594928197,VILLA MARIA DEL TRIUNFO,596.133,473.777,536.438,En inicio,1
2022223103452900302,1459,C,Mujer,0.895316181429652,VILLA MARIA DEL TRIUNFO,636.724,566.623,623.316,En proceso,0
2022223103452900303,1459,C,Hombre,-0.445178674607882,VILLA MARIA DEL TRIUNFO,708.851,619.089,830.193,Satisfactorio,0
2022223103452900304,1459,C,Hombre,0.896947895506203,VILLA MARIA DEL TRIUNFO,676.453,543.861,682.125,Satisfactorio,0
2022223103452900305,1459,C,Hombre,0.950234476809826,VILLA MARIA DEL TRIUNFO,667.46,650.723,679.239,Satisfactorio,0
2022223103452900306,1459,C,Hombre,1.0633483375819,VILLA MARIA DEL TRIUNFO,657.42,604.558,646.696,En proceso,0
2022223103452900307,1459,C,Mujer,1.06104141669744,VILLA MARIA DEL TRIUNFO,654.648,578.453,623.316,En proceso,0
2022223103452900308,1459,C,Mujer,0.492232274740539,VILLA MARIA DEL TRIUNFO,654.463,504.126,588.897,En inicio,1
2022223103452900309,1459,C,Mujer,1.05720577361356,VILLA MARIA DEL TRIUNFO,665.242,643.908,697.062,Satisfactorio,0
2022223103452900310,1459,C,Hombre,1.54522041890598,VILLA MARIA DEL TRIUNFO,545.565,483.936,589.33,En inicio,1
2022223103452900311,1459,C,Hombre,0.181158251357468,VILLA MARIA DEL TRIUNFO,596.133,448.701,571.651,En inicio,1
2022223103452900312,1459,C,Mujer,0.563581369543349,VILLA MARIA DEL TRIUNFO,538.296,438.285,453.601,Previo al Inicio,1
2022223103452900313,1459,C,Hombre,1.45446683075709,VILLA MARIA DEL TRIUNFO,625.699,648.023,740.356,Satisfactorio,0
2022223103452900314,1459,C,Hombre,0.693747795316115,VILLA MARIA DEL TRIUNFO,654.956,722.222,697.062,Satisfactorio,0
2022223103452900315,1459,C,Hombre,1.07973267631215,VILLA MARIA DEL TRIUNFO,711.992,643.908,662.498,Satisfactorio,0
2022223103452900316,1459,C,Hombre,1.45902550809646,VILLA MARIA DEL TRIUNFO,647.01,523.801,669.497,Satisfactorio,0
2022223103452900317,1459,C,Hombre,1.66481095789996,VILLA MARIA DEL TRIUNFO,591.637,564.565,584.784,En inicio,1
2022223103452900318,1459,C,Mujer,0.60305944840824,VILLA MARIA DEL TRIUNFO,609.007,458.603,610.111,En proceso,0
2022223103452900319,1459,C,Hombre, ,VILLA MARIA DEL TRIUNFO,552.771,431.341,481.526,Previo al Inicio,1
2022223103452900601,1459,F,Hombre,-0.681486395273904,VILLA MARIA DEL TRIUNFO,665.242,682.1,668.776,Satisfactorio,0
2022223103452900602,1459,F,Mujer,0.961257709418419,VILLA MARIA DEL TRIUNFO,583.507,409.223,524.46,En inicio,1
2022223103452900603,1459,F,Hombre,1.15104839386401,VILLA MARIA DEL TRIUNFO,747.101,722.222,781.919,Satisfactorio,0
2022223103452900604,1459,F,Mujer,1.49893078291687,VILLA MARIA DEL TRIUNFO,675.467,670.398,703.772,Satisfactorio,0
2022223103452900605,1459,F,Mujer,-0.0440488234671813,VILLA MARIA DEL TRIUNFO,578.949,463.876,550.22,En inicio,1
2022223103452900606,1459,F,Hombre,1.12799186407014,VILLA MARIA DEL TRIUNFO,568.478,605.587,544.231,En inicio,1
2022223103452900607,1459,F,Mujer,0.560914160251182,VILLA MARIA DEL TRIUNFO,694.931,560.321,698.866,Satisfactorio,0
2022223103452900608,1459,F,Hombre,0.434315445433219,VILLA MARIA DEL TRIUNFO,548.891,623.718,643.088,En proceso,0
2022223103452900609,1459,F,Hombre,0.530594238692202,VILLA MARIA DEL TRIUNFO,598.597,611.502,558.735,En inicio,1
2022223103452900610,1459,F,Hombre,1.1999979301055,VILLA MARIA DEL TRIUNFO,692.221,670.398,774.703,Satisfactorio,0
2022223103452900611,1459,F,Hombre,1.56445869101354,VILLA MARIA DEL TRIUNFO,740.264,653.681,668.776,Satisfactorio,0
2022223103452900612,1459,F,Mujer,1.20757769768992,VILLA MARIA DEL TRIUNFO,655.818,627.448,647.706,En proceso,0
2022223103452900613,1459,F,Hombre,0.759568580842117,VILLA MARIA DEL TRIUNFO,619.478,628.476,669.497,Satisfactorio,0
2022223103452900701,1459,G,Hombre,0.76652070470987,VILLA MARIA DEL TRIUNFO,591.452,619.089,599.721,En proceso,0
2022223103452900702,1459,G,Mujer,1.02277660068417,VILLA MARIA DEL TRIUNFO,561.887,483.936,545.097,En inicio,1
2022223103452900703,1459,G,Hombre,1.48136412887391,VILLA MARIA DEL TRIUNFO,620.586,487.408,603.329,En proceso,0
2022223103452900704,1459,G,Mujer,-0.228386232981196,VILLA MARIA DEL TRIUNFO,571.865,539.489,621.44,En proceso,0
2022223103452900705,1459,G,Mujer,0.394082776881497,VILLA MARIA DEL TRIUNFO,627.916,452.816,535.717,En inicio,1
2022223103452900706,1459,G,Hombre,-0.391788862038643,VILLA MARIA DEL TRIUNFO,645.039,661.782,662.498,Satisfactorio,0
2022223103452900707,1459,G,Mujer,0.69681917602719,VILLA MARIA DEL TRIUNFO,628.039,572.924,655.715,Satisfactorio,0
2022223103452900708,1459,G,Hombre,-0.194854240074925,VILLA MARIA DEL TRIUNFO,571.373,606.873,671.59,Satisfactorio,0
2022223103452900709,1459,G,Hombre,1.05720577361356,VILLA MARIA DEL TRIUNFO,665.674,627.448,693.887,Satisfactorio,0
2022223103452900710,1459,G,Mujer,0.505918417333173,VILLA MARIA DEL TRIUNFO,582.46,628.476,552.674,En inicio,1
2022223103452900711,1459,G,Hombre,1.00040613248269,VILLA MARIA DEL TRIUNFO,575.746,536.017,698.866,Satisfactorio,0
2022223103452900712,1459,G,Hombre,0.986490448843638,VILLA MARIA DEL TRIUNFO,555.358,463.361,571.651,En inicio,1
2022223103452900713,1459,G,Mujer,0.742114494367188,VILLA MARIA DEL TRIUNFO,598.597,529.33,516.811,Previo al Inicio,1
2022223103452900714,1459,G,Hombre,0.628397766420834,VILLA MARIA DEL TRIUNFO,609.007,776.489,633.563,En proceso,0
2022223127980100101,1835,A,Hombre,0.620585347526416,VILLA MARIA DEL TRIUNFO,530.597,396.235,497.834,Previo al Inicio,1
2022223127980100102,1835,A,Mujer,0.404907446284935,VILLA MARIA DEL TRIUNFO,628.039, ,536.438,En inicio,1
2022223127980100103,1835,A,Mujer,0.27982395362879,VILLA MARIA DEL TRIUNFO,558.13,328.98,482.104,Previo al Inicio,1
2022223127980100104,1835,A,Hombre,0.771592825167596,VILLA MARIA DEL TRIUNFO,523.329, ,569.126,En inicio,1
2022223127980100106,1835,A,Hombre,0.369440789829623,VILLA MARIA DEL TRIUNFO,607.898,544.89,723.111,Satisfactorio,0
2022223127980100107,1835,A,Hombre,0.163780944618463,VILLA MARIA DEL TRIUNFO,568.478,519.043,492.494,Previo al Inicio,1
2022223127980100108,1835,A,Hombre,0.463823489566385,VILLA MARIA DEL TRIUNFO,544.949,536.017,603.329,En proceso,0
2022223127980100109,1835,A,Hombre,0.776243638024135,VILLA MARIA DEL TRIUNFO,678.116,611.502,830.193,Satisfactorio,0
2022223127980100110,1835,A,Mujer,1.01472946228004,VILLA MARIA DEL TRIUNFO,575.869,415.138,548.2,En inicio,1
2022223127980100111,1835,A,Mujer,0.115350052531284,VILLA MARIA DEL TRIUNFO,583.507,606.873,647.706,En proceso,0
2022223127980100112,1835,A,Mujer,0.74390052307141,VILLA MARIA DEL TRIUNFO,657.789,564.565,553.828,En inicio,1
2022223127980100113,1835,A,Hombre,0.56827425407571,VILLA MARIA DEL TRIUNFO,636.724,560.321,593.876,En inicio,1
2022223127980100114,1835,A,Hombre,-0.455799225875925,VILLA MARIA DEL TRIUNFO,586.155,515.313,588.897,En inicio,1
2022223127980100115,1835,A,Hombre,1.53835265377004,VILLA MARIA DEL TRIUNFO,597.365,588.612,635.583,En proceso,0
2022223127980100116,1835,A,Mujer,0.388416381699176,VILLA MARIA DEL TRIUNFO,553.017,421.439,506.781,Previo al Inicio,1
2022223127980100117,1835,A,Hombre,0.302197967518545,VILLA MARIA DEL TRIUNFO,699.674,739.582,702.185,Satisfactorio,0
2022223127980100118,1835,A,Mujer,0.817352515705115,VILLA MARIA DEL TRIUNFO,584.8,363.701,623.316,En proceso,0
2022223127980100119,1835,A,Hombre,-0.129862347299267,VILLA MARIA DEL TRIUNFO,625.699,399.964,621.44,En proceso,0
2022223127980100120,1835,A,Mujer,-0.208580034345258,VILLA MARIA DEL TRIUNFO,604.264,398.55,624.182,En proceso,0
2022223127980100121,1835,A,Hombre,0.813411837815118,VILLA MARIA DEL TRIUNFO,545.873, ,522.151,En inicio,1
2022223127980100122,1835,A,Hombre, ,VILLA MARIA DEL TRIUNFO,599.46,408.194,638.758,En proceso,0
2022223127980100201,1835,B,Mujer,0.606302699112913,VILLA MARIA DEL TRIUNFO,589.604,629.634,544.231,En inicio,1
2022223127980100202,1835,B,Mujer,0.093110570027048,VILLA MARIA DEL TRIUNFO,655.818,605.587,551.231,En inicio,1
2022223127980100203,1835,B,Mujer,0.695548784376704,VILLA MARIA DEL TRIUNFO,747.101,713.606,722.678,Satisfactorio,0
2022223127980100204,1835,B,Mujer,0.379934218023309,VILLA MARIA DEL TRIUNFO,598.597,557.107,593.876,En inicio,1
2022223127980100205,1835,B,Hombre,-0.296665458573098,VILLA MARIA DEL TRIUNFO,665.674,759.257,714.74,Satisfactorio,0
2022223127980100206,1835,B,Mujer,0.819281194018426,VILLA MARIA DEL TRIUNFO,589.604,529.33,500.72,Previo al Inicio,1
2022223127980100207,1835,B,Hombre,0.893316475912985,VILLA MARIA DEL TRIUNFO,645.039,503.868,610.544,En proceso,0
2022223127980100208,1835,B,Mujer,0.0437922184548923,VILLA MARIA DEL TRIUNFO,747.101,675.799,655.715,Satisfactorio,0
2022223127980100209,1835,B,Mujer,0.189379792526788,VILLA MARIA DEL TRIUNFO,591.637,498.853,584.784,En inicio,1
2022223127980100210,1835,B,Hombre,0.983823060640532,VILLA MARIA DEL TRIUNFO,617.137,623.718,599.288,En proceso,0
2022223127980100211,1835,B,Mujer,0.185952034182763,VILLA MARIA DEL TRIUNFO,604.264,524.572,561.116,En inicio,1
2022223127980100212,1835,B,Mujer,0.113906071380063,VILLA MARIA DEL TRIUNFO,553.017,486.765,542.211,En inicio,1
2022223127980100213,1835,B,Hombre,0.0355102222108112,VILLA MARIA DEL TRIUNFO,459.64,301.204,481.671,Previo al Inicio,1
2022223127980100214,1835,B,Mujer,0.308635531911998,VILLA MARIA DEL TRIUNFO,558.13,525.601,603.329,En proceso,0
2022223127980100215,1835,B,Mujer,-0.537401207198035,VILLA MARIA DEL TRIUNFO,634.63,560.321,621.44,En proceso,0
2022223127980100216,1835,B,Mujer,-0.255709094258788,VILLA MARIA DEL TRIUNFO,547.782,452.816,500.72,Previo al Inicio,1
2022223127980100217,1835,B,Hombre,0.646958916129888,VILLA MARIA DEL TRIUNFO,515.506,421.568,488.526,Previo al Inicio,1
2022223127980100218,1835,B,Hombre,0.53396635274075,VILLA MARIA DEL TRIUNFO,547.536,477.764,546.685,En inicio,1
2022223127980100219,1835,B,Mujer,-0.84967625371174,VILLA MARIA DEL TRIUNFO,620.586,629.634,686.599,Satisfactorio,0
2022223127980100220,1835,B,Hombre,0.583364404947208,VILLA MARIA DEL TRIUNFO,530.289,506.44,599.288,En proceso,0
2022223127980100221,1835,B,Mujer,-0.107022929472671,VILLA MARIA DEL TRIUNFO,575.438,438.285,614.441,En proceso,0
2022223127980100222,1835,B,Mujer,0.96198862344795,VILLA MARIA DEL TRIUNFO,645.039,600.571,647.706,En proceso,0
2022223127980100223,1835,B,Mujer,0.095278082763189,VILLA MARIA DEL TRIUNFO,628.039,524.572,590.124,En inicio,1
2022223127980100224,1835,B,Hombre,-0.428132858083287,VILLA MARIA DEL TRIUNFO,605.681,507.984,645.613,En proceso,0
2022223135479400201,1990,B,Hombre,1.27844290107211,VILLA MARIA DEL TRIUNFO,588.989,452.816,553.828,En inicio,1
2022223135479400202,1990,B,Mujer,1.4707159560567,VILLA MARIA DEL TRIUNFO,613.01,504.126,541.922,En inicio,1
2022223135479400203,1990,B,Mujer,1.34651255925223,VILLA MARIA DEL TRIUNFO,571.865,486.765,690.423,Satisfactorio,0
2022223135479400204,1990,B,Hombre,0.155812964456383,VILLA MARIA DEL TRIUNFO,533.862,422.725,535.717,En inicio,1
2022223135479400205,1990,B,Hombre,1.14586759253973,VILLA MARIA DEL TRIUNFO,680.333,525.601,679.239,Satisfactorio,0
2022223135479400206,1990,B,Hombre,0.0513218767777544,VILLA MARIA DEL TRIUNFO,611.347,519.043,631.326,En proceso,0
2022223135479400207,1990,B,Mujer,1.2841010716923,VILLA MARIA DEL TRIUNFO,544.949,473.777,516.811,Previo al Inicio,1
2022223135479400208,1990,B,Hombre,0.657078963480385,VILLA MARIA DEL TRIUNFO,564.844,504.126,676.208,Satisfactorio,0
2022223135479400209,1990,B,Mujer,1.34096232285965,VILLA MARIA DEL TRIUNFO,594.902,518.014,523.161,En inicio,1
2022223135479400210,1990,B,Mujer,0.193008471110997,VILLA MARIA DEL TRIUNFO,711.992,606.873,723.111,Satisfactorio,0
2022223135479400211,1990,B,Hombre,0.581675191077434,VILLA MARIA DEL TRIUNFO,669.8,605.587,781.919,Satisfactorio,0
2022223135479400212,1990,B,Hombre,0.438387996813499,VILLA MARIA DEL TRIUNFO,664.626,713.606,723.977,Satisfactorio,0
2022223135479400213,1990,B,Mujer,1.37413650807672,VILLA MARIA DEL TRIUNFO,617.137,578.453,578.867,En inicio,1
2022223135479400214,1990,B,Hombre,0.971607358861861,VILLA MARIA DEL TRIUNFO,619.724,483.808,668.776,Satisfactorio,0
2022223135479400215,1990,B,Hombre,0.335407067285904,VILLA MARIA DEL TRIUNFO,667.46,529.33,634.357,En proceso,0
2022223135479400216,1990,B,Mujer,1.50411158424115,VILLA MARIA DEL TRIUNFO,517.662, ,646.696,En proceso,0
2022223135479400217,1990,B,Hombre,1.26031783595858,VILLA MARIA DEL TRIUNFO,645.409,584.626,558.735,En inicio,1
2022223135479400218,1990,B,Hombre,0.0534950180915015,VILLA MARIA DEL TRIUNFO,729.424,628.476,693.887,Satisfactorio,0
2022223135479400219,1990,B,Hombre,0.520710089467653,VILLA MARIA DEL TRIUNFO,596.873,494.61,668.776,Satisfactorio,0
2022223135479400220,1990,B,Hombre,0.928016555882058,VILLA MARIA DEL TRIUNFO,575.746,524.572,622.09,En proceso,0
2022223135479400221,1990,B,Mujer,0.978757725686954,VILLA MARIA DEL TRIUNFO,611.347,619.089,609.823,En proceso,0
2022223135479400222,1990,B,Mujer,1.20369765575427,VILLA MARIA DEL TRIUNFO,675.467,629.634,686.599,Satisfactorio,0
2022223135479400223,1990,B,Mujer,1.12140636426484,VILLA MARIA DEL TRIUNFO,708.851,734.438,660.55,Satisfactorio,0
2022223135479400224,1990,B,Hombre,1.25836892343039,VILLA MARIA DEL TRIUNFO,740.264,628.476,713.947,Satisfactorio,0
2022223135479400225,1990,B,Hombre,0.799881255228525,VILLA MARIA DEL TRIUNFO,523.083,536.017,560.395,En inicio,1
2022223135479400226,1990,B,Mujer,1.29137756284365,VILLA MARIA DEL TRIUNFO,588.989,588.612,599.793,En proceso,0
2022223135479400227,1990,B,Mujer,0.931066340533015,VILLA MARIA DEL TRIUNFO,765.272,731.609,686.599,Satisfactorio,0
2022223135479400228,1990,B,Hombre,0.278902855450006,VILLA MARIA DEL TRIUNFO,678.116,629.634,740.356,Satisfactorio,0
2022223135479400229,1990,B,Mujer,0.890468357181997,VILLA MARIA DEL TRIUNFO,665.242,605.587,656.509,Satisfactorio,0
2022223135479400230,1990,B,Hombre, ,VILLA MARIA DEL TRIUNFO,545.195,560.321,568.116,En inicio,1
2022223135479400231,1990,B,Hombre, ,VILLA MARIA DEL TRIUNFO,635.431, ,762.148,Satisfactorio,0
2022223135479400401,1990,D,Mujer,0.84985724603855,VILLA MARIA DEL TRIUNFO,568.478,378.746,645.036,En proceso,0
2022223135479400402,1990,D,Mujer,0.0991208752975882,VILLA MARIA DEL TRIUNFO,545.565,339.01,560.395,En inicio,1
2022223135479400403,1990,D,Hombre,0.570413806218119,VILLA MARIA DEL TRIUNFO,596.133,604.558,599.793,En proceso,0
2022223135479400404,1990,D,Mujer,1.50411158424115,VILLA MARIA DEL TRIUNFO,620.586,600.571,623.316,En proceso,0
2022223135479400405,1990,D,Mujer,0.684177183968305,VILLA MARIA DEL TRIUNFO,593.547,566.623,522.656,En inicio,1
2022223135479400406,1990,D,Hombre,0.0904791438942294,VILLA MARIA DEL TRIUNFO,540.883,465.29,527.13,En inicio,1
2022223135479400407,1990,D,Hombre,1.01567166461359,VILLA MARIA DEL TRIUNFO,538.112,483.936,560.395,En inicio,1
2022223135479400408,1990,D,Mujer,1.02637648409954,VILLA MARIA DEL TRIUNFO,596.133,605.587,655.715,Satisfactorio,0
2022223135479400409,1990,D,Hombre,0.233173684159095,VILLA MARIA DEL TRIUNFO,584.8, ,575.909,En inicio,1
2022223135479400410,1990,D,Hombre,1.03346757959415,VILLA MARIA DEL TRIUNFO,564.844,409.223,522.656,En inicio,1
2022223135479400411,1990,D,Hombre,1.06741954461313,VILLA MARIA DEL TRIUNFO,665.242,635.806,634.357,En proceso,0
2022223135479400412,1990,D,Hombre,1.12349731308651,VILLA MARIA DEL TRIUNFO,492.101,374.76,551.231,En inicio,1
2022223135479400413,1990,D,Hombre,0.803712454653258,VILLA MARIA DEL TRIUNFO,647.01,543.861,620.286,En proceso,0
2022223135479400414,1990,D,Mujer,1.15639498640471,VILLA MARIA DEL TRIUNFO,488.775,363.701,533.552,En inicio,1
2022223135479400415,1990,D,Mujer,1.22246382461173,VILLA MARIA DEL TRIUNFO,557.883,458.603,522.656,En inicio,1
2022223135479400416,1990,D,Hombre,1.01459175698667,VILLA MARIA DEL TRIUNFO,619.724,473.777,682.125,Satisfactorio,0
2022223135479400417,1990,D,Mujer,0.944990409513465,VILLA MARIA DEL TRIUNFO,655.818,635.806,647.706,En proceso,0
2022223135479400418,1990,D,Hombre,0.823307847895259,VILLA MARIA DEL TRIUNFO,568.478,294.26,492.494,Previo al Inicio,1
2022223135479400419,1990,D,Mujer,-0.467163799183668,VILLA MARIA DEL TRIUNFO,630.811,523.801,575.115,En inicio,1
2022223135479400420,1990,D,Hombre,1.14985817533891,VILLA MARIA DEL TRIUNFO,534.293,545.404,308.492,Previo al Inicio,1
2022223135479400421,1990,D,Hombre,-0.180131074210706,VILLA MARIA DEL TRIUNFO,532.815,478.793,582.042,En inicio,1
2022223135479400422,1990,D,Hombre,1.1999979301055,VILLA MARIA DEL TRIUNFO,541.253,584.626,633.058,En proceso,0
2022223135479400423,1990,D,Mujer, ,VILLA MARIA DEL TRIUNFO,542.362,269.698,419.903,Previo al Inicio,1
2022223135479400501,1990,E,Hombre,1.05866208925732,VILLA MARIA DEL TRIUNFO,578.025,483.936,558.735,En inicio,1
2022223135479400502,1990,E,Hombre,0.817556895262389,VILLA MARIA DEL TRIUNFO,571.865,363.701,504.328,Previo al Inicio,1
2022223135479400503,1990,E,Hombre,0.862295692139135,VILLA MARIA DEL TRIUNFO,604.264,582.054,561.116,En inicio,1
2022223135479400504,1990,E,Mujer,0.429060362343471,VILLA MARIA DEL TRIUNFO,694.931,557.107,610.544,En proceso,0
2022223135479400505,1990,E,Hombre,0.465728970871792,VILLA MARIA DEL TRIUNFO,719.815,864.704,722.678,Satisfactorio,0
2022223135479400506,1990,E,Hombre,1.00197594276697,VILLA MARIA DEL TRIUNFO,620.586,529.33,584.784,En inicio,1
2022223135479400507,1990,E,Hombre,0.641187234105366,VILLA MARIA DEL TRIUNFO,757.203,739.582,830.193,Satisfactorio,0
2022223135479400508,1990,E,Mujer,0.396943853660806,VILLA MARIA DEL TRIUNFO,719.692,770.445,791.949,Satisfactorio,0
2022223135479400509,1990,E,Hombre,1.42632513364405,VILLA MARIA DEL TRIUNFO,599.521,604.558,809.051,Satisfactorio,0
2022223135479400510,1990,E,Hombre,0.403293575026957,VILLA MARIA DEL TRIUNFO,575.13,536.017,510.317,Previo al Inicio,1
2022223135479400511,1990,E,Hombre,0.579458913558167,VILLA MARIA DEL TRIUNFO,584.8,463.361,443.283,Previo al Inicio,1
2022223135479400512,1990,E,Hombre,0.555115793192268,VILLA MARIA DEL TRIUNFO,654.463,550.934,660.55,Satisfactorio,0
2022223135479400513,1990,E,Mujer,1.04672403689889,VILLA MARIA DEL TRIUNFO,665.242,606.873,509.668,Previo al Inicio,1
2022223135479400514,1990,E,Hombre,0.586354703046341,VILLA MARIA DEL TRIUNFO,635,650.723,647.706,En proceso,0
2022223087547600101,1277,A,Hombre,1.22246382461173,INDEPENDENCIA,593.547,443.686,569.126,En inicio,1
2022223087547600102,1277,A,Mujer,-0.236829821020517,INDEPENDENCIA,481.322,503.868,491.484,Previo al Inicio,1
2022223087547600103,1277,A,Mujer,1.09943635815464,INDEPENDENCIA,530.597,487.408,589.33,En inicio,1
2022223087547600104,1277,A,Mujer,0.517341546426368,INDEPENDENCIA,588.989,350.841,562.704,En inicio,1
2022223087547600105,1277,A,Hombre,1.17737774846704,INDEPENDENCIA,590.282,494.61,513.781,Previo al Inicio,1
2022223087547600106,1277,A,Hombre,0.566293910452204,INDEPENDENCIA,578.949,442.658,621.44,En proceso,0
2022223087547600107,1277,A,Hombre,1.32127709049798,INDEPENDENCIA,533.862,421.439,472.001,Previo al Inicio,1
2022223087547600108,1277,A,Mujer,0.450104109222027,INDEPENDENCIA,583.507,483.936,599.721,En proceso,0
2022223087547600109,1277,A,Hombre,1.06691808784737,INDEPENDENCIA,575.13,428.769,609.823,En proceso,0
2022223087547600110,1277,A,Mujer,0.671073433206535,INDEPENDENCIA,564.72,498.853,558.735,En inicio,1
2022223087547600111,1277,A,Hombre,1.27968453274083,INDEPENDENCIA,578.949,409.223,455.766,Previo al Inicio,1
2022223087547600112,1277,A,Mujer,0.668967381830977,INDEPENDENCIA,596.873,504.126,569.631,En inicio,1
2022223087547600113,1277,A,Mujer,0.360297492398432,INDEPENDENCIA,530.597,398.55,488.886,Previo al Inicio,1
2022223087547600114,1277,A,Mujer,0.823597979317649,INDEPENDENCIA,581.967,401.25,510.317,Previo al Inicio,1
2022223087547600115,1277,A,Hombre,1.1401458611051,INDEPENDENCIA,564.72,584.626,567.25,En inicio,1
2022223087547600116,1277,A,Hombre,0.898074259461073,INDEPENDENCIA,593.547,582.054,660.55,Satisfactorio,0
2022223087547600117,1277,A,Mujer,0.489102048117422,INDEPENDENCIA,512.365,336.824,509.668,Previo al Inicio,1
2022223087547600118,1277,A,Mujer,0.623466830792314,INDEPENDENCIA,560.532,442.658,524.46,En inicio,1
2022223087547600119,1277,A,Hombre,0.753072965460262,INDEPENDENCIA,719.815,595.556,747.933,Satisfactorio,0
2022223087547600120,1277,A,Mujer,0.0020409305107793,INDEPENDENCIA,598.597,564.308,623.316,En proceso,0
2022223087547600121,1277,A,Mujer,-0.0237007447686536,INDEPENDENCIA,617.137,525.601,569.126,En inicio,1
2022223087547600122,1277,A,Hombre,0.789448814073264,INDEPENDENCIA,813.623,682.1,697.062,Satisfactorio,0
2022223087547600123,1277,A,Mujer,1.3606973037643,INDEPENDENCIA,583.507,473.777,589.33,En inicio,1
2022223087547600124,1277,A,Mujer, ,INDEPENDENCIA,584.061,566.623,592.866,En inicio,1
2022223148482300101,2273,A,Hombre,0.189408941649979,INDEPENDENCIA,628.471,661.782,593.876,En inicio,1
2022223148482300102,2273,A,Hombre,1.55661956242911,INDEPENDENCIA,617.137,619.089,633.563,En proceso,0
2022223148482300103,2273,A,Hombre,1.4102689639907,INDEPENDENCIA,703.061,585.269,645.036,En proceso,0
2022223148482300104,2273,A,Hombre,0.91447717793606,INDEPENDENCIA,645.039,564.565,560.395,En inicio,1
2022223148482300105,2273,A,Mujer,0.703979257617813,INDEPENDENCIA,561.887,350.841,408.07,Previo al Inicio,1
2022223148482300106,2273,A,Hombre,0.257867115156719,INDEPENDENCIA,584.8,536.017,603.329,En proceso,0
2022223148482300107,2273,A,Hombre,0.930747469483642,INDEPENDENCIA,601.184,483.808,633.563,En proceso,0
2022223148482300108,2273,A,Hombre,1.53144335312418,INDEPENDENCIA,619.724,486.765,682.125,Satisfactorio,0
2022223148482300109,2273,A,Hombre,0.40823411996817,INDEPENDENCIA,553.017, ,551.231,En inicio,1
2022223148482300110,2273,A,Mujer,-0.641623103567705,INDEPENDENCIA,542.485,386.59,519.048,Previo al Inicio,1
2022223148482300111,2273,A,Hombre,0.32682442700031,INDEPENDENCIA,531.521,458.603,613.07,En proceso,0
2022223148482300112,2273,A,Hombre,0.531154759211469,INDEPENDENCIA,609.007,648.023,714.74,Satisfactorio,0
2022223148482300113,2273,A,Mujer,1.39720182161222,INDEPENDENCIA,636.416,545.404,527.13,En inicio,1
2022223148482300114,2273,A,Hombre,0.848370202614097,INDEPENDENCIA,515.506,398.55,497.834,Previo al Inicio,1
2022223148482300115,2273,A,Hombre,0.631241211994942,INDEPENDENCIA,496.905,378.746,408.07,Previo al Inicio,1
2022223148482300116,2273,A,Hombre,1.38834399959482,INDEPENDENCIA,591.637,487.408,593.876,En inicio,1
2022223148482300117,2273,A,Mujer,0.195223413792068,INDEPENDENCIA,564.844, ,550.22,En inicio,1
2022223148482300118,2273,A,Mujer,1.05604271951829,INDEPENDENCIA,512.365, ,491.484,Previo al Inicio,1
2022223148482300119,2273,A,Hombre,0.493194172246035,INDEPENDENCIA,607.898,566.623,569.775,En inicio,1
2022223148482300120,2273,A,Hombre,0.579603478531106,INDEPENDENCIA,516.8,421.439,519.048,Previo al Inicio,1
2022223148482300121,2273,A,Hombre,1.19110475831326,INDEPENDENCIA,558.13,543.861,603.329,En proceso,0
2022223148482300122,2273,A,Mujer,0.45787013112217,INDEPENDENCIA,557.883,339.01,550.22,En inicio,1
2022223148482300123,2273,A,Mujer,0.983978000355826,INDEPENDENCIA,619.724,582.054,561.116,En inicio,1
2022223148482300124,2273,A,Mujer,1.33885353324298,INDEPENDENCIA,655.818,578.453,569.775,En inicio,1
2022223148482300125,2273,A,Hombre,0.681921391803091,INDEPENDENCIA,568.478,504.126,609.823,En proceso,0
2022223148482300126,2273,A,Hombre,1.28015260412397,INDEPENDENCIA,584.8,550.934,593.876,En inicio,1
2022223148482300127,2273,A,Mujer,-0.229190105952337,INDEPENDENCIA,593.547,483.936,485.567,Previo al Inicio,1
2022223148482300128,2273,A,Hombre,1.14586759253973,INDEPENDENCIA,534.17,422.725,539.397,En inicio,1
2022223148482300129,2273,A,Mujer, ,INDEPENDENCIA,638.449,560.321,644.964,En proceso,0
2022223118536200101,1715,A,Mujer,1.49857099506499,LOS OLIVOS,593.547,431.341,475.898,Previo al Inicio,1
2022223118536200102,1715,A,Hombre,1.08077460704392,LOS OLIVOS,547.782,377.46,544.231,En inicio,1
2022223118536200103,1715,A,Mujer,1.65065360182307,LOS OLIVOS,635,486.765,589.33,En inicio,1
2022223118536200104,1715,A,Hombre,1.28143423696589,LOS OLIVOS,657.789,606.873,655.715,Satisfactorio,0
2022223118536200105,1715,A,Hombre,1.45693889027489,LOS OLIVOS,636.724,675.799,645.613,En proceso,0
2022223118536200106,1715,A,Hombre,1.81381988359852,LOS OLIVOS,586.155, ,621.44,En proceso,0
2022223118536200107,1715,A,Hombre,1.17649825632388,LOS OLIVOS,740.264,600.571,624.182,En proceso,0
2022223118536200108,1715,A,Hombre,1.81381988359852,LOS OLIVOS,575.746,463.361,560.395,En inicio,1
2022223118536200109,1715,A,Mujer,1.07319841786844,LOS OLIVOS,561.887,421.439,501.442,Previo al Inicio,1
2022223118536200110,1715,A,Hombre,1.49893078291687,LOS OLIVOS,701.398,707.819,782.785,Satisfactorio,0
2022223118536200111,1715,A,Hombre,1.15472541455714,LOS OLIVOS,593.547,605.587,599.288,En proceso,0
2022223118536200112,1715,A,Mujer,1.12079838870556,LOS OLIVOS,615.105,487.408,611.843,En proceso,0
2022223118536200113,1715,A,Mujer,1.55491003155218,LOS OLIVOS,607.898,557.107,622.09,En proceso,0
2022223118536200114,1715,A,Hombre,1.70697364636807,LOS OLIVOS,581.967,504.126,631.326,En proceso,0
2022223118536200115,1715,A,Hombre,1.58343872991473,LOS OLIVOS,701.398,529.33,703.772,Satisfactorio,0
2022223118536200116,1715,A,Hombre,1.3387900078445,LOS OLIVOS,665.674,585.269,740.356,Satisfactorio,0
2022223118536200117,1715,A,Mujer,1.61824830204342,LOS OLIVOS,627.916,605.587,614.441,En proceso,0
2022223118536200118,1715,A,Hombre,1.30697177160959,LOS OLIVOS,645.039,498.853,634.357,En proceso,0
2022223118536200119,1715,A,Mujer,1.33766331471788,LOS OLIVOS,568.478,409.223,492.494,Previo al Inicio,1
2022223118536200120,1715,A,Mujer,1.05429972100558,LOS OLIVOS,564.72,442.658,558.735,En inicio,1
2022223118536200121,1715,A,Hombre,1.33326245769859,LOS OLIVOS,634.63,572.924,588.897,En inicio,1
2022223118536200122,1715,A,Mujer,1.22716777470082,LOS OLIVOS,645.409,585.269,645.036,En proceso,0
2022223118536200123,1715,A,Mujer,1.13380200568556,LOS OLIVOS,655.818,544.89,610.544,En proceso,0
2022223118536200124,1715,A,Hombre,1.27326209974783,LOS OLIVOS,657.789,628.476,684.795,Satisfactorio,0
2022223118536200125,1715,A,Hombre, ,LOS OLIVOS,593.115,494.61,423.944,Previo al Inicio,1
2022223118536200201,1715,B,Mujer,0.988079449377841,LOS OLIVOS,571.865,623.718,578.867,En inicio,1
2022223118536200202,1715,B,Hombre,1.66481095789996,LOS OLIVOS,716.366, ,679.599,Satisfactorio,0
2022223118536200203,1715,B,Mujer,0.942852626868297,LOS OLIVOS,667.46,529.33,533.336,En inicio,1
2022223118536200204,1715,B,Hombre,1.11561758738128,LOS OLIVOS,719.815,739.582,684.795,Satisfactorio,0
2022223118536200205,1715,B,Mujer,0.483187309840779,LOS OLIVOS,613.01,544.89,593.876,En inicio,1
2022223118536200206,1715,B,Hombre,1.33823140925807,LOS OLIVOS,665.674,794.62,676.208,Satisfactorio,0
2022223118536200207,1715,B,Mujer,1.49893078291687,LOS OLIVOS,703.061,648.023,656.509,Satisfactorio,0
2022223118536200208,1715,B,Mujer,1.34184486913676,LOS OLIVOS,732.996,722.222,662.498,Satisfactorio,0
2022223118536200209,1715,B,Mujer,1.32700879815052,LOS OLIVOS,683.536,572.924,684.795,Satisfactorio,0
2022223118536200210,1715,B,Mujer,-0.0509821667122799,LOS OLIVOS,628.471,679.528,645.613,En proceso,0
2022223118536200211,1715,B,Mujer,0.839692647664187,LOS OLIVOS,634.63,487.408,513.492,Previo al Inicio,1
2022223118536200212,1715,B,Mujer,1.20621469931213,LOS OLIVOS,619.724,458.603,587.021,En inicio,1
2022223118536200213,1715,B,Hombre,1.49893078291687,LOS OLIVOS,568.108,557.107,524.46,En inicio,1
2022223118536200214,1715,B,Mujer,1.26482664377271,LOS OLIVOS,619.478,566.623,590.124,En inicio,1
2022223118536200215,1715,B,Hombre,1.16398478090677,LOS OLIVOS,564.72, ,525.182,En inicio,1
2022223118536200216,1715,B,Hombre,1.26943217551019,LOS OLIVOS,692.221,739.582,740.356,Satisfactorio,0
2022223118536200217,1715,B,Hombre,0.922642798911527,LOS OLIVOS,665.242,627.448,697.062,Satisfactorio,0
2022223118536200218,1715,B,Hombre,0.60356161514515,LOS OLIVOS,530.597,326.151,479.722,Previo al Inicio,1
2022223118536200219,1715,B,Mujer,1.66481095789996,LOS OLIVOS,683.536,648.023,609.823,En proceso,0
2022223118536200220,1715,B,Hombre,0.950296010984629,LOS OLIVOS,645.409,611.502,749.015,Satisfactorio,0
2022223118536200221,1715,B,Hombre,1.14475853139972,LOS OLIVOS,665.674,670.398,774.703,Satisfactorio,0
2022223118536200222,1715,B,Hombre,1.46868077775842,LOS OLIVOS,686.369,564.308,745.191,Satisfactorio,0
2022223118536200223,1715,B,Hombre,0.512631522963823,LOS OLIVOS,655.818,605.587,599.721,En proceso,0
2022223118536200224,1715,B,Hombre,1.06769619682103,LOS OLIVOS,628.039,560.321,620.286,En proceso,0
2022223163690100101,2505,A,Mujer,1.57002594780008,LOS OLIVOS,603.586,584.626,669.497,Satisfactorio,0
2022223163690100102,2505,A,Hombre,0.600843307248763,LOS OLIVOS,645.409,713.606,837.625,Satisfactorio,0
2022223163690100103,2505,A,Hombre,1.18277809666802,LOS OLIVOS,757.203,702.418,714.74,Satisfactorio,0
2022223163690100104,2505,A,Mujer,1.50411158424115,LOS OLIVOS,665.242,611.502,846.284,Satisfactorio,0
2022223163690100105,2505,A,Mujer,1.365182887846,LOS OLIVOS,761.268,768.902,809.051,Satisfactorio,0
2022223163690100106,2505,A,Mujer,1.29696828746101,LOS OLIVOS,575.13,483.936,492.494,Previo al Inicio,1
2022223163690100107,2505,A,Hombre,1.16741528159771,LOS OLIVOS,564.72,487.408,623.316,En proceso,0
2022223163690100108,2505,A,Hombre,1.23004001378722,LOS OLIVOS,609.007,604.558,774.703,Satisfactorio,0
2022223163690100109,2505,A,Hombre,1.04904689801231,LOS OLIVOS,763.916,734.31,803.927,Satisfactorio,0
2022223163690100110,2505,A,Mujer,1.21479318064891,LOS OLIVOS,655.818,588.612,579.444,En inicio,1
2022223163690100111,2505,A,Mujer,1.06881298868099,LOS OLIVOS,628.039,595.556,655.715,Satisfactorio,0
2022223163690100112,2505,A,Hombre,0.843924456039665,LOS OLIVOS,636.724,564.308,703.772,Satisfactorio,0
2022223163690100113,2505,A,Mujer,1.4102689639907,LOS OLIVOS,757.203,703.447,646.479,En proceso,0
2022223163690100114,2505,A,Hombre,0.956953392020753,LOS OLIVOS,604.264,539.489,604.988,En proceso,0
2022223163690100115,2505,A,Hombre,1.22037205538902,LOS OLIVOS,553.017,362.286,488.886,Previo al Inicio,1
2022223163690100116,2505,A,Hombre,0.987593264017079,LOS OLIVOS,561.887,421.568,562.704,En inicio,1
2022223163690100117,2505,A,Hombre,0.618158385680548,LOS OLIVOS,620.586,465.29,567.25,En inicio,1
2022223163690100118,2505,A,Mujer,1.49955290690179,LOS OLIVOS,654.463,679.528,921.256,Satisfactorio,0
2022223163690100119,2505,A,Mujer,1.22764462593601,LOS OLIVOS,619.724,627.448,668.776,Satisfactorio,0
2022223163690100120,2505,A,Hombre,1.22373962708977,LOS OLIVOS,583.507,582.054,551.231,En inicio,1
2022223163690100121,2505,A,Hombre,0.472742336025418,LOS OLIVOS,611.347,536.017,536.438,En inicio,1
2022223163690100122,2505,A,Mujer,1.49893078291687,LOS OLIVOS,737.862,759.257,837.625,Satisfactorio,0
2022223163690100123,2505,A,Hombre,1.01372716621615,LOS OLIVOS,586.155,529.33,621.44,En proceso,0
2022223163690100124,2505,A,Hombre,1.5955202686916,LOS OLIVOS,645.409,443.558,682.125,Satisfactorio,0
2022223163690100125,2505,A,Hombre,1.26044495866097,LOS OLIVOS,616.521,675.799,589.33,En inicio,1
2022223163690100126,2505,A,Hombre,0.850567499277276,LOS OLIVOS,596.133,519.043,562.704,En inicio,1
2022223163690100127,2505,A,Hombre,1.13568147868733,LOS OLIVOS,620.586,536.017,634.14,En proceso,0
2022223163690100128,2505,A,Hombre,1.05579304845403,LOS OLIVOS,692.221,545.404,774.703,Satisfactorio,0
2022223163690100129,2505,A,Hombre, ,LOS OLIVOS,611.84,670.398,632.913,En proceso,0
2022223163690100130,2505,A,Hombre, ,LOS OLIVOS,677.315,707.819,832.718,Satisfactorio,0
2022223163690100301,2505,C,Hombre,1.43914227473092,LOS OLIVOS,536.079, ,536.438,En inicio,1
2022223163690100302,2505,C,Mujer,1.19586074768101,LOS OLIVOS,637.525,646.094,638.109,En proceso,0
2022223163690100303,2505,C,Mujer,1.4488757552127,LOS OLIVOS,665.674,604.558,621.44,En proceso,0
2022223163690100304,2505,C,Hombre,1.14158724515752,LOS OLIVOS,561.579,536.017,614.441,En proceso,0
2022223163690100305,2505,C,Mujer,0.556968903237429,LOS OLIVOS,645.039,661.782,599.721,En proceso,0
2022223163690100306,2505,C,Hombre, ,LOS OLIVOS,699.674, ,762.148,Satisfactorio,0
2022223163690100307,2505,C,Hombre,1.42632513364405,LOS OLIVOS,654.648,653.681,671.59,Satisfactorio,0
2022223163690100308,2505,C,Mujer,1.20846942448711,LOS OLIVOS,678.116,734.438,740.356,Satisfactorio,0
2022223163690100309,2505,C,Hombre,0.550864526432587,LOS OLIVOS,654.956,654.067,697.062,Satisfactorio,0
2022223163690100310,2505,C,Hombre,1.50411158424115,LOS OLIVOS,680.333, ,662.498,Satisfactorio,0
2022223163690100311,2505,C,Mujer,1.49893078291687,LOS OLIVOS,647.01,545.404,655.715,Satisfactorio,0
2022223163690100312,2505,C,Mujer,-0.480778948619074,LOS OLIVOS,701.398,643.908,613.07,En proceso,0
2022223163690100313,2505,C,Hombre,1.81381988359852,LOS OLIVOS,586.155,523.801,588.897,En inicio,1
2022223163690100314,2505,C,Hombre,1.66481095789996,LOS OLIVOS,568.478,584.626,604.988,En proceso,0
2022223163690100315,2505,C,Mujer,-0.0107977657456273,LOS OLIVOS,732.996,654.067,662.498,Satisfactorio,0
2022223163690100316,2505,C,Mujer,1.58821472582796,LOS OLIVOS,699.674,771.088,722.678,Satisfactorio,0
2022223163690100317,2505,C,Mujer,1.26666169137812,LOS OLIVOS,654.648,566.623,723.977,Satisfactorio,0
2022223163690100318,2505,C,Hombre,1.16235523807713,LOS OLIVOS,692.221,619.089,774.703,Satisfactorio,0
2022223163690100319,2505,C,Hombre,1.45384470677218,LOS OLIVOS,619.724,523.801,645.036,En proceso,0
2022223163690100320,2505,C,Hombre,1.11994900487415,LOS OLIVOS,733.366,703.447,676.93,Satisfactorio,0
2022223163690100321,2505,C,Mujer,1.36743761302098,LOS OLIVOS,683.536,628.476,643.088,En proceso,0
2022223163690100322,2505,C,Mujer,1.42233455084488,LOS OLIVOS,654.648,536.017,686.599,Satisfactorio,0
2022223163690100323,2505,C,Hombre,1.22469388631373,LOS OLIVOS,617.137,588.612,646.479,En proceso,0
2022223163690100324,2505,C,Mujer,1.66481095789996,LOS OLIVOS,676.453,507.984,604.988,En proceso,0
2022223163690100325,2505,C,Mujer, ,LOS OLIVOS,575.068,443.558,527.274,En inicio,1
2022223163690100326,2505,C,Mujer, ,LOS OLIVOS,735.645,627.448,854.294,Satisfactorio,0
2022223163690100401,2505,D,Mujer,1.49893078291687,LOS OLIVOS,636.724,584.626,516.811,Previo al Inicio,1
2022223163690100402,2505,D,Hombre,1.0190381394013,LOS OLIVOS,654.463,560.321,646.479,En proceso,0
2022223163690100403,2505,D,Mujer,1.81381988359852,LOS OLIVOS,589.604,600.571,544.231,En inicio,1
2022223163690100404,2505,D,Hombre,1.66481095789996,LOS OLIVOS,807.156,661.782,662.498,Satisfactorio,0
2022223163690100405,2505,D,Mujer,1.48995422816426,LOS OLIVOS,619.478,507.984,620.286,En proceso,0
2022223163690100406,2505,D,Mujer,1.14109159662651,LOS OLIVOS,591.637,523.801,516.811,Previo al Inicio,1
2022223163690100407,2505,D,Mujer,0.611766148313694,LOS OLIVOS,692.221,703.447,714.74,Satisfactorio,0
2022223163690100408,2505,D,Mujer,1.66481095789996,LOS OLIVOS,604.264,478.793,595.896,En inicio,1
2022223163690100409,2505,D,Hombre,0.878215007965315,LOS OLIVOS,667.46,734.31,647.706,En proceso,0
2022223163690100410,2505,D,Hombre,1.66481095789996,LOS OLIVOS,637.155,524.572,631.326,En proceso,0
2022223163690100411,2505,D,Hombre,1.47581471288237,LOS OLIVOS,701.398,572.924,703.772,Satisfactorio,0
2022223163690100412,2505,D,Mujer,1.25087550112168,LOS OLIVOS,678.116,564.308,693.887,Satisfactorio,0
2022223163690100413,2505,D,Hombre,1.14497807827642,LOS OLIVOS,688.895,675.799,668.776,Satisfactorio,0
2022223163690100414,2505,D,Mujer,1.72515806467235,LOS OLIVOS,680.333,560.321,610.544,En proceso,0
2022223163690100415,2505,D,Mujer,0.965997689931294,LOS OLIVOS,647.01,600.571,702.185,Satisfactorio,0
2022223163690100416,2505,D,Hombre,0.484990671025063,LOS OLIVOS,578.025,566.623,603.329,En proceso,0
2022223163690100417,2505,D,Mujer,0.91076018305036,LOS OLIVOS,609.007,550.934,599.288,En proceso,0
2022223163690100418,2505,D,Hombre,1.4628484624441,LOS OLIVOS,554.68,503.868,500.72,Previo al Inicio,1
2022223163690100419,2505,D,Hombre,0.657710763663039,LOS OLIVOS,645.039,650.723,634.357,En proceso,0
2022223164511800101,2521,A,Hombre,1.17696394105907,LOS OLIVOS,538.112,483.936,560.395,En inicio,1
2022223164511800102,2521,A,Mujer,1.1839935078788,LOS OLIVOS,628.039,734.438,609.823,En proceso,0
2022223164511800103,2521,A,Mujer,1.30540391210327,LOS OLIVOS,654.648,560.321,603.329,En proceso,0
2022223164511800104,2521,A,Hombre,1.01810469488391,LOS OLIVOS,625.699,536.017,599.288,En proceso,0
2022223164511800105,2521,A,Mujer,1.05275298231121,LOS OLIVOS,636.416,377.46,561.116,En inicio,1
2022223164511800106,2521,A,Mujer,1.49126013895405,LOS OLIVOS,711.992,529.33,647.706,En proceso,0
2022223164511800107,2521,A,Mujer,1.06449536455451,LOS OLIVOS,536.079,422.725,527.779,En inicio,1
2022223164511800108,2521,A,Hombre,0.818029822309037,LOS OLIVOS,584.8,584.626,671.59,Satisfactorio,0
2022223164511800109,2521,A,Hombre,1.26456298768137,LOS OLIVOS,757.203,628.476,676.208,Satisfactorio,0
2022223164511800110,2521,A,Mujer,0.872354620672235,LOS OLIVOS,703.061,623.718,682.125,Satisfactorio,0
2022223164511800111,2521,A,Mujer,1.21729306108221,LOS OLIVOS,607.898,504.126,622.09,En proceso,0
2022223164511800112,2521,A,Hombre,0.585001379667763,LOS OLIVOS,719.815,670.398,722.678,Satisfactorio,0
2022223164511800113,2521,A,Mujer,1.17322387653872,LOS OLIVOS,591.637,564.308,567.25,En inicio,1
2022223164511800114,2521,A,Hombre,1.25685918127284,LOS OLIVOS,708.851,627.448,676.208,Satisfactorio,0
2022223164511800115,2521,A,Hombre,0.591215583614445,LOS OLIVOS,703.061,749.998,697.062,Satisfactorio,0
2022223164511800116,2521,A,Hombre,-0.0628084756494707,LOS OLIVOS,616.521,536.017,610.544,En proceso,0
2022223164511800117,2521,A,Mujer,0.919972022937646,LOS OLIVOS,637.155,545.404,599.793,En proceso,0
2022223164511800118,2521,A,Hombre,1.53735292529338,LOS OLIVOS,645.409,595.556,658.024,Satisfactorio,0
2022223164511800119,2521,A,Hombre,1.58821472582796,LOS OLIVOS,617.137,523.801,633.563,En proceso,0
2022223164511800120,2521,A,Hombre,1.04649406005693,LOS OLIVOS,582.46,487.408,569.631,En inicio,1
2022223164511800121,2521,A,Hombre,1.73931542074924,LOS OLIVOS,655.818,604.558,599.721,En proceso,0
2022223164511800122,2521,A,Hombre,1.20615968137991,LOS OLIVOS,596.133,557.107,599.793,En proceso,0
2022223164511800123,2521,A,Mujer,-0.248277511841675,LOS OLIVOS,578.025,421.568,603.329,En proceso,0
2022223164511800124,2521,A,Hombre,0.460668152479497,LOS OLIVOS,665.674,619.089,676.208,Satisfactorio,0
2022223164511800125,2521,A,Mujer,0.771407859297946,LOS OLIVOS,768.105,679.528,604.988,En proceso,0
2022223164511800126,2521,A,Mujer,0.828396384194078,LOS OLIVOS,711.992,814.81,647.706,En proceso,0
2022223164511800127,2521,A,Hombre,0.435977399128236,LOS OLIVOS,719.815,682.1,684.795,Satisfactorio,0
2022223164511800128,2521,A,Hombre,1.72515806467235,LOS OLIVOS,645.409,815.967,671.59,Satisfactorio,0
2022223164511800129,2521,A,Hombre,1.2614229942444,LOS OLIVOS,654.463,661.782,676.208,Satisfactorio,0
2022223164511800130,2521,A,Hombre,1.38001895883224,LOS OLIVOS,654.956,699.332,645.036,En proceso,0
2022223164511800131,2521,A,Hombre,0.502426883920644,LOS OLIVOS,635,483.936,579.444,En inicio,1
2022223164511800132,2521,A,Mujer,1.4102689639907,LOS OLIVOS,647.01,650.723,571.651,En inicio,1
2022223164511800133,2521,A,Mujer,1.21989860669745,LOS OLIVOS,628.471,628.476,658.024,Satisfactorio,0
2022223164511800134,2521,A,Mujer,0.333353007541056,LOS OLIVOS,634.63,494.61,621.44,En proceso,0
2022223164511800135,2521,A,Mujer,1.41252368916568,LOS OLIVOS,688.895,588.612,604.988,En proceso,0
2022223164511800136,2521,A,Mujer,1.08676701701267,LOS OLIVOS,599.521,619.089,599.721,En proceso,0
2022223164511800137,2521,A,Mujer,1.37036368917028,LOS OLIVOS,792.127,679.528,590.124,En inicio,1
2022223164511800138,2521,A,Mujer,0.0507203628945059,LOS OLIVOS,605.681,544.89,634.14,En proceso,0
2022223164511800139,2521,A,Hombre,1.12943414754847,LOS OLIVOS,537.249,458.603,621.44,En proceso,0
2022223164511800140,2521,A,Hombre,0.493049967650348,LOS OLIVOS,665.242,557.107,645.036,En proceso,0
2022223164511800141,2521,A,Mujer,1.05156429249719,LOS OLIVOS,883.594,566.623,679.239,Satisfactorio,0
2022223164511800142,2521,A,Hombre,1.2983591067543,LOS OLIVOS,657.789,731.609,643.088,En proceso,0
2022223164511800143,2521,A,Hombre,1.14265982770296,LOS OLIVOS,645.409,653.681,658.024,Satisfactorio,0
2022223164511800301,2521,C,Mujer,-0.0197044113346072,LOS OLIVOS,675.467,731.609,634.14,En proceso,0
2022223164511800302,2521,C,Mujer,0.315483475904412,LOS OLIVOS,665.674,739.582,676.208,Satisfactorio,0
2022223164511800303,2521,C,Hombre,0.831904165076096,LOS OLIVOS,676.453,584.626,645.036,En proceso,0
2022223164511800304,2521,C,Hombre,1.48555202704294,LOS OLIVOS,607.898,560.321,506.781,Previo al Inicio,1
2022223164511800305,2521,C,Mujer,1.06591376430067,LOS OLIVOS,647.01,623.718,562.704,En inicio,1
2022223164511800306,2521,C,Mujer,0.628006365815998,LOS OLIVOS,701.398,759.257,749.015,Satisfactorio,0
2022223164511800307,2521,C,Mujer,0.342929013528548,LOS OLIVOS,557.883,595.556,550.22,En inicio,1
2022223164511800308,2521,C,Mujer,0.877340069813678,LOS OLIVOS,665.242,629.634,645.036,En proceso,0
2022223164511800309,2521,C,Hombre,0.727642017836074,LOS OLIVOS,515.506,544.89,506.781,Previo al Inicio,1
2022223164511800310,2521,C,Mujer,1.13511334765767,LOS OLIVOS,637.155,560.321,590.124,En inicio,1
2022223164511800311,2521,C,Hombre,1.61972488175526,LOS OLIVOS,598.597,557.107,623.316,En proceso,0
2022223164511800312,2521,C,Mujer,1.1700472821106,LOS OLIVOS,692.221,722.222,774.703,Satisfactorio,0
2022223164511800313,2521,C,Hombre,0.579349283622178,LOS OLIVOS,703.061,643.908,682.125,Satisfactorio,0
2022223164511800314,2521,C,Hombre,1.66481095789996,LOS OLIVOS,635, ,610.544,En proceso,0
2022223164511800315,2521,C,Hombre,0.853509647571086,LOS OLIVOS,747.101,814.81,702.185,Satisfactorio,0
2022223164511800316,2521,C,Hombre,1.26031783595858,LOS OLIVOS,687.601,604.558,634.14,En proceso,0
2022223164511800317,2521,C,Mujer,0.975357357201731,LOS OLIVOS,625.699,557.107,599.288,En proceso,0
2022223164511800318,2521,C,Mujer,1.11960817018046,LOS OLIVOS,703.061,690.202,791.949,Satisfactorio,0
2022223164511800319,2521,C,Hombre,0.609313326705676,LOS OLIVOS,583.507,619.089,542.211,En inicio,1
2022223164511800320,2521,C,Mujer,-0.571640616378022,LOS OLIVOS,719.815,679.528,669.497,Satisfactorio,0
2022223164511800321,2521,C,Hombre,0.793005193407072,LOS OLIVOS,645.409,650.723,603.329,En proceso,0
2022223164511800322,2521,C,Hombre,1.27976657723944,LOS OLIVOS,634.63,682.1,774.703,Satisfactorio,0
2022223164511800323,2521,C,Hombre,1.17460595944996,LOS OLIVOS,619.724,473.777,544.231,En inicio,1
2022223164511800324,2521,C,Hombre,0.846545335132569,LOS OLIVOS,635,611.502,622.09,En proceso,0
2022223164511800325,2521,C,Hombre,1.30540391210327,LOS OLIVOS,637.155,421.439,590.124,En inicio,1
2022223164511800326,2521,C,Mujer,1.01904950055793,LOS OLIVOS,654.648,585.269,603.329,En proceso,0
2022223164511800327,2521,C,Mujer,1.42745182677068,LOS OLIVOS,593.547,506.44,599.288,En proceso,0
2022223164511800328,2521,C,Mujer,1.15757924216391,LOS OLIVOS,740.264,854.288,733.934,Satisfactorio,0
2022223164511800329,2521,C,Hombre,1.59030649505067,LOS OLIVOS,625.576,623.718,698.866,Satisfactorio,0
2022223164511800330,2521,C,Mujer,1.49893078291687,LOS OLIVOS,647.01,483.808,669.497,Satisfactorio,0
2022223164511800331,2521,C,Hombre,0.796886228266774,LOS OLIVOS,598.597,572.924,634.14,En proceso,0
2022223164511800332,2521,C,Mujer,0.392364573210788,LOS OLIVOS,665.674,585.269,599.288,En proceso,0
2022223164511800333,2521,C,Hombre,1.58343872991473,LOS OLIVOS,703.061,814.81,791.949,Satisfactorio,0
2022223164511800334,2521,C,Mujer,1.08808435824016,LOS OLIVOS,732.996,682.1,698.866,Satisfactorio,0
2022223164511800401,2521,D,Hombre,0.572190677062512,LOS OLIVOS,605.681,536.017,593.876,En inicio,1
2022223164511800402,2521,D,Mujer,0.0797128961546312,LOS OLIVOS,729.424,588.612,610.111,En proceso,0
2022223164511800403,2521,D,Mujer,1.06332277801602,LOS OLIVOS,636.416,486.765,578.29,En inicio,1
2022223164511800404,2521,D,Hombre,0.816567233966328,LOS OLIVOS,575.746,503.868,662.498,Satisfactorio,0
2022223164511800405,2521,D,Hombre,1.1114360329624,LOS OLIVOS,647.01,703.447,747.933,Satisfactorio,0
2022223164511800406,2521,D,Hombre,1.51580203220139,LOS OLIVOS,636.724,560.321,645.613,En proceso,0
2022223164511800407,2521,D,Mujer,0.579565480126201,LOS OLIVOS,453.974,279.214,433.974,Previo al Inicio,1
2022223164511800408,2521,D,Mujer,0.866256394796299,LOS OLIVOS,636.416,545.404,645.036,En proceso,0
2022223164511800409,2521,D,Mujer,1.07863570023744,LOS OLIVOS,616.521,465.29,579.444,En inicio,1
2022223164511800410,2521,D,Hombre,1.23004001378722,LOS OLIVOS,699.674,606.873,702.185,Satisfactorio,0
2022223164511800411,2521,D,Hombre,0.755385929510204,LOS OLIVOS,578.025,584.626,603.329,En proceso,0
2022223164511800412,2521,D,Hombre,0.483345262758389,LOS OLIVOS,692.221,628.476,660.55,Satisfactorio,0
2022223164511800413,2521,D,Hombre,0.457804629693709,LOS OLIVOS,636.416,600.571,656.509,Satisfactorio,0
2022223164511800414,2521,D,Mujer,0.174944086079903,LOS OLIVOS,625.576,524.572,599.721,En proceso,0
2022223164511800415,2521,D,Hombre,1.1863592789861,LOS OLIVOS,568.478,550.934,655.715,Satisfactorio,0
2022223164511800416,2521,D,Hombre,1.27203548483813,LOS OLIVOS,636.724,707.819,749.015,Satisfactorio,0
2022223164511800417,2521,D,Hombre,0.1095347434709,LOS OLIVOS,678.116,703.447,714.74,Satisfactorio,0
2022223164511800418,2521,D,Hombre,1.31174776752282,LOS OLIVOS,740.264,682.1,587.021,En inicio,1
2022223164511800419,2521,D,Hombre,1.3606973037643,LOS OLIVOS,625.576,515.313,634.357,En proceso,0
2022223164511800420,2521,D,Mujer,1.2168502315951,LOS OLIVOS,792.127,804.394,684.795,Satisfactorio,0
2022223164511800421,2521,D,Mujer,0.204037535859629,LOS OLIVOS,544.949,374.76,525.182,En inicio,1
2022223164511800422,2521,D,Mujer,1.49893078291687,LOS OLIVOS,625.699,543.861,599.288,En proceso,0
2022223164511800423,2521,D,Hombre,0.893580323805454,LOS OLIVOS,889.754,814.81,758.612,Satisfactorio,0
2022223164511800424,2521,D,Mujer,1.21660942505429,LOS OLIVOS,538.112,539.489,622.09,En proceso,0
2022223164511800425,2521,D,Mujer,1.02358337953946,LOS OLIVOS,575.13,452.816,536.438,En inicio,1
2022223164511800426,2521,D,Hombre,1.38834399959482,LOS OLIVOS,645.409,545.404,634.14,En proceso,0
2022223164511800427,2521,D,Mujer,1.37036368917028,LOS OLIVOS,625.699,507.984,588.897,En inicio,1
2022223164511800428,2521,D,Mujer,1.03471267818802,LOS OLIVOS,589.604,585.269,578.29,En inicio,1
2022223164511800429,2521,D,Mujer,0.981014346952615,LOS OLIVOS,685.322,706.79,688.258,Satisfactorio,0
2022223164511800430,2521,D,Hombre,1.09961846229977,LOS OLIVOS,619.478,560.321,684.795,Satisfactorio,0
2022223164511800431,2521,D,Hombre,1.4222710254464,LOS OLIVOS,675.467,600.571,749.015,Satisfactorio,0
2022223164511800432,2521,D,Mujer,0.378887355263645,LOS OLIVOS,678.116,566.623,610.111,En proceso,0
2022223164511800433,2521,D,Mujer,0.986986968236212,LOS OLIVOS,645.409,595.556,578.29,En inicio,1
2022223164511800434,2521,D,Hombre,1.1249612059659,LOS OLIVOS,553.017, ,622.09,En proceso,0
2022223164511800435,2521,D,Mujer,-0.430082332850789,LOS OLIVOS,611.347,564.565,580.743,En inicio,1
2022223164511800436,2521,D,Mujer,0.781589343451314,LOS OLIVOS,564.72,478.793,613.07,En proceso,0
2022223164511800437,2521,D,Mujer,1.04695629025503,LOS OLIVOS,644.177,494.61,599.288,En proceso,0
2022223164511800438,2521,D,Hombre,1.49893078291687,LOS OLIVOS,654.956,635.806,682.125,Satisfactorio,0
2022223164511800439,2521,D,Mujer,0.0254274631317783,LOS OLIVOS,635,443.686,506.781,Previo al Inicio,1
2022223164511800440,2521,D,Mujer,1.06176445095293,LOS OLIVOS,628.039,543.861,571.651,En inicio,1
2022223164511800441,2521,D,Hombre,1.1729733582599,LOS OLIVOS,675.467,734.438,671.59,Satisfactorio,0
2022223164511800442,2521,D,Mujer,1.11833148058891,LOS OLIVOS,692.221,519.043,531.82,En inicio,1
2022223166203000101,2534,A,Mujer,1.3336727319187,LOS OLIVOS,665.674,605.587,774.703,Satisfactorio,0
2022223166203000102,2534,A,Mujer, ,LOS OLIVOS,813.623, ,846.284,Satisfactorio,0
2022223166203000103,2534,A,Mujer,1.58821472582796,LOS OLIVOS,680.333,386.333,698.866,Satisfactorio,0
2022223166203000104,2534,A,Mujer,1.37781660572984,LOS OLIVOS,657.789,200.9,684.795,Satisfactorio,0
2022223166203000105,2534,A,Hombre,1.18306216693501,LOS OLIVOS,645.409,595.556,613.07,En proceso,0
2022223166203000106,2534,A,Hombre,1.81381988359852,LOS OLIVOS,665.674,679.528,646.479,En proceso,0
2022223166203000107,2534,A,Hombre,1.50411158424115,LOS OLIVOS,740.264,675.799,791.949,Satisfactorio,0
2022223166203000108,2534,A,Mujer,1.21830995268342,LOS OLIVOS,635,713.606,647.706,En proceso,0
2022223166203000109,2534,A,Hombre,0.868356923864156,LOS OLIVOS,657.789,734.31,836.976,Satisfactorio,0
2022223166203000110,2534,A,Mujer,0.902752189500167,LOS OLIVOS,675.467, ,703.772,Satisfactorio,0
2022223166203000111,2534,A,Mujer,1.23619083445796,LOS OLIVOS,634.63, ,714.74,Satisfactorio,0
2022223166203000112,2534,A,Hombre,1.35510265854259,LOS OLIVOS,627.916,653.681,713.947,Satisfactorio,0
2022223166203000113,2534,A,Mujer,1.37990837495256,LOS OLIVOS,655.818, ,698.866,Satisfactorio,0
2022223166203000114,2534,A,Hombre,1.81381988359852,LOS OLIVOS,611.347,713.606,669.497,Satisfactorio,0
2022223166203000115,2534,A,Mujer,1.66481095789996,LOS OLIVOS,645.409,536.017,645.613,En proceso,0
2022223166203000116,2534,A,Mujer,1.58821472582796,LOS OLIVOS,625.699,566.623,646.479,En proceso,0
2022223166203000117,2534,A,Hombre,1.49893078291687,LOS OLIVOS,740.264,643.908,733.934,Satisfactorio,0
2022223166203000118,2534,A,Hombre,0.571849128766953,LOS OLIVOS,625.576,523.801,610.544,En proceso,0
2022223166203000119,2534,A,Hombre,1.37272345376336,LOS OLIVOS,669.8,675.799,702.185,Satisfactorio,0
2022223166203000120,2534,A,Hombre,1.27909799737367,LOS OLIVOS,628.471,654.067,623.316,En proceso,0
2022223166203000121,2534,A,Hombre,1.37593094595682,LOS OLIVOS,571.865,702.418,599.288,En proceso,0
2022223166203000122,2534,A,Hombre,1.31064879230272,LOS OLIVOS,688.895,804.394,846.284,Satisfactorio,0
2022223166203000123,2534,A,Mujer,1.02953700354717,LOS OLIVOS,545.565,507.984,479.722,Previo al Inicio,1
2022223166203000124,2534,A,Hombre,1.26069458982628,LOS OLIVOS,683.536,776.489,643.088,En proceso,0
2022223166203000125,2534,A,Hombre,0.451501889971449,LOS OLIVOS,613.01,584.626,634.14,En proceso,0
2022223166203000126,2534,A,Hombre,1.42632513364405,LOS OLIVOS,557.883,458.603,550.22,En inicio,1
2022223166203000127,2534,A,Hombre,1.34919882296282,LOS OLIVOS,654.956,673.999,697.062,Satisfactorio,0
2022223166203000128,2534,A,Mujer,1.13380200568556,LOS OLIVOS,655.818,566.623,589.33,En inicio,1
2022223166203000129,2534,A,Hombre,1.57614913897378,LOS OLIVOS,683.536,595.556,684.795,Satisfactorio,0
2022223166203000130,2534,A,Hombre,1.66481095789996,LOS OLIVOS,645.409,523.801,671.59,Satisfactorio,0
2022223166203000131,2534,A,Mujer,1.57614913897378,LOS OLIVOS,678.116,734.438,714.74,Satisfactorio,0
2022223166203000132,2534,A,Mujer, ,LOS OLIVOS,691.543,713.606,656.942,Satisfactorio,0
2022223166203000301,2534,C,Hombre,1.10833989895225,LOS OLIVOS,688.895,544.89,733.934,Satisfactorio,0
2022223166203000302,2534,C,Hombre,1.33823140925807,LOS OLIVOS,694.931,604.558,634.357,En proceso,0
2022223166203000303,2534,C,Hombre,1.47581471288237,LOS OLIVOS,611.347,600.571,609.823,En proceso,0
2022223166203000304,2534,C,Hombre,0.385912136447284,LOS OLIVOS,675.467,690.202,749.015,Satisfactorio,0
2022223166203000305,2534,C,Mujer,1.25334240923833,LOS OLIVOS,654.463, ,595.608,En inicio,1
2022223166203000306,2534,C,Hombre,1.30772492305488,LOS OLIVOS,703.061,564.308,682.125,Satisfactorio,0
2022223166203000307,2534,C,Hombre,1.42289314943131,LOS OLIVOS,680.333,564.565,610.544,En proceso,0
2022223166203000308,2534,C,Mujer,1.30792996457633,LOS OLIVOS,637.155,458.603,609.823,En proceso,0
2022223166203000309,2534,C,Hombre,1.66481095789996,LOS OLIVOS,571.373,600.571,558.735,En inicio,1
2022223166203000310,2534,C,Hombre,0.53946799165428,LOS OLIVOS,678.116,722.222,714.74,Satisfactorio,0
2022223166203000311,2534,C,Mujer,0.905266023550004,LOS OLIVOS,627.916,619.089,518.471,Previo al Inicio,1
2022223166203000312,2534,C,Hombre,1.54067015813462,LOS OLIVOS,711.992,653.681,698.866,Satisfactorio,0
2022223166203000313,2534,C,Mujer,0.305202942690194,LOS OLIVOS,588.989,525.601,536.438,En inicio,1
2022223166203000314,2534,C,Hombre,1.20825633309364,LOS OLIVOS,765.272,749.998,837.625,Satisfactorio,0
2022223166203000315,2534,C,Mujer,1.27767995941787,LOS OLIVOS,550.985,578.453,578.867,En inicio,1
2022223166203000316,2534,C,Mujer,1.61972488175526,LOS OLIVOS,665.242,611.502,561.116,En inicio,1
2022223166203000317,2534,C,Hombre,1.09600552048181,LOS OLIVOS,694.931,643.908,723.111,Satisfactorio,0
2022223166203000318,2534,C,Hombre,1.19069135030155,LOS OLIVOS,628.039,629.634,643.088,En proceso,0
2022223166203000319,2534,C,Hombre,0.991448548901995,LOS OLIVOS,765.272,627.448,703.772,Satisfactorio,0
2022223166203000320,2534,C,Hombre,0.95560027456167,LOS OLIVOS,729.424,682.1,740.356,Satisfactorio,0
2022223166203000321,2534,C,Hombre,0.952039884845797,LOS OLIVOS,582.46,452.816,561.116,En inicio,1
2022223166203000322,2534,C,Mujer,-0.378502841848155,LOS OLIVOS,641.529,547.848,571.507,En inicio,1
2022223166203000323,2534,C,Mujer,0.119012851143808,LOS OLIVOS,561.887,323.065,527.779,En inicio,1
2022223166203000324,2534,C,Hombre,1.37036368917028,LOS OLIVOS,664.626,653.681,686.599,Satisfactorio,0
2022223166203000325,2534,C,Mujer,0.975357357201731,LOS OLIVOS,654.463,584.626,693.887,Satisfactorio,0
2022223166203000326,2534,C,Hombre,0.629983882620009,LOS OLIVOS,589.604,458.603,569.631,En inicio,1
2022223166203000327,2534,C,Hombre,1.23662002939745,LOS OLIVOS,599.521,409.223,560.395,En inicio,1
2022223166203000328,2534,C,Mujer,1.15897247840105,LOS OLIVOS,719.815,566.623,781.919,Satisfactorio,0
2022223166203000501,2534,E,Hombre,-0.117716610804518,LOS OLIVOS,607.898,487.408,622.09,En proceso,0
2022223166203000502,2534,E,Hombre,0.81300693298017,LOS OLIVOS,680.025,682.1,671.085,Satisfactorio,0
2022223166203000503,2534,E,Hombre,0.475800807287094,LOS OLIVOS,578.025,515.313,491.051,Previo al Inicio,1
2022223166203000504,2534,E,Hombre,1.03666808268891,LOS OLIVOS,617.137,566.623,578.867,En inicio,1
2022223166203000505,2534,E,Hombre,0.457184345446116,LOS OLIVOS,540.883, ,544.231,En inicio,1
2022223166203000506,2534,E,Hombre,1.22246382461173,LOS OLIVOS,576.423,503.868,626.996,En proceso,0
2022223166203000507,2534,E,Hombre,1.68007198852766,LOS OLIVOS,647.01,564.565,722.678,Satisfactorio,0
2022223166203000508,2534,E,Hombre,1.22997153037245,LOS OLIVOS,613.01,560.321,603.329,En proceso,0
2022223166203000509,2534,E,Mujer,0.182455565236019,LOS OLIVOS,537.249,494.61,633.563,En proceso,0
2022223166203000510,2534,E,Mujer,0.879877437918545,LOS OLIVOS,526.84,328.98,461.683,Previo al Inicio,1
2022223166203000511,2534,E,Mujer,-0.0616778466857972,LOS OLIVOS,655.818,572.924,622.09,En proceso,0
2022223166203000512,2534,E,Mujer,1.13060450376437,LOS OLIVOS,683.536,653.681,643.088,En proceso,0
2022223166203000513,2534,E,Mujer,1.36951430533888,LOS OLIVOS,584.8, ,558.735,En inicio,1
2022223166203000514,2534,E,Hombre,0.790936852315852,LOS OLIVOS,609.623, ,615.163,En proceso,0
2022223166203000515,2534,E,Hombre,-0.446633087894812,LOS OLIVOS,589.604,473.777,656.509,Satisfactorio,0
2022223166203000516,2534,E,Hombre,1.05586061537316,LOS OLIVOS,607.898,524.572,723.111,Satisfactorio,0
2022223166203000517,2534,E,Hombre,1.54627427270927,LOS OLIVOS,561.887,465.29,580.743,En inicio,1
2022223166203000518,2534,E,Mujer,0.941909436047254,LOS OLIVOS,620.586,422.725,634.14,En proceso,0
2022223166203000519,2534,E,Mujer,1.19797290566458,LOS OLIVOS,550.985,564.565,633.563,En proceso,0
2022223166203000520,2534,E,Mujer,1.33823140925807,LOS OLIVOS,596.873,458.603,518.471,Previo al Inicio,1
2022223166203000521,2534,E,Mujer,1.09618153483666,LOS OLIVOS,645.039,600.571,662.498,Satisfactorio,0
2022223166203000522,2534,E,Hombre,1.1269502311828,LOS OLIVOS,699.674,588.612,669.497,Satisfactorio,0
2022223176251700101,2661,A,Mujer,1.34089879746117,LOS OLIVOS,636.416,679.528,624.182,En proceso,0
2022223176251700102,2661,A,Mujer,0.770734961493497,LOS OLIVOS,711.992,564.565,622.09,En proceso,0
2022223176251700103,2661,A,Hombre,0.258390094743447,LOS OLIVOS,719.815,628.476,702.185,Satisfactorio,0
2022223176251700104,2661,A,Mujer,1.4102689639907,LOS OLIVOS,649.659,673.999,629.378,En proceso,0
2022223176251700105,2661,A,Mujer,1.70906541559079,LOS OLIVOS,692.221,661.782,693.887,Satisfactorio,0
2022223176251700106,2661,A,Hombre,0.966608661682712,LOS OLIVOS,561.579,398.55,472.001,Previo al Inicio,1
2022223176251700107,2661,A,Hombre,1.45902550809646,LOS OLIVOS,711.992,707.819,634.357,En proceso,0
2022223176251700108,2661,A,Mujer,1.81381988359852,LOS OLIVOS,603.586,544.89,580.743,En inicio,1
2022223176251700109,2661,A,Hombre,1.4102689639907,LOS OLIVOS,701.398,794.62,782.785,Satisfactorio,0
2022223176251700110,2661,A,Hombre,1.31023612927459,LOS OLIVOS,692.221,734.31,714.74,Satisfactorio,0
2022223176251700111,2661,A,Hombre,0.811770974361039,LOS OLIVOS,611.902,483.808,569.631,En inicio,1
2022223176251700112,2661,A,Hombre,1.21168837806574,LOS OLIVOS,667.46,550.934,579.444,En inicio,1
2022223176251700113,2661,A,Mujer,0.295393332585089,LOS OLIVOS,657.789,543.861,631.326,En proceso,0
2022223176251700114,2661,A,Mujer,1.21402783030313,LOS OLIVOS,675.467,564.565,613.07,En proceso,0
2022223176251700115,2661,A,Hombre,0.815146616780663,LOS OLIVOS,609.007,519.043,466.012,Previo al Inicio,1
2022223176251700116,2661,A,Mujer,1.365182887846,LOS OLIVOS,561.579,494.61,544.231,En inicio,1
2022223176251700117,2661,A,Hombre,1.57614913897378,LOS OLIVOS,711.992,722.222,755.726,Satisfactorio,0
2022223176251700118,2661,A,Mujer,1.21375499258617,LOS OLIVOS,657.789,507.984,643.088,En proceso,0
2022223176251700119,2661,A,Mujer,0.954543074828536,LOS OLIVOS,571.373,443.558,550.293,En inicio,1
2022223176251700120,2661,A,Hombre,1.33494942151025,LOS OLIVOS,644.177,525.601,633.563,En proceso,0
2022223176251700121,2661,A,Hombre,1.13660016192774,LOS OLIVOS,589.604,458.603,587.021,En inicio,1
2022223176251700122,2661,A,Hombre,1.2621937757725,LOS OLIVOS,645.039,648.023,599.721,En proceso,0
2022223176251700123,2661,A,Mujer,1.15959460238596,LOS OLIVOS,596.133,504.126,580.743,En inicio,1
2022223176251700124,2661,A,Mujer,1.50081305767063,LOS OLIVOS,701.398,572.924,613.07,En proceso,0
2022223176251700125,2661,A,Hombre,0.268407549796912,LOS OLIVOS,683.105,641.079,832.718,Satisfactorio,0
2022223176251700126,2661,A,Hombre,1.33744555082514,LOS OLIVOS,554.68,468.248,604.988,En proceso,0
2022223176251700127,2661,A,Mujer,1.66481095789996,LOS OLIVOS,568.108,350.841,515.585,Previo al Inicio,1
2022223176251700128,2661,A,Mujer,1.66481095789996,LOS OLIVOS,647.01,557.107,684.795,Satisfactorio,0
2022223176251700129,2661,A,Hombre,1.43304647199239,LOS OLIVOS,701.398,661.782,739.635,Satisfactorio,0
2022223176251700130,2661,A,Mujer,0.863062597413874,LOS OLIVOS,678.116,643.908,646.479,En proceso,0
2022223176251700131,2661,A,Hombre, ,LOS OLIVOS,667.152,776.489,721.667,Satisfactorio,0
2022223176251700201,2661,B,Mujer,0.714273218592008,LOS OLIVOS,667.46,606.873,579.444,En inicio,1
2022223176251700202,2661,B,Mujer,1.56928137383784,LOS OLIVOS,680.025,770.445,700.381,Satisfactorio,0
2022223176251700203,2661,B,Hombre,1.22127271897311,LOS OLIVOS,654.648,539.489,723.977,Satisfactorio,0
2022223176251700204,2661,B,Mujer,1.32889673600548,LOS OLIVOS,665.674,557.107,621.44,En proceso,0
2022223176251700205,2661,B,Hombre,0.179611692360144,LOS OLIVOS,688.895,611.502,595.896,En inicio,1
2022223176251700206,2661,B,Mujer,-0.517846087226813,LOS OLIVOS,694.931,572.924,679.239,Satisfactorio,0
2022223176251700207,2661,B,Hombre,1.38834399959482,LOS OLIVOS,680.025,483.936,587.743,En inicio,1
2022223176251700208,2661,B,Mujer,1.34152092144609,LOS OLIVOS,886.243,814.81,749.015,Satisfactorio,0
2022223176251700209,2661,B,Hombre,1.08527326548831,LOS OLIVOS,617.137,682.1,714.74,Satisfactorio,0
2022223176251700210,2661,B,Mujer,1.23132164662914,LOS OLIVOS,676.453,648.023,614.441,En proceso,0
2022223176251700211,2661,B,Hombre,0.611062704392955,LOS OLIVOS,591.452,635.806,569.775,En inicio,1
2022223176251700212,2661,B,Mujer,1.02000769352467,LOS OLIVOS,554.988,421.439,536.799,En inicio,1
2022223176251700213,2661,B,Mujer,1.07571231256086,LOS OLIVOS,636.724, ,686.599,Satisfactorio,0
2022223176251700214,2661,B,Mujer,1.51580203220139,LOS OLIVOS,550.985,428.769,522.656,En inicio,1
2022223176251700215,2661,B,Mujer,1.53106306282909,LOS OLIVOS,645.409,539.489,518.471,Previo al Inicio,1
2022223176251700216,2661,B,Mujer,1.15873480830844,LOS OLIVOS,591.452,557.107,524.46,En inicio,1
2022223176251700217,2661,B,Hombre,0.973202553809831,LOS OLIVOS,567.431,483.808,536.799,En inicio,1
2022223176251700218,2661,B,Hombre,0.611788888402562,LOS OLIVOS,701.398,768.902,782.785,Satisfactorio,0
2022223176251700219,2661,B,Mujer,1.42926435393394,LOS OLIVOS,757.203,821.497,740.356,Satisfactorio,0
2022223176251700220,2661,B,Mujer,1.0115781751957,LOS OLIVOS,665.242,525.601,614.441,En proceso,0
2022223176251700221,2661,B,Mujer,1.27432929487043,LOS OLIVOS,630.688,539.489,505.843,Previo al Inicio,1
2022223176251700222,2661,B,Mujer,1.49477691098856,LOS OLIVOS,657.789,673.999,669.497,Satisfactorio,0
2022223176251700223,2661,B,Mujer,1.60803443379502,LOS OLIVOS,564.72,504.126,634.14,En proceso,0
2022223176251700224,2661,B,Mujer,0.307524275609367,LOS OLIVOS,617.137,550.934,621.44,En proceso,0
2022223176251700225,2661,B,Hombre,0.800657557945045,LOS OLIVOS,813.623,821.497,791.949,Satisfactorio,0
2022223176251700226,2661,B,Hombre,1.61972488175526,LOS OLIVOS,538.112,428.769,569.775,En inicio,1
2022223176251700227,2661,B,Hombre,0.792577551145509,LOS OLIVOS,637.155,560.321,669.497,Satisfactorio,0
2022223176251700228,2661,B,Hombre,1.0985683259644,LOS OLIVOS,701.398,734.31,686.599,Satisfactorio,0
2022223176251700229,2661,B,Mujer,0.845807712964905,LOS OLIVOS,708.851,545.404,569.126,En inicio,1
2022223176251700230,2661,B,Hombre,1.66481095789996,LOS OLIVOS,703.061,731.609,645.036,En proceso,0
2022223176251700231,2661,B,Hombre,1.41252368916568,LOS OLIVOS,575.746,463.876,542.211,En inicio,1
2022223176251700232,2661,B,Mujer, ,LOS OLIVOS,599.46, ,573.022,En inicio,1
2022223108824400101,1509,A,Mujer,1.76873380745383,RIMAC,667.46,417.582,560.395,En inicio,1
2022223108824400102,1509,A,Mujer,1.06348610363463,RIMAC,561.887,452.816,545.097,En inicio,1
2022223108824400103,1509,A,Hombre,1.1438729199906,RIMAC,654.648,804.394,603.329,En proceso,0
2022223108824400104,1509,A,Mujer,0.992365932212915,RIMAC,601.184,507.984,599.288,En proceso,0
2022223108824400105,1509,A,Hombre,0.607841045762891,RIMAC,654.956,543.861,604.988,En proceso,0
2022223108824400106,1509,A,Hombre,0.524410676529892,RIMAC,538.112,386.59,451.076,Previo al Inicio,1
2022223108824400107,1509,A,Hombre,0.740014947805105,RIMAC,490.13,539.489,443.571,Previo al Inicio,1
2022223108824400108,1509,A,Mujer,1.12055748801339,RIMAC,687.601,515.313,593.876,En inicio,1
2022223108824400109,1509,A,Hombre,0.883052268805084,RIMAC,634.63,588.612,588.897,En inicio,1
2022223108824400110,1509,A,Hombre,1.43442980421617,RIMAC,611.902,550.934,682.125,Satisfactorio,0
2022223108824400111,1509,A,Mujer,1.09499625956193,RIMAC,553.017,401.25,524.46,En inicio,1
2022223108824400112,1509,A,Hombre,1.03149082718669,RIMAC,611.347,564.565,519.048,Previo al Inicio,1
2022223108824400113,1509,A,Hombre,0.761220287380203,RIMAC,613.01,498.853,558.735,En inicio,1
2022223108824400114,1509,A,Mujer,1.53735292529338,RIMAC,634.63,515.313,599.288,En proceso,0
2022223108824400115,1509,A,Mujer,0.715769979400099,RIMAC,568.478,504.126,561.116,En inicio,1
2022223108824400116,1509,A,Mujer,1.38147623445888,RIMAC,645.039,572.924,579.444,En inicio,1
2022223108824400117,1509,A,Hombre,0.741482609016354,RIMAC,611.347,629.634,620.286,En proceso,0
2022223108824400118,1509,A,Hombre,0.953450552511224,RIMAC,564.72,428.769,516.811,Previo al Inicio,1
2022223108824400119,1509,A,Mujer,0.265159739000602,RIMAC,609.007,604.558,599.288,En proceso,0
2022223108824400120,1509,A,Mujer,1.31561122761961,RIMAC,627.916,623.718,604.988,En proceso,0
2022223108824400121,1509,A,Hombre,1.08484746354214,RIMAC,607.898,504.126,589.33,En inicio,1
2022223126407600101,1815,A,Mujer,1.40590110585361,RIMAC,591.452,673.999,569.775,En inicio,1
2022223126407600102,1815,A,Hombre,1.17737774846704,RIMAC,529.673,524.572,580.743,En inicio,1
2022223126407600103,1815,A,Mujer,0.710764608588806,RIMAC,701.398,572.924,658.024,Satisfactorio,0
2022223126407600104,1815,A,Hombre,0.868209528595974,RIMAC,625.699,463.876,646.479,En proceso,0
2022223126407600105,1815,A,Hombre,1.01459175698667,RIMAC,654.956,675.799,668.776,Satisfactorio,0
2022223126407600106,1815,A,Mujer,1.22879814758805,RIMAC,625.576,654.067,569.775,En inicio,1
2022223126407600107,1815,A,Mujer,1.29294099004557,RIMAC,637.155,600.571,609.823,En proceso,0
2022223126407600108,1815,A,Hombre,0.465075730859839,RIMAC,591.637,566.623,623.316,En proceso,0
2022223126407600109,1815,A,Hombre,0.0796533741374382,RIMAC,757.203,619.089,740.356,Satisfactorio,0
2022223126407600110,1815,A,Hombre,1.53106306282909,RIMAC,665.242,606.873,587.021,En inicio,1
2022223126407600111,1815,A,Hombre,0.986727726813331,RIMAC,616.521,605.587,679.239,Satisfactorio,0
2022223126407600112,1815,A,Mujer,0.565761805587898,RIMAC,628.039,682.1,545.097,En inicio,1
2022223126407600113,1815,A,Mujer,1.38834399959482,RIMAC,613.01,536.017,634.14,En proceso,0
2022223126407600114,1815,A,Mujer,1.39819746300859,RIMAC,654.463,504.126,676.208,Satisfactorio,0
2022223126407600115,1815,A,Hombre,0.312427293157989,RIMAC,654.956,670.398,604.988,En proceso,0
2022223126407600116,1815,A,Hombre,1.72893088357879,RIMAC,607.898,543.861,599.721,En proceso,0
2022223126407600117,1815,A,Mujer,1.0511677308408,RIMAC,596.133,506.44,536.438,En inicio,1
2022223126407600118,1815,A,Hombre,1.31040260928242,RIMAC,620.586,560.321,658.024,Satisfactorio,0
2022223126407600119,1815,A,Hombre,1.45902550809646,RIMAC,609.007,473.777,588.897,En inicio,1
2022223126407600120,1815,A,Hombre,0.730261162582979,RIMAC,596.873,442.658,518.471,Previo al Inicio,1
2022223126407600121,1815,A,Mujer,1.14488568070294,RIMAC,560.532,421.439,506.781,Previo al Inicio,1
2022223148172000101,2271,A,Hombre,0.511865862818624,RIMAC,645.039,545.404,569.775,En inicio,1
2022223148172000102,2271,A,Hombre,0.474544973686376,RIMAC,619.478,699.332,702.185,Satisfactorio,0
2022223148172000103,2271,A,Mujer,0.660687963901955,RIMAC,538.296,378.746,499.782,Previo al Inicio,1
2022223148172000104,2271,A,Mujer,0.81856500964236,RIMAC,634.63,564.565,599.288,En proceso,0
2022223148172000105,2271,A,Hombre,-0.162076853570191,RIMAC,604.264,478.793,561.116,En inicio,1
2022223148172000106,2271,A,Hombre,-0.4474246571702,RIMAC,523.083,536.017,524.46,En inicio,1
2022223148172000107,2271,A,Hombre,0.752774627270469,RIMAC,669.8,566.623,655.715,Satisfactorio,0
2022223148172000108,2271,A,Hombre,1.07219199823478,RIMAC,524.746,349.684,432.387,Previo al Inicio,1
2022223148172000109,2271,A,Hombre,0.857114234329193,RIMAC,537.249,543.861,621.44,En proceso,0
2022223148172000110,2271,A,Mujer,0.549031668028089,RIMAC,504.912,408.194,450.715,Previo al Inicio,1
2022223148172000111,2271,A,Mujer,0.480256813729667,RIMAC,607.898,478.793,515.585,Previo al Inicio,1
2022223148172000112,2271,A,Hombre,1.42273935625593,RIMAC,588.989,536.017,562.704,En inicio,1
2022223148172000114,2271,A,Hombre,0.963560446304243,RIMAC,645.471,529.33,646.479,En proceso,0
2022223148172000115,2271,A,Hombre, ,RIMAC,538.666, ,439.242,Previo al Inicio,1
2022223088533500101,1295,A,Hombre,0.979446487446296,SAN MARTIN DE PORRES,637.155,448.701,609.823,En proceso,0
2022223088533500102,1295,A,Mujer,0.936264339789744,SAN MARTIN DE PORRES,598.597,560.321,584.784,En inicio,1
2022223088533500103,1295,A,Mujer,-0.0972827552098031,SAN MARTIN DE PORRES,586.155,515.313,540.984,En inicio,1
2022223088533500104,1295,A,Hombre,0.901660036849197,SAN MARTIN DE PORRES,575.438,524.572,500.72,Previo al Inicio,1
2022223088533500105,1295,A,Mujer,0.340275760556518,SAN MARTIN DE PORRES,625.576,465.29,599.721,En proceso,0
2022223088533500106,1295,A,Mujer,0.745605475583373,SAN MARTIN DE PORRES,581.967,401.25,519.048,Previo al Inicio,1
2022223088533500107,1295,A,Mujer,1.12122849974817,SAN MARTIN DE PORRES,605.681,525.601,603.329,En proceso,0
2022223088533500108,1295,A,Hombre,1.40495176145513,SAN MARTIN DE PORRES,654.463,498.853,569.126,En inicio,1
2022223088533500109,1295,A,Hombre,0.326103209733009,SAN MARTIN DE PORRES,676.453,578.453,604.988,En proceso,0
2022223088533500110,1295,A,Mujer,0.934178307156472,SAN MARTIN DE PORRES,583.507,524.572,533.336,En inicio,1
2022223088533500111,1295,A,Hombre,1.22308594859664,SAN MARTIN DE PORRES,581.967,529.33,580.743,En inicio,1
2022223088533500112,1295,A,Hombre,1.62287050478126,SAN MARTIN DE PORRES,496.351,378.746,453.601,Previo al Inicio,1
2022223088533500113,1295,A,Mujer,1.00148312344803,SAN MARTIN DE PORRES,692.221,675.799,621.44,En proceso,0
2022223088533500114,1295,A,Mujer,0.979264383301166,SAN MARTIN DE PORRES,575.438,326.151,569.631,En inicio,1
2022223088533500115,1295,A,Mujer,1.30540391210327,SAN MARTIN DE PORRES,635,494.61,569.775,En inicio,1
2022223088533500116,1295,A,Hombre,1.15104839386401,SAN MARTIN DE PORRES,581.967,377.46,590.124,En inicio,1
2022223088533500117,1295,A,Mujer,1.10005848213956,SAN MARTIN DE PORRES,701.398, ,658.024,Satisfactorio,0
2022223088533500118,1295,A,Hombre,0.541722266264949,SAN MARTIN DE PORRES,692.221,585.269,774.703,Satisfactorio,0
2022223088533500119,1295,A,Mujer, ,SAN MARTIN DE PORRES,581.412,564.565,518.832,Previo al Inicio,1
2022223088533500201,1295,B,Hombre,1.12979124709282,SAN MARTIN DE PORRES,560.532,605.587,524.46,En inicio,1
2022223088533500202,1295,B,Mujer,1.51937261486885,SAN MARTIN DE PORRES,561.887,417.582,492.494,Previo al Inicio,1
2022223088533500203,1295,B,Mujer,0.543064911911199,SAN MARTIN DE PORRES,628.471,452.816,623.316,En proceso,0
2022223088533500204,1295,B,Hombre,0.496849716456178,SAN MARTIN DE PORRES,644.177,588.612,660.55,Satisfactorio,0
2022223088533500205,1295,B,Hombre,0.531666678272116,SAN MARTIN DE PORRES,654.956,529.33,634.357,En proceso,0
2022223088533500206,1295,B,Mujer,0.641092732577184,SAN MARTIN DE PORRES,583.507,543.861,610.544,En proceso,0
2022223088533500207,1295,B,Mujer,1.34783008799559,SAN MARTIN DE PORRES,657.789,584.626,655.715,Satisfactorio,0
2022223088533500208,1295,B,Hombre,1.64793970861544,SAN MARTIN DE PORRES,584.8,604.558,623.316,En proceso,0
2022223088533500209,1295,B,Hombre,1.1862964074102,SAN MARTIN DE PORRES,571.865,494.61,531.82,En inicio,1
2022223088533500210,1295,B,Hombre,0.915010250429339,SAN MARTIN DE PORRES,540.883,421.568,527.13,En inicio,1
2022223088533500211,1295,B,Hombre,0.906550149829963,SAN MARTIN DE PORRES,568.108,529.33,610.544,En proceso,0
2022223088533500212,1295,B,Mujer,0.770048095824836,SAN MARTIN DE PORRES,637.155,653.681,580.743,En inicio,1
2022223088533500213,1295,B,Hombre,1.03422164052599,SAN MARTIN DE PORRES,654.648,584.626,567.25,En inicio,1
2022223088533500214,1295,B,Mujer,1.57134347654344,SAN MARTIN DE PORRES,625.699,582.054,522.656,En inicio,1
2022223088533500215,1295,B,Hombre,0.400317664699923,SAN MARTIN DE PORRES,582.152,583.597,531.387,En inicio,1
2022223088533500216,1295,B,Hombre,1.13417714457949,SAN MARTIN DE PORRES,680.333,759.257,662.498,Satisfactorio,0
2022223088533500217,1295,B,Hombre,0.912755525254359,SAN MARTIN DE PORRES,719.815,670.398,684.795,Satisfactorio,0
2022223088533500218,1295,B,Hombre,1.36827707134872,SAN MARTIN DE PORRES,675.467,523.801,686.599,Satisfactorio,0
2022223088533500219,1295,B,Hombre,1.06810830637247,SAN MARTIN DE PORRES,678.116, ,633.563,En proceso,0
2022223088533500220,1295,B,Mujer,0.765237080373748,SAN MARTIN DE PORRES,611.902,519.043,587.021,En inicio,1
2022223088533500221,1295,B,Hombre, ,SAN MARTIN DE PORRES,575.068,578.453,547.19,En inicio,1
2022223124855800101,1794,A,Hombre,0.631192161797222,SAN MARTIN DE PORRES,625.576,539.489,662.498,Satisfactorio,0
2022223124855800102,1794,A,Mujer,1.06382786796516,SAN MARTIN DE PORRES,747.101,623.718,643.088,En proceso,0
2022223124855800103,1794,A,Hombre,0.502388700883127,SAN MARTIN DE PORRES,591.637,588.612,634.14,En proceso,0
2022223124855800104,1794,A,Hombre,0.499956934863945,SAN MARTIN DE PORRES,678.116,595.556,646.479,En proceso,0
2022223124855800105,1794,A,Mujer,1.25790160463843,SAN MARTIN DE PORRES,514.952, ,438.881,Previo al Inicio,1
2022223124855800106,1794,A,Hombre,1.35465706697325,SAN MARTIN DE PORRES,560.532,468.248,560.395,En inicio,1
2022223124855800107,1794,A,Hombre,0.379203315899996,SAN MARTIN DE PORRES,596.133,604.558,631.326,En proceso,0
2022223124855800108,1794,A,Mujer,0.7770587176553,SAN MARTIN DE PORRES,551.539,494.61,603.329,En proceso,0
2022223124855800109,1794,A,Hombre,0.224004118049395,SAN MARTIN DE PORRES,578.949,588.612,610.111,En proceso,0
2022223124855800110,1794,A,Mujer,1.26666169137812,SAN MARTIN DE PORRES,636.416,486.765,614.441,En proceso,0
2022223124855800111,1794,A,Mujer,0.0363576538422959,SAN MARTIN DE PORRES,625.576,523.801,634.357,En proceso,0
2022223124855800112,1794,A,Hombre,1.428775502938,SAN MARTIN DE PORRES,628.039,650.723,571.651,En inicio,1
2022223124855800113,1794,A,Hombre,1.03651314297362,SAN MARTIN DE PORRES,636.724,628.476,686.599,Satisfactorio,0
2022223124855800114,1794,A,Mujer,0.731487040855689,SAN MARTIN DE PORRES,617.137,431.341,531.82,En inicio,1
2022223124855800115,1794,A,Mujer,0.984808431029043,SAN MARTIN DE PORRES,719.692,545.404,535.717,En inicio,1
2022223124855800116,1794,A,Mujer,0.805652806979178,SAN MARTIN DE PORRES,515.506,486.765,551.231,En inicio,1
2022223124855800117,1794,A,Hombre,0.576212674930501,SAN MARTIN DE PORRES,637.155,585.269,643.088,En proceso,0
2022223124855800118,1794,A,Mujer,1.21931958517344,SAN MARTIN DE PORRES,645.409,703.447,584.784,En inicio,1
2022223124855800119,1794,A,Mujer,1.01730049879314,SAN MARTIN DE PORRES,537.249,458.603,588.897,En inicio,1
2022223124855800120,1794,A,Mujer, ,SAN MARTIN DE PORRES,596.873, ,624.182,En proceso,0
2022223124855800121,1794,A,Mujer,1.00390677409253,SAN MARTIN DE PORRES,607.898,421.568,551.231,En inicio,1
2022223124855800201,1794,B,Hombre,0.949887275472192,SAN MARTIN DE PORRES,483.97,431.341,479.722,Previo al Inicio,1
2022223124855800202,1794,B,Hombre,0.896442874556276,SAN MARTIN DE PORRES,669.8,661.782,620.286,En proceso,0
2022223124855800203,1794,B,Mujer,1.09153760487619,SAN MARTIN DE PORRES,524.746,550.934,541.922,En inicio,1
2022223124855800204,1794,B,Hombre,0.539734582205385,SAN MARTIN DE PORRES,557.883,483.936,599.288,En proceso,0
2022223124855800205,1794,B,Mujer,1.12349731308651,SAN MARTIN DE PORRES,481.322,339.01,491.484,Previo al Inicio,1
2022223124855800206,1794,B,Hombre,0.54855978304315,SAN MARTIN DE PORRES,523.329,410.766,537.304,En inicio,1
2022223124855800207,1794,B,Hombre,0.570173665052933,SAN MARTIN DE PORRES,669.8,452.816,747.933,Satisfactorio,0
2022223124855800208,1794,B,Hombre,0.235840659366395,SAN MARTIN DE PORRES,584.8,661.782,463.487,Previo al Inicio,1
2022223124855800209,1794,B,Hombre,0.691506237508729,SAN MARTIN DE PORRES,634.63,619.089,660.55,Satisfactorio,0
2022223124855800210,1794,B,Mujer,1.26078579335467,SAN MARTIN DE PORRES,582.46,503.868,544.231,En inicio,1
2022223124855800211,1794,B,Hombre,0.717470170363656,SAN MARTIN DE PORRES,607.898,428.769,589.33,En inicio,1
2022223124855800212,1794,B,Hombre,0.690692431354376,SAN MARTIN DE PORRES,529.673,396.235,501.442,Previo al Inicio,1
2022223124855800213,1794,B,Mujer,1.25827312521707,SAN MARTIN DE PORRES,578.025,431.341,541.922,En inicio,1
2022223124855800214,1794,B,Hombre,0.831888058792666,SAN MARTIN DE PORRES,644.177,611.502,740.356,Satisfactorio,0
2022223124855800215,1794,B,Hombre,1.14109159662651,SAN MARTIN DE PORRES,540.883,443.686,461.683,Previo al Inicio,1
2022223124855800216,1794,B,Mujer,1.3606973037643,SAN MARTIN DE PORRES,599.521,503.868,515.585,Previo al Inicio,1
2022223124855800217,1794,B,Mujer,1.33823140925807,SAN MARTIN DE PORRES,542.485,428.769,492.494,Previo al Inicio,1
2022223124855800218,1794,B,Hombre,0.765498986344656,SAN MARTIN DE PORRES,620.586,539.489,658.024,Satisfactorio,0
2022223124855800219,1794,B,Mujer,0.0714914317915645,SAN MARTIN DE PORRES,501.894,600.571,495.02,Previo al Inicio,1
2022223124855800220,1794,B,Hombre,0.356629734412946,SAN MARTIN DE PORRES,575.438,483.808,595.896,En inicio,1
2022223124855800221,1794,B,Hombre, ,SAN MARTIN DE PORRES,583.507,421.439,590.557,En inicio,1
2022223124855800222,1794,B,Mujer,0.85142032381006,SAN MARTIN DE PORRES,575.13,483.936,553.828,En inicio,1
2022223124855800223,1794,B,Hombre,0.205230011054589,SAN MARTIN DE PORRES,628.471,605.587,634.14,En proceso,0
2022223124855800224,1794,B,Mujer,0.869953402457143,SAN MARTIN DE PORRES,617.137,654.067,676.208,Satisfactorio,0
2022223124855800225,1794,B,Mujer,0.315927441198211,SAN MARTIN DE PORRES,547.782,536.017,527.13,En inicio,1
2022223124855800226,1794,B,Mujer,0.85142032381006,SAN MARTIN DE PORRES,607.898,504.126,533.336,En inicio,1
2022223124855800227,1794,B,Hombre,0.853847984476104,SAN MARTIN DE PORRES,588.989,507.984,643.088,En proceso,0
2022223124855800228,1794,B,Mujer,1.18255854979132,SAN MARTIN DE PORRES,675.467,606.873,634.14,En proceso,0
2022223124855800229,1794,B,Mujer,0.778377793228787,SAN MARTIN DE PORRES,678.116,584.626,621.44,En proceso,0
2022223124855800230,1794,B,Hombre,1.30798140409961,SAN MARTIN DE PORRES,561.579,478.793,604.988,En proceso,0
2022223130891500101,1860,A,Mujer,0.467497222467227,SAN MARTIN DE PORRES,654.956,627.448,578.29,En inicio,1
2022223130891500102,1860,A,Hombre,-0.137458814280923,SAN MARTIN DE PORRES,625.576,498.853,579.444,En inicio,1
2022223130891500103,1860,A,Mujer,0.361392161563824,SAN MARTIN DE PORRES,657.789,494.61,527.779,En inicio,1
2022223130891500104,1860,A,Hombre,1.12957275848151,SAN MARTIN DE PORRES,636.724,722.222,634.14,En proceso,0
2022223130891500105,1860,A,Hombre,1.22246382461173,SAN MARTIN DE PORRES,617.137,507.984,676.208,Satisfactorio,0
2022223130891500106,1860,A,Hombre,0.689011973310908,SAN MARTIN DE PORRES,768.105,739.582,758.612,Satisfactorio,0
2022223130891500107,1860,A,Mujer,1.29968218066864,SAN MARTIN DE PORRES,635,584.626,634.357,En proceso,0
2022223130891500108,1860,A,Hombre,1.43920580012939,SAN MARTIN DE PORRES,588.989,417.582,590.124,En inicio,1
2022223130891500109,1860,A,Hombre,1.66481095789996,SAN MARTIN DE PORRES,645.409,578.453,671.59,Satisfactorio,0
2022223130891500110,1860,A,Hombre,1.51580203220139,SAN MARTIN DE PORRES,625.699,463.361,578.867,En inicio,1
2022223130891500111,1860,A,Mujer,1.42233455084488,SAN MARTIN DE PORRES,619.724,550.934,614.441,En proceso,0
2022223130891500112,1860,A,Hombre,1.14686732101639,SAN MARTIN DE PORRES,694.931,739.582,723.111,Satisfactorio,0
2022223130891500113,1860,A,Mujer,0.726447387745591,SAN MARTIN DE PORRES,561.887,487.408,510.317,Previo al Inicio,1
2022223130891500114,1860,A,Mujer,0.441823124245699,SAN MARTIN DE PORRES,591.637,458.603,453.601,Previo al Inicio,1
2022223130891500115,1860,A,Hombre,0.624728853388729,SAN MARTIN DE PORRES,578.949,557.107,621.44,En proceso,0
2022223130891500116,1860,A,Hombre,1.39129798603246,SAN MARTIN DE PORRES,611.902,611.502,624.182,En proceso,0
2022223130891500117,1860,A,Mujer,1.49477691098856,SAN MARTIN DE PORRES,530.597,443.686,515.585,Previo al Inicio,1
2022223130891500118,1860,A,Hombre,1.53483588173553,SAN MARTIN DE PORRES,619.478,679.528,631.326,En proceso,0
2022223130891500119,1860,A,Hombre,1.64856183260035,SAN MARTIN DE PORRES,598.597,525.601,516.811,Previo al Inicio,1
2022223130891500120,1860,A,Hombre,0.360017848604992,SAN MARTIN DE PORRES,593.547,628.476,610.111,En proceso,0
2022223130891500121,1860,A,Hombre,1.34992185721831,SAN MARTIN DE PORRES,627.916,494.61,595.896,En inicio,1
2022223130891500122,1860,A,Mujer,1.42098939260448,SAN MARTIN DE PORRES,575.746,421.568,440.901,Previo al Inicio,1
2022223130891500123,1860,A,Mujer,1.33795838939064,SAN MARTIN DE PORRES,568.478,421.439,553.828,En inicio,1
2022223130891500124,1860,A,Hombre, ,SAN MARTIN DE PORRES,578.825,422.725,445.736,Previo al Inicio,1
2022223148297500101,2272,A,Mujer,1.44617406280936,SAN MARTIN DE PORRES,719.692,675.799,587.021,En inicio,1
2022223148297500102,2272,A,Mujer,1.00134425092287,SAN MARTIN DE PORRES,655.818,604.558,634.357,En proceso,0
2022223148297500103,2272,A,Mujer,1.49893078291687,SAN MARTIN DE PORRES,637.155,452.816,609.823,En proceso,0
2022223148297500104,2272,A,Hombre,1.33056076529524,SAN MARTIN DE PORRES,765.272,759.257,782.785,Satisfactorio,0
2022223148297500105,2272,A,Mujer,1.20887845707855,SAN MARTIN DE PORRES,729.424,643.908,693.887,Satisfactorio,0
2022223148297500106,2272,A,Mujer,1.57343524576616,SAN MARTIN DE PORRES,636.416,629.634,624.182,En proceso,0
2022223148297500107,2272,A,Hombre,0.146496231527349,SAN MARTIN DE PORRES,575.746,525.601,579.444,En inicio,1
2022223148297500108,2272,A,Hombre,1.21154584528166,SAN MARTIN DE PORRES,683.536,713.606,684.795,Satisfactorio,0
2022223148297500109,2272,A,Mujer,1.05714224821508,SAN MARTIN DE PORRES,605.681,515.313,613.07,En proceso,0
2022223148297500110,2272,A,Hombre,0.836928024980209,SAN MARTIN DE PORRES,609.007,545.404,599.288,En proceso,0
2022223148297500111,2272,A,Hombre,1.69883445284635,SAN MARTIN DE PORRES,611.902,507.984,668.776,Satisfactorio,0
2022223148297500112,2272,A,Mujer,1.45384470677218,SAN MARTIN DE PORRES,761.268,707.819,662.498,Satisfactorio,0
2022223148297500113,2272,A,Hombre,1.40503998830999,SAN MARTIN DE PORRES,669.8,770.445,781.919,Satisfactorio,0
2022223148297500114,2272,A,Hombre,1.35217658239329,SAN MARTIN DE PORRES,591.637, ,634.14,En proceso,0
2022223148297500115,2272,A,Hombre,1.54522041890598,SAN MARTIN DE PORRES,601.184,673.999,660.55,Satisfactorio,0
2022223148297500116,2272,A,Mujer,1.66481095789996,SAN MARTIN DE PORRES,676.453,588.612,624.182,En proceso,0
2022223148297500117,2272,A,Mujer,1.66481095789996,SAN MARTIN DE PORRES,655.818,595.556,634.357,En proceso,0
2022223148297500118,2272,A,Mujer,-0.00231122351450063,SAN MARTIN DE PORRES,603.586,483.936,571.651,En inicio,1
2022223148297500119,2272,A,Mujer,0.773478933497666,SAN MARTIN DE PORRES,645.409,564.565,623.316,En proceso,0
2022223148297500120,2272,A,Hombre,1.39720182161222,SAN MARTIN DE PORRES,625.699,560.321,578.867,En inicio,1
2022223148297500121,2272,A,Hombre,1.51287864452481,SAN MARTIN DE PORRES,596.873,409.223,569.631,En inicio,1
2022223148297500122,2272,A,Mujer,1.14686732101639,SAN MARTIN DE PORRES,761.268,759.257,679.239,Satisfactorio,0
2022223148297500123,2272,A,Hombre,1.36596148804896,SAN MARTIN DE PORRES,622.188,507.984,570.425,En inicio,1
2022223148297500124,2272,A,Hombre,1.42233455084488,SAN MARTIN DE PORRES,605.681,606.873,645.613,En proceso,0
2022223148297500125,2272,A,Hombre,0.509011650000283,SAN MARTIN DE PORRES,609.007,525.601,660.55,Satisfactorio,0
2022223148297500126,2272,A,Mujer,1.15282523613924,SAN MARTIN DE PORRES,636.416,628.476,552.674,En inicio,1
2022223148297500127,2272,A,Hombre,0.963412448475692,SAN MARTIN DE PORRES,591.452,557.107,622.09,En proceso,0
2022223148297500128,2272,A,Mujer,1.58343872991473,SAN MARTIN DE PORRES,792.127,804.394,722.678,Satisfactorio,0
2022223148297500129,2272,A,Hombre,1.66481095789996,SAN MARTIN DE PORRES,737.862,699.332,782.785,Satisfactorio,0
2022223148297500130,2272,A,Mujer,1.0202556317706999,SAN MARTIN DE PORRES,609.007,443.558,588.897,En inicio,1
2022223148297500131,2272,A,Hombre,1.34053900960929,SAN MARTIN DE PORRES,703.061,770.445,733.934,Satisfactorio,0
2022223148297500132,2272,A,Hombre,1.34900685580406,SAN MARTIN DE PORRES,635,478.793,579.444,En inicio,1
2022223148297500133,2272,A,Hombre,1.66481095789996,SAN MARTIN DE PORRES,637.155,515.313,669.497,Satisfactorio,0
2022223148297500134,2272,A,Mujer,1.64793970861544,SAN MARTIN DE PORRES,628.471,661.782,575.909,En inicio,1
2022223148297500135,2272,A,Hombre,1.14875089718286,SAN MARTIN DE PORRES,802.721,731.609,774.703,Satisfactorio,0
2022223148297500136,2272,A,Hombre,1.07345489891316,SAN MARTIN DE PORRES,645.409,523.801,614.441,En proceso,0
2022223148297500137,2272,A,Mujer,1.07345489891316,SAN MARTIN DE PORRES,523.083,339.01,497.834,Previo al Inicio,1
2022223148297500138,2272,A,Mujer,1.18069498130828,SAN MARTIN DE PORRES,657.789,628.476,562.704,En inicio,1
2022223148297500139,2272,A,Mujer,-0.425556871827875,SAN MARTIN DE PORRES,645.409,623.718,558.735,En inicio,1
2022223148297500140,2272,A,Mujer,1.39202102028794,SAN MARTIN DE PORRES,644.177,635.806,693.887,Satisfactorio,0
2022223148297500141,2272,A,Mujer, ,SAN MARTIN DE PORRES,723.018,814.295,656.942,Satisfactorio,0
2022223148297500301,2272,C,Mujer,0.899417630451666,SAN MARTIN DE PORRES,813.623,961.793,758.612,Satisfactorio,0
2022223148297500302,2272,C,Hombre,1.42058406163474,SAN MARTIN DE PORRES,607.898,670.398,634.357,En proceso,0
2022223148297500303,2272,C,Mujer,1.3387900078445,SAN MARTIN DE PORRES,747.101,707.819,781.919,Satisfactorio,0
2022223148297500304,2272,C,Hombre,1.24055559426441,SAN MARTIN DE PORRES,613.01,605.587,658.024,Satisfactorio,0
2022223148297500305,2272,C,Mujer,1.17480164005841,SAN MARTIN DE PORRES,708.851,654.067,646.479,En proceso,0
2022223148297500306,2272,C,Hombre,0.621853158497319,SAN MARTIN DE PORRES,665.242,702.418,656.509,Satisfactorio,0
2022223148297500307,2272,C,Hombre,1.57614913897378,SAN MARTIN DE PORRES,711.992,661.782,662.498,Satisfactorio,0
2022223148297500308,2272,C,Hombre,1.57614913897378,SAN MARTIN DE PORRES,719.815,731.609,722.678,Satisfactorio,0
2022223148297500309,2272,C,Hombre,1.66481095789996,SAN MARTIN DE PORRES,675.467,707.819,686.599,Satisfactorio,0
2022223148297500310,2272,C,Hombre,1.66481095789996,SAN MARTIN DE PORRES,617.137,564.565,660.55,Satisfactorio,0
2022223148297500311,2272,C,Hombre,1.20721442778878,SAN MARTIN DE PORRES,645.409,682.1,604.988,En proceso,0
2022223148297500312,2272,C,Mujer,1.6345609527415,SAN MARTIN DE PORRES,677.315,734.31,615.595,En proceso,0
2022223148297500313,2272,C,Hombre,1.49893078291687,SAN MARTIN DE PORRES,683.536,759.257,643.088,En proceso,0
2022223148297500314,2272,C,Mujer,1.57614913897378,SAN MARTIN DE PORRES,598.597,529.33,593.876,En inicio,1
2022223148297500315,2272,C,Hombre,-0.010681351577474,SAN MARTIN DE PORRES,544.086,463.876,569.126,En inicio,1
2022223148297500316,2272,C,Hombre,1.38834399959482,SAN MARTIN DE PORRES,568.478,506.44,561.116,En inicio,1
2022223148297500317,2272,C,Hombre,1.57614913897378,SAN MARTIN DE PORRES,807.156,654.067,679.239,Satisfactorio,0
2022223148297500318,2272,C,Mujer,1.45902550809646,SAN MARTIN DE PORRES,792.127,702.418,722.678,Satisfactorio,0
2022223148297500319,2272,C,Hombre,1.3097304058644,SAN MARTIN DE PORRES,687.601,588.612,658.024,Satisfactorio,0
2022223148297500320,2272,C,Mujer,0.986846662266934,SAN MARTIN DE PORRES,617.137,550.934,550.22,En inicio,1
2022223148297500321,2272,C,Mujer,0.866338433385994,SAN MARTIN DE PORRES,768.105,776.489,668.776,Satisfactorio,0
2022223148297500322,2272,C,Mujer,1.4222710254464,SAN MARTIN DE PORRES,645.039,650.723,698.866,Satisfactorio,0
2022223148297500323,2272,C,Mujer,1.24956959033189,SAN MARTIN DE PORRES,669.8,628.476,590.124,En inicio,1
2022223148297500324,2272,C,Hombre,1.57614913897378,SAN MARTIN DE PORRES,544.949,494.61,491.051,Previo al Inicio,1
2022223148297500325,2272,C,Hombre,0.396563944269525,SAN MARTIN DE PORRES,692.221,635.806,693.887,Satisfactorio,0
2022223148297500326,2272,C,Hombre,1.3336727319187,SAN MARTIN DE PORRES,768.105,572.924,758.612,Satisfactorio,0
2022223148297500327,2272,C,Hombre,1.3960751284856,SAN MARTIN DE PORRES,807.156,629.634,755.726,Satisfactorio,0
2022223148297500328,2272,C,Hombre,1.17371663229265,SAN MARTIN DE PORRES,596.133,564.565,655.715,Satisfactorio,0
2022223148297500329,2272,C,Hombre,1.36896847565192,SAN MARTIN DE PORRES,591.637,560.321,541.922,En inicio,1
2022223148297500330,2272,C,Mujer,1.64793970861544,SAN MARTIN DE PORRES,634.63,600.571,540.984,En inicio,1
2022223148297500331,2272,C,Mujer,1.15639498640471,SAN MARTIN DE PORRES,676.453,504.126,624.182,En proceso,0
2022223148297500332,2272,C,Hombre,0.932298032084014,SAN MARTIN DE PORRES,694.931,595.556,647.706,En proceso,0
2022223148297500333,2272,C,Hombre,0.863218042197957,SAN MARTIN DE PORRES,647.01,585.269,655.715,Satisfactorio,0
2022223148297500334,2272,C,Mujer,1.137574824592,SAN MARTIN DE PORRES,675.467,650.723,645.613,En proceso,0
2022223148297500335,2272,C,Hombre,0.423138481473893,SAN MARTIN DE PORRES,617.137,560.321,633.563,En proceso,0
2022223148297500336,2272,C,Hombre,1.31561122761961,SAN MARTIN DE PORRES,645.409,702.418,634.357,En proceso,0
2022223148297500337,2272,C,Hombre,1.15067325497008,SAN MARTIN DE PORRES,439.006,399.964,488.886,Previo al Inicio,1
2022223148297500338,2272,C,Hombre,1.33493288268755,SAN MARTIN DE PORRES,575.13,398.55,571.651,En inicio,1
2022223148297500339,2272,C,Mujer, ,SAN MARTIN DE PORRES,660.315,653.681,640.273,En proceso,0
2022223148297500401,2272,D,Mujer,1.66481095789996,SAN MARTIN DE PORRES,665.674,523.801,660.55,Satisfactorio,0
2022223148297500402,2272,D,Mujer,0.973102632026752,SAN MARTIN DE PORRES,636.416,506.44,578.29,En inicio,1
2022223148297500403,2272,D,Hombre,1.81381988359852,SAN MARTIN DE PORRES,761.268,749.998,610.544,En proceso,0
2022223148297500404,2272,D,Mujer,0.30177893416965,SAN MARTIN DE PORRES,657.789,673.999,643.088,En proceso,0
2022223148297500405,2272,D,Mujer,0.587734475850486,SAN MARTIN DE PORRES,628.471,545.404,634.14,En proceso,0
2022223148297500406,2272,D,Hombre,1.66481095789996,SAN MARTIN DE PORRES,557.883,465.29,559.601,En inicio,1
2022223148297500407,2272,D,Mujer,1.21612578779101,SAN MARTIN DE PORRES,740.264,739.582,624.182,En proceso,0
2022223148297500408,2272,D,Hombre,1.07863570023744,SAN MARTIN DE PORRES,654.402,564.565,571.146,En inicio,1
2022223148297500409,2272,D,Hombre,1.37247247878696,SAN MARTIN DE PORRES,683.536,682.1,702.185,Satisfactorio,0
2022223148297500410,2272,D,Hombre,1.42415330020016,SAN MARTIN DE PORRES,591.637,578.453,541.922,En inicio,1
2022223148297500411,2272,D,Hombre,1.1037366493726,SAN MARTIN DE PORRES,634.63,504.126,714.74,Satisfactorio,0
2022223148297500412,2272,D,Mujer,1.42442632006759,SAN MARTIN DE PORRES,665.242,619.089,595.896,En inicio,1
2022223148297500413,2272,D,Mujer,1.07268991125404,SAN MARTIN DE PORRES,607.898,523.801,610.544,En proceso,0
2022223148297500414,2272,D,Mujer,1.66481095789996,SAN MARTIN DE PORRES,622.188, ,646.696,En proceso,0
2022223148297500415,2272,D,Hombre,1.06691808784737,SAN MARTIN DE PORRES,605.681,582.054,634.14,En proceso,0
2022223148297500416,2272,D,Mujer,0.665074916997581,SAN MARTIN DE PORRES,644.177,557.107,578.867,En inicio,1
2022223148297500417,2272,D,Mujer,1.14923516424048,SAN MARTIN DE PORRES,688.895,566.623,697.062,Satisfactorio,0
2022223148297500418,2272,D,Mujer,0.990103390661599,SAN MARTIN DE PORRES,667.46,572.924,599.721,En proceso,0
2022223148297500419,2272,D,Mujer,1.50411158424115,SAN MARTIN DE PORRES,628.039,629.634,643.088,En proceso,0
2022223148297500420,2272,D,Mujer,1.6345609527415,SAN MARTIN DE PORRES,701.398,770.445,686.599,Satisfactorio,0
2022223148297500421,2272,D,Mujer,1.29257723857318,SAN MARTIN DE PORRES,625.699,498.853,599.288,En proceso,0
2022223148297500422,2272,D,Mujer,0.541599123608499,SAN MARTIN DE PORRES,676.453,734.31,604.988,En proceso,0
2022223148297500423,2272,D,Hombre,1.02922773228572,SAN MARTIN DE PORRES,807.156,690.202,755.726,Satisfactorio,0
2022223148297500424,2272,D,Hombre,1.34776656259711,SAN MARTIN DE PORRES,699.674,486.765,722.678,Satisfactorio,0
2022223148297500425,2272,D,Hombre,1.36827707134872,SAN MARTIN DE PORRES,664.626,653.681,749.015,Satisfactorio,0
2022223148297500426,2272,D,Hombre,1.07345489891316,SAN MARTIN DE PORRES,493.948,408.194,450.282,Previo al Inicio,1
2022223148297500427,2272,D,Hombre,1.1222114795084,SAN MARTIN DE PORRES,636.416,682.1,527.13,En inicio,1
2022223148297500428,2272,D,Hombre,1.15563389972879,SAN MARTIN DE PORRES,515.506,452.816,497.834,Previo al Inicio,1
2022223148297500429,2272,D,Mujer,1.45598069730816,SAN MARTIN DE PORRES,699.674,690.202,722.678,Satisfactorio,0
2022223148297500430,2272,D,Hombre,1.03872704770577,SAN MARTIN DE PORRES,687.601,643.908,782.785,Satisfactorio,0
2022223148297500431,2272,D,Mujer,1.03914426931447,SAN MARTIN DE PORRES,578.949,401.25,621.44,En proceso,0
2022223148297500432,2272,D,Mujer,0.917482335513321,SAN MARTIN DE PORRES,604.264,525.601,450.715,Previo al Inicio,1
2022223148297500433,2272,D,Mujer,0.974898346761547,SAN MARTIN DE PORRES,635,654.067,723.111,Satisfactorio,0
2022223148297500434,2272,D,Mujer,0.993650902004396,SAN MARTIN DE PORRES,496.905,409.223,510.317,Previo al Inicio,1
2022223148297500435,2272,D,Hombre,1.08360634587324,SAN MARTIN DE PORRES,654.648,804.394,603.329,En proceso,0
2022223148297500436,2272,D,Hombre,1.61972488175526,SAN MARTIN DE PORRES,644.177,619.089,660.55,Satisfactorio,0
2022223148297500437,2272,D,Hombre,0.955716166718558,SAN MARTIN DE PORRES,676.453,653.681,645.036,En proceso,0
2022223148799000101,2274,A,Mujer,0.405557049199593,SAN MARTIN DE PORRES,558.13,417.582,533.552,En inicio,1
2022223148799000102,2274,A,Mujer,0.954918213722473,SAN MARTIN DE PORRES,678.116,623.718,740.356,Satisfactorio,0
2022223148799000103,2274,A,Hombre,0.829732722930738,SAN MARTIN DE PORRES,619.724,611.502,656.509,Satisfactorio,0
2022223148799000104,2274,A,Hombre,0.608499338334626,SAN MARTIN DE PORRES,694.931,699.332,755.726,Satisfactorio,0
2022223148799000105,2274,A,Mujer,0.595206560809805,SAN MARTIN DE PORRES,588.989,543.861,609.823,En proceso,0
2022223148799000106,2274,A,Hombre,1.04197834697597,SAN MARTIN DE PORRES,654.648,584.626,645.613,En proceso,0
2022223148799000107,2274,A,Mujer,1.33823140925807,SAN MARTIN DE PORRES,678.116,582.054,646.479,En proceso,0
2022223148799000108,2274,A,Mujer,1.24956959033189,SAN MARTIN DE PORRES,619.724,578.453,595.896,En inicio,1
2022223148799000109,2274,A,Hombre,1.06401917612791,SAN MARTIN DE PORRES,667.46,635.806,723.111,Satisfactorio,0
2022223148799000110,2274,A,Mujer,0.513129679020682,SAN MARTIN DE PORRES,792.127,670.398,747.933,Satisfactorio,0
2022223148799000111,2274,A,Hombre,1.34992185721831,SAN MARTIN DE PORRES,664.626,585.269,782.785,Satisfactorio,0
2022223148799000112,2274,A,Mujer,0.663199170121664,SAN MARTIN DE PORRES,634.63,605.587,621.44,En proceso,0
2022223148799000113,2274,A,Hombre,1.06676314813207,SAN MARTIN DE PORRES,589.604,478.793,604.988,En proceso,0
2022223148799000114,2274,A,Mujer,0.850438411973262,SAN MARTIN DE PORRES,607.898,409.223,579.444,En inicio,1
2022223148799000115,2274,A,Hombre,1.20184666900011,SAN MARTIN DE PORRES,669.8,661.782,781.919,Satisfactorio,0
2022223148799000116,2274,A,Hombre,0.36143232579553,SAN MARTIN DE PORRES,598.597,643.908,723.977,Satisfactorio,0
2022223148799000117,2274,A,Hombre,0.696983403155259,SAN MARTIN DE PORRES,571.865,503.868,660.55,Satisfactorio,0
2022223148799000118,2274,A,Mujer,0.739734565267903,SAN MARTIN DE PORRES,569.956,339.01,500.865,Previo al Inicio,1
2022223148799000119,2274,A,Hombre,0.376255278976381,SAN MARTIN DE PORRES,645.039,713.606,698.866,Satisfactorio,0
2022223148799000120,2274,A,Mujer,0.83034095779148,SAN MARTIN DE PORRES,669.8,623.718,580.743,En inicio,1
2022223148799000121,2274,A,Hombre, ,SAN MARTIN DE PORRES,607.96,442.658,574.61,En inicio,1
2022223148799000201,2274,B,Hombre,0.924684493452394,SAN MARTIN DE PORRES,571.865,399.964,660.55,Satisfactorio,0
2022223148799000202,2274,B,Hombre,0.948950852744233,SAN MARTIN DE PORRES,740.264,643.908,697.062,Satisfactorio,0
2022223148799000203,2274,B,Mujer,0.233255666707262,SAN MARTIN DE PORRES,575.746,401.25,497.834,Previo al Inicio,1
2022223148799000204,2274,B,Hombre,0.5565237869913,SAN MARTIN DE PORRES,596.133,428.769,545.097,En inicio,1
2022223148799000205,2274,B,Hombre,1.21446248321981,SAN MARTIN DE PORRES,613.01, ,634.14,En proceso,0
2022223148799000206,2274,B,Hombre,0.610896596293684,SAN MARTIN DE PORRES,593.547,557.107,569.126,En inicio,1
2022223148799000207,2274,B,Hombre,1.01252450287992,SAN MARTIN DE PORRES,703.061,690.202,733.934,Satisfactorio,0
2022223148799000208,2274,B,Mujer,-0.0960345689875084,SAN MARTIN DE PORRES,645.039,486.765,533.336,En inicio,1
2022223148799000209,2274,B,Hombre,-0.115568275077153,SAN MARTIN DE PORRES,542.485,463.876,527.779,En inicio,1
2022223148799000210,2274,B,Hombre,0.940082142736234,SAN MARTIN DE PORRES,571.373,363.701,533.552,En inicio,1
2022223148799000211,2274,B,Mujer,0.945520015071403,SAN MARTIN DE PORRES,665.674,794.62,693.887,Satisfactorio,0
2022223148799000212,2274,B,Hombre,1.1035520005271,SAN MARTIN DE PORRES,654.956,600.571,682.125,Satisfactorio,0
2022223148799000213,2274,B,Mujer,1.00070249196261,SAN MARTIN DE PORRES,599.521,463.361,515.585,Previo al Inicio,1
2022223148799000214,2274,B,Mujer,0.829109367781446,SAN MARTIN DE PORRES,581.967,421.439,536.438,En inicio,1
2022223148799000215,2274,B,Hombre,0.928016555882058,SAN MARTIN DE PORRES,598.597,543.861,584.784,En inicio,1
2022223148799000216,2274,B,Mujer,0.664096526162642,SAN MARTIN DE PORRES,578.949,525.601,550.22,En inicio,1
2022223148799000217,2274,B,Hombre,0.891730404041528,SAN MARTIN DE PORRES,654.956, ,634.357,En proceso,0
2022223148799000218,2274,B,Mujer,0.747497474256188,SAN MARTIN DE PORRES,591.452,431.341,551.231,En inicio,1
2022223148799000219,2274,B,Hombre,1.66481095789996,SAN MARTIN DE PORRES,555.358,353.927,519.048,Previo al Inicio,1
2022223148799000220,2274,B,Hombre,1.13380200568556,SAN MARTIN DE PORRES,654.648,572.924,723.977,Satisfactorio,0
2022223148799000221,2274,B,Hombre,0.202318235073914,SAN MARTIN DE PORRES,544.086,564.308,610.111,En proceso,0
2022223148799000222,2274,B,Mujer,1.365182887846,SAN MARTIN DE PORRES,665.242,675.799,595.896,En inicio,1
2022223148799000223,2274,B,Hombre,1.0692413709284,SAN MARTIN DE PORRES,667.46,417.582,569.775,En inicio,1
2022223148799000224,2274,B,Hombre,0.255638111616084,SAN MARTIN DE PORRES,575.13,452.816,562.704,En inicio,1
2022223148799000225,2274,B,Mujer,1.13957773007544,SAN MARTIN DE PORRES,488.775,421.568,379.639,Previo al Inicio,1
2022223148799000226,2274,B,Hombre,1.32680496678276,SAN MARTIN DE PORRES,601.184,486.765,633.563,En proceso,0
2022223148799000227,2274,B,Mujer,0.639923668664801,SAN MARTIN DE PORRES,665.242,523.801,604.988,En proceso,0
2022223148799000228,2274,B,Mujer, ,SAN MARTIN DE PORRES,638.449,525.601,568.116,En inicio,1
2022223169952900101,2574,A,Hombre,0.402793690413198,SAN MARTIN DE PORRES,584.8,494.61,567.25,En inicio,1
2022223169952900102,2574,A,Hombre,0.772254602055086,SAN MARTIN DE PORRES,665.674,661.782,660.55,Satisfactorio,0
2022223169952900103,2574,A,Mujer,1.04299828209547,SAN MARTIN DE PORRES,768.105,619.089,713.947,Satisfactorio,0
2022223169952900104,2574,A,Hombre,0.477123735925051,SAN MARTIN DE PORRES,507.869,354.828,560.395,En inicio,1
2022223169952900105,2574,A,Hombre,1.1114194941397,SAN MARTIN DE PORRES,575.13,525.601,510.317,Previo al Inicio,1
2022223169952900106,2574,A,Hombre,0.575857357530558,SAN MARTIN DE PORRES,687.601,682.1,686.599,Satisfactorio,0
2022223169952900107,2574,A,Hombre,-0.248713815682931,SAN MARTIN DE PORRES,578.949,557.107,621.44,En proceso,0
2022223169952900108,2574,A,Mujer,1.00525193233292,SAN MARTIN DE PORRES,568.478,611.502,518.471,Previo al Inicio,1
2022223169952900109,2574,A,Hombre,1.08856402976284,SAN MARTIN DE PORRES,607.898,572.924,551.231,En inicio,1
2022223169952900110,2574,A,Hombre,0.996858666841167,SAN MARTIN DE PORRES,611.347,443.558,553.828,En inicio,1
2022223169952900111,2574,A,Mujer,1.06176445095293,SAN MARTIN DE PORRES,531.521,468.248,499.782,Previo al Inicio,1
2022223169952900112,2574,A,Mujer,0.985168218880928,SAN MARTIN DE PORRES,550.985,438.285,422.14,Previo al Inicio,1
2022223169952900113,2574,A,Hombre,0.993562304773731,SAN MARTIN DE PORRES,665.242,771.088,668.776,Satisfactorio,0
2022223169952900114,2574,A,Hombre,0.839387928792939,SAN MARTIN DE PORRES,625.576,759.257,723.111,Satisfactorio,0
2022223169952900115,2574,A,Mujer,1.22308594859664,SAN MARTIN DE PORRES,647.01,529.33,590.124,En inicio,1
2022223169952900116,2574,A,Mujer,-0.28561919103549,SAN MARTIN DE PORRES,571.373,483.936,525.182,En inicio,1
2022223169952900117,2574,A,Mujer,0.634613194252978,SAN MARTIN DE PORRES,644.177,584.626,578.867,En inicio,1
2022223169952900118,2574,A,Mujer,1.41500495312826,SAN MARTIN DE PORRES,568.478,498.853,461.683,Previo al Inicio,1
2022223169952900119,2574,A,Mujer,0.694272204589777,SAN MARTIN DE PORRES,599.521,515.313,579.444,En inicio,1
2022223169952900120,2574,A,Hombre,0.686449715761559,SAN MARTIN DE PORRES,747.101,690.202,781.919,Satisfactorio,0
2022223169952900121,2574,A,Mujer,1.03914426931447,SAN MARTIN DE PORRES,578.025,465.29,613.07,En proceso,0
2022223169952900122,2574,A,Hombre,1.31967185205985,SAN MARTIN DE PORRES,544.086,422.725,550.22,En inicio,1
2022223169952900123,2574,A,Mujer,0.758392130268609,SAN MARTIN DE PORRES,589.604,487.408,569.631,En inicio,1
2022223169952900124,2574,A,Hombre,-0.938741652096955,SAN MARTIN DE PORRES,616.521,654.067,662.498,Satisfactorio,0
2022223169952900125,2574,A,Mujer,0.988340628033961,SAN MARTIN DE PORRES,611.347,494.61,620.286,En proceso,0
2022223169952900126,2574,A,Mujer,0.87353217267298,SAN MARTIN DE PORRES,613.01,635.806,613.07,En proceso,0
2022223169952900127,2574,A,Hombre,1.05351386257266,SAN MARTIN DE PORRES,678.116,507.984,714.74,Satisfactorio,0
2022223169952900128,2574,A,Mujer,0.98510469348245,SAN MARTIN DE PORRES,627.916, ,595.896,En inicio,1
2022223169952900129,2574,A,Hombre,1.30798140409961,SAN MARTIN DE PORRES,645.039,650.723,679.239,Satisfactorio,0
2022223169952900130,2574,A,Mujer,1.25188221131632,SAN MARTIN DE PORRES,575.13,478.793,536.438,En inicio,1
2022223169952900131,2574,A,Mujer,1.38242927602446,SAN MARTIN DE PORRES,628.471,452.816,593.876,En inicio,1
2022223169952900132,2574,A,Hombre,0.973102632026752,SAN MARTIN DE PORRES,550.985,504.126,422.14,Previo al Inicio,1
2022223169952900133,2574,A,Hombre,0.799140953441754,SAN MARTIN DE PORRES,596.873,443.686,668.776,Satisfactorio,0
2022223169952900134,2574,A,Mujer,1.22051491208354,SAN MARTIN DE PORRES,575.746,401.25,515.585,Previo al Inicio,1
2022223169952900135,2574,A,Hombre,0.777005739424342,SAN MARTIN DE PORRES,580.181,544.89,553.54,En inicio,1
2022223169952900136,2574,A,Mujer, ,SAN MARTIN DE PORRES,564.844,458.603,555.921,En inicio,1
2022223169952900137,2574,A,Mujer, ,SAN MARTIN DE PORRES,669.123,623.718,629.738,En proceso,0
2022223169952900201,2574,B,Mujer,1.29581272131648,SAN MARTIN DE PORRES,568.478,557.107,595.896,En inicio,1
2022223169952900202,2574,B,Mujer,0.156921035875193,SAN MARTIN DE PORRES,575.746,227.262,451.076,Previo al Inicio,1
2022223169952900203,2574,B,Mujer,0.819846642484278,SAN MARTIN DE PORRES,619.478,486.765,620.286,En proceso,0
2022223169952900204,2574,B,Mujer,0.85870991475101,SAN MARTIN DE PORRES,628.471,629.634,658.024,Satisfactorio,0
2022223169952900205,2574,B,Hombre,0.503306967464229,SAN MARTIN DE PORRES,634.63,734.438,774.703,Satisfactorio,0
2022223169952900206,2574,B,Mujer,0.596333253936429,SAN MARTIN DE PORRES,604.264,458.603,544.231,En inicio,1
2022223169952900207,2574,B,Mujer,-1.7594627183445,SAN MARTIN DE PORRES,538.112,309.305,479.722,Previo al Inicio,1
2022223169952900208,2574,B,Mujer,0.696308021492181,SAN MARTIN DE PORRES,575.13,463.361,590.124,En inicio,1
2022223169952900209,2574,B,Hombre,0.829146775261217,SAN MARTIN DE PORRES,591.637,529.33,550.293,En inicio,1
2022223169952900210,2574,B,Mujer,1.02606766156851,SAN MARTIN DE PORRES,593.547,463.876,495.02,Previo al Inicio,1
2022223169952900211,2574,B,Mujer,-0.19199427583814,SAN MARTIN DE PORRES,619.724,627.448,569.631,En inicio,1
2022223169952900212,2574,B,Hombre,0.227734691603954,SAN MARTIN DE PORRES,655.818,628.476,569.775,En inicio,1
2022223169952900213,2574,B,Hombre,0.900021275898583,SAN MARTIN DE PORRES,523.267,309.305,464.136,Previo al Inicio,1
2022223169952900214,2574,B,Hombre,1.08788104660632,SAN MARTIN DE PORRES,584.8,611.502,593.876,En inicio,1
2022223169952900215,2574,B,Mujer,0.708977954796961,SAN MARTIN DE PORRES,578.949,443.686,550.22,En inicio,1
2022223169952900216,2574,B,Hombre,1.18255854979132,SAN MARTIN DE PORRES,676.453,629.634,682.125,Satisfactorio,0
2022223169952900217,2574,B,Mujer,1.42894230758863,SAN MARTIN DE PORRES,591.452,544.89,610.544,En proceso,0
2022223169952900218,2574,B,Mujer,1.49948938150331,SAN MARTIN DE PORRES,628.039,682.1,536.438,En inicio,1
2022223169952900219,2574,B,Mujer,0.419503093317041,SAN MARTIN DE PORRES,571.373,557.107,603.329,En proceso,0
2022223169952900220,2574,B,Hombre,1.38834399959482,SAN MARTIN DE PORRES,586.155,545.404,610.111,En proceso,0
2022223169952900221,2574,B,Mujer,1.65312050993972,SAN MARTIN DE PORRES,611.902,486.765,552.674,En inicio,1
2022223169952900222,2574,B,Hombre,1.22827249269795,SAN MARTIN DE PORRES,667.46,653.681,698.866,Satisfactorio,0
2022223169952900223,2574,B,Mujer,-0.08496899481076,SAN MARTIN DE PORRES,628.039,650.723,702.185,Satisfactorio,0
2022223169952900224,2574,B,Mujer,1.30798140409961,SAN MARTIN DE PORRES,598.597,519.043,593.876,En inicio,1
2022223169952900225,2574,B,Hombre,0.25481993810051,SAN MARTIN DE PORRES,564.844,515.313,475.898,Previo al Inicio,1
2022223169952900226,2574,B,Mujer,0.771116668740066,SAN MARTIN DE PORRES,589.604, ,561.116,En inicio,1
2022223169952900227,2574,B,Hombre,1.37036368917028,SAN MARTIN DE PORRES,654.402,550.934,768.426,Satisfactorio,0
2022223169952900228,2574,B,Mujer,0.609847782859104,SAN MARTIN DE PORRES,548.891,523.801,492.494,Previo al Inicio,1
2022223169952900229,2574,B,Hombre,0.948564825859703,SAN MARTIN DE PORRES,591.637,487.408,575.909,En inicio,1
2022223169952900230,2574,B,Mujer,0.927991590584293,SAN MARTIN DE PORRES,644.177,604.558,540.984,En inicio,1
2022223169952900231,2574,B,Mujer,1.14580406714126,SAN MARTIN DE PORRES,561.579,494.61,500.72,Previo al Inicio,1
2022223169952900232,2574,B,Hombre,0.746682394625023,SAN MARTIN DE PORRES,591.452,545.404,579.444,En inicio,1
2022223169952900233,2574,B,Hombre,1.34325792345012,SAN MARTIN DE PORRES,657.789,643.908,643.088,En proceso,0
2022223169952900234,2574,B,Mujer,0.260352489993524,SAN MARTIN DE PORRES,613.01,585.269,623.316,En proceso,0
2022223169952900235,2574,B,Hombre,0.987140293481774,SAN MARTIN DE PORRES,634.63,675.799,660.55,Satisfactorio,0
2022223169952900236,2574,B,Hombre,0.284885709906754,SAN MARTIN DE PORRES,665.242,478.793,569.631,En inicio,1
2022223169952900237,2574,B,Hombre,0.528593036912462,SAN MARTIN DE PORRES,575.746,515.313,524.46,En inicio,1
2022223033730300101,251,A,Mujer,1.57614913897378,LIMA,628.471,611.502,584.784,En inicio,1
2022223033730300102,251,A,Mujer,1.19221381945328,LIMA,537.249,550.934,550.22,En inicio,1
2022223033730300103,251,A,Hombre,0.840521136723133,LIMA,561.579,378.746,544.231,En inicio,1
2022223033730300104,251,A,Mujer,0.538928416907563,LIMA,667.46,627.448,662.498,Satisfactorio,0
2022223033730300105,251,A,Hombre,0.987996229156096,LIMA,548.891,539.489,631.326,En proceso,0
2022223033730300106,251,A,Mujer,1.22764462593601,LIMA,620.586,473.777,533.552,En inicio,1
2022223033730300107,251,A,Hombre,1.61972488175526,LIMA,617.137,353.927,513.492,Previo al Inicio,1
2022223033730300108,251,A,Mujer,0.708872870391028,LIMA,596.873,572.924,481.959,Previo al Inicio,1
2022223033730300109,251,A,Mujer,1.12711025490447,LIMA,607.898,543.861,589.33,En inicio,1
2022223033730300110,251,A,Mujer,0.186896797790456,LIMA,529.673,428.769,545.097,En inicio,1
2022223033730300111,251,A,Mujer,1.42161151658939,LIMA,592.869,598.643,593.443,En inicio,1
2022223033730300112,251,A,Hombre,1.02328497436326,LIMA,537.249,431.341,490.113,Previo al Inicio,1
2022223033730300113,251,A,Mujer,0.0965979199224898,LIMA,636.416,588.612,561.116,En inicio,1
2022223033730300114,251,A,Mujer,0.555698711607523,LIMA,560.532,550.934,506.781,Previo al Inicio,1
2022223033730300115,251,A,Mujer,1.61972488175526,LIMA,747.101,776.489,684.795,Satisfactorio,0
2022223033730300116,251,A,Mujer,1.2167420931771,LIMA,675.467,564.565,593.876,En inicio,1
2022223033730300117,251,A,Mujer,1.66481095789996,LIMA,757.203,749.998,714.74,Satisfactorio,0
2022223033730300118,251,A,Hombre,0.086126597751218,LIMA,654.956,557.107,614.441,En proceso,0
2022223033730300119,251,A,Mujer,1.36990452113764,LIMA,635,545.404,610.544,En proceso,0
2022223033730300120,251,A,Mujer,0.904269801660372,LIMA,611.347,643.908,562.704,En inicio,1
2022223033730300121,251,A,Mujer,0.157544289368735,LIMA,636.724,503.868,584.784,En inicio,1
2022223033730300122,251,A,Mujer,1.06332277801602,LIMA,594.594, ,559.601,En inicio,1
2022223033730300123,251,A,Mujer,1.66056389405605,LIMA,703.061,713.606,645.036,En proceso,0
2022223033730300124,251,A,Mujer,1.49226684914869,LIMA,655.818,623.718,634.357,En proceso,0
2022223033730300125,251,A,Mujer,1.57614913897378,LIMA,657.789,804.394,553.828,En inicio,1
2022223033730300126,251,A,Hombre,0.525919267558705,LIMA,571.373,643.908,593.876,En inicio,1
2022223033730300127,251,A,Mujer,0.924633676194038,LIMA,557.883,378.746,455.766,Previo al Inicio,1
2022223033730300128,251,A,Mujer,1.27453760155873,LIMA,472.883,487.408,439.097,Previo al Inicio,1
2022223033730300201,251,B,Mujer,1.38834399959482,LIMA,740.264,776.489,758.612,Satisfactorio,0
2022223033730300202,251,B,Hombre,0.996858666841167,LIMA,616.521,627.448,634.357,En proceso,0
2022223033730300203,251,B,Hombre,0.846744249679914,LIMA,581.72,505.926,574.249,En inicio,1
2022223033730300204,251,B,Hombre,1.05846592438241,LIMA,591.637,557.107,550.293,En inicio,1
2022223033730300205,251,B,Mujer,0.315440836471756,LIMA,523.329,421.568,455.766,Previo al Inicio,1
2022223033730300206,251,B,Hombre,1.32060558954022,LIMA,688.895,595.556,624.182,En proceso,0
2022223033730300207,251,B,Mujer,1.3796710634707,LIMA,599.521,543.861,569.775,En inicio,1
2022223033730300208,251,B,Hombre,0.920198909370691,LIMA,669.8,675.799,631.326,En proceso,0
2022223033730300209,251,B,Hombre,1.04555172203792,LIMA,701.398,654.067,584.784,En inicio,1
2022223033730300210,251,B,Mujer,1.05244576833352,LIMA,757.203,600.571,621.44,En proceso,0
2022223033730300211,251,B,Mujer,0.833231545782182,LIMA,619.724,504.126,527.13,En inicio,1
2022223033730300212,251,B,Hombre,1.4707159560567,LIMA,583.507,619.089,560.395,En inicio,1
2022223033730300213,251,B,Hombre,1.11130891026001,LIMA,611.347,523.801,643.088,En proceso,0
2022223033730300214,251,B,Hombre,1.22811891827193,LIMA,645.409,650.723,593.876,En inicio,1
2022223033730300215,251,B,Hombre,0.862968338536784,LIMA,593.547,519.043,633.563,En proceso,0
2022223033730300216,251,B,Hombre,0.518014320374623,LIMA,688.895,771.088,758.612,Satisfactorio,0
2022223033730300217,251,B,Mujer,0.549048094171293,LIMA,680.333,566.623,599.721,En proceso,0
2022223033730300218,251,B,Hombre,0.486102357943007,LIMA,596.133,529.33,562.704,En inicio,1
2022223033730300219,251,B,Hombre,1.57861604709044,LIMA,544.949,503.868,508.369,Previo al Inicio,1
2022223033730300220,251,B,Mujer,-0.226609824606591,LIMA,729.424,675.799,646.479,En proceso,0
2022223033730300221,251,B,Hombre,1.1188380147922,LIMA,575.438,417.582,552.674,En inicio,1
2022223033730300222,251,B,Hombre,1.33156747548988,LIMA,616.521,557.107,622.09,En proceso,0
2022223033730300223,251,B,Mujer,1.08871592954086,LIMA,567.431,353.927,502.813,Previo al Inicio,1
2022223033730300224,251,B,Mujer,1.22716777470082,LIMA,675.467,670.398,550.293,En inicio,1
2022223033730300225,251,B,Hombre,1.08845944849613,LIMA,609.007,422.725,522.656,En inicio,1
2022223033730300226,251,B,Mujer,1.02999909179805,LIMA,589.604,525.601,535.717,En inicio,1
2022223033730300227,251,B,Hombre,1.21209600491788,LIMA,591.452,478.793,569.775,En inicio,1
2022223033730300228,251,B,Hombre,-0.432284531133417,LIMA,719.815,648.023,669.497,Satisfactorio,0
2022223033730300229,251,B,Mujer,1.21618931318949,LIMA,687.601,690.202,671.59,Satisfactorio,0
2022223033730300230,251,B,Hombre,1.4707159560567,LIMA,634.63,529.33,599.288,En proceso,0
2022223033730300231,251,B,Hombre,1.19734607867697,LIMA,547.782,422.725,509.668,Previo al Inicio,1
2022223051129500101,514,A,Mujer,0.772593250847122,LIMA,732.996, ,698.866,Satisfactorio,0
2022223051129500102,514,A,Mujer,1.25459610452395,LIMA,603.586,529.33,599.793,En proceso,0
2022223051129500103,514,A,Hombre,1.81381988359852,LIMA,591.637,679.528,623.316,En proceso,0
2022223051129500104,514,A,Mujer,1.13396770137286,LIMA,617.137,627.448,578.867,En inicio,1
2022223051129500105,514,A,Mujer,1.45699032979818,LIMA,654.956,582.054,518.471,Previo al Inicio,1
2022223051129500106,514,A,Mujer,1.38834399959482,LIMA,680.333,648.023,622.09,En proceso,0
2022223051129500107,514,A,Mujer,0.0920545404431885,LIMA,600.876,510.813,489.68,Previo al Inicio,1
2022223051129500108,514,A,Mujer,1.3714727503103,LIMA,620.586,398.55,508.369,Previo al Inicio,1
2022223051129500109,514,A,Mujer,1.26583093814275,LIMA,665.674,629.634,660.55,Satisfactorio,0
2022223051129500110,514,A,Mujer,0.648553469336205,LIMA,604.264,506.44,509.668,Previo al Inicio,1
2022223051129500111,514,A,Hombre,1.27747264719521,LIMA,661.485,598.643,638.83,En proceso,0
2022223051129500112,514,A,Mujer,1.3606973037643,LIMA,647.01,536.017,631.326,En proceso,0
2022223051129500113,514,A,Mujer,1.35961829525874,LIMA,701.398,524.572,613.07,En proceso,0
2022223051129500114,514,A,Hombre,0.177810232201564,LIMA,692.221,643.908,633.563,En proceso,0
2022223051129500115,514,A,Hombre,0.630646265431804,LIMA,627.916,543.861,697.062,Satisfactorio,0
2022223051129500116,514,A,Hombre,1.38730854977319,LIMA,625.576,506.44,599.721,En proceso,0
2022223051129500117,514,A,Mujer,0.682278663522363,LIMA,628.039,478.793,553.828,En inicio,1
2022223051129500118,514,A,Hombre,0.99875748041763,LIMA,584.8,557.107,634.14,En proceso,0
2022223051129500119,514,A,Hombre,1.55796472066951,LIMA,601.184,804.394,588.897,En inicio,1
2022223051129500120,514,A,Hombre,1.76873380745383,LIMA,611.902,465.29,697.062,Satisfactorio,0
2022223051129500121,514,A,Mujer,1.13898280700984,LIMA,667.46,564.308,679.239,Satisfactorio,0
2022223051129500122,514,A,Mujer,1.39895082337701,LIMA,669.8,703.447,631.326,En proceso,0
2022223051129500123,514,A,Mujer,1.03687638937722,LIMA,654.648,628.476,575.909,En inicio,1
2022223051129500124,514,A,Hombre,1.31174776752282,LIMA,557.883,536.017,522.656,En inicio,1
2022223051129500125,514,A,Hombre,0.989970567859241,LIMA,575.438, ,614.441,En proceso,0
2022223051129500126,514,A,Mujer,1.36575101887567,LIMA,761.268,619.089,755.726,Satisfactorio,0
2022223051129500127,514,A,Mujer,1.42632513364405,LIMA,792.127,739.582,684.795,Satisfactorio,0
2022223051129500128,514,A,Mujer,0.716510315642396,LIMA,737.862,734.438,645.613,En proceso,0
2022223051129500129,514,A,Hombre,1.49955290690179,LIMA,665.674,628.476,676.208,Satisfactorio,0
2022223051129500130,514,A,Mujer,1.2631588518686,LIMA,554.68,557.107,500.72,Previo al Inicio,1
2022223051129500201,514,B,Mujer,1.70599173453127,LIMA,711.992,578.453,610.544,En proceso,0
2022223051129500202,514,B,Hombre,1.18538140599596,LIMA,611.347,611.502,655.715,Satisfactorio,0
2022223051129500203,514,B,Mujer,0.852924657917901,LIMA,571.373,443.686,558.735,En inicio,1
2022223051129500204,514,B,Mujer,1.12621551302421,LIMA,601.184,585.269,522.656,En inicio,1
2022223051129500205,514,B,Mujer,1.03397522233833,LIMA,654.956,564.565,518.471,Previo al Inicio,1
2022223051129500206,514,B,Hombre,0.911024858190161,LIMA,667.46,654.067,622.09,En proceso,0
2022223051129500207,514,B,Hombre,1.43304647199239,LIMA,669.8,494.61,590.124,En inicio,1
2022223051129500208,514,B,Mujer,1.21864087026409,LIMA,717.659,661.782,703.772,Satisfactorio,0
2022223051129500209,514,B,Hombre,1.39208454568642,LIMA,708.851,572.924,660.55,Satisfactorio,0
2022223051129500210,514,B,Hombre,1.26044495866097,LIMA,703.061,739.582,682.125,Satisfactorio,0
2022223051129500211,514,B,Mujer,1.51419181354457,LIMA,599.521,627.448,622.09,En proceso,0
2022223051129500212,514,B,Hombre,0.602444994524531,LIMA,568.478,498.853,609.823,En proceso,0
2022223051129500213,514,B,Mujer,1.48724033495663,LIMA,616.028,583.597,628.584,En proceso,0
2022223051129500214,514,B,Hombre,1.22246382461173,LIMA,665.674,545.404,693.887,Satisfactorio,0
2022223051129500215,514,B,Mujer,1.66481095789996,LIMA,688.895,643.908,645.036,En proceso,0
2022223051129500216,514,B,Mujer,1.59030649505067,LIMA,591.452,503.868,579.444,En inicio,1
2022223051129500217,514,B,Hombre,1.57134347654344,LIMA,647.01,627.448,590.124,En inicio,1
2022223051129500218,514,B,Hombre,1.29314533311337,LIMA,598.597,560.321,613.07,En proceso,0
2022223051129500219,514,B,Hombre,-0.191510836862443,LIMA,564.844,362.286,475.898,Previo al Inicio,1
2022223051129500220,514,B,Mujer,1.15444607387652,LIMA,665.242,759.257,634.357,En proceso,0
2022223051129500221,514,B,Mujer,1.15757891127378,LIMA,732.996,670.398,662.498,Satisfactorio,0
2022223051129500222,514,B,Mujer,1.55927788968926,LIMA,699.674,629.634,590.124,En inicio,1
2022223051129500223,514,B,Hombre,1.53631747547176,LIMA,584.8,506.44,541.922,En inicio,1
2022223051129500224,514,B,Hombre,1.22746252179088,LIMA,609.007,582.054,599.288,En proceso,0
2022223051129500225,514,B,Hombre,1.56823150991998,LIMA,654.956,494.61,624.182,En proceso,0
2022223051129500226,514,B,Mujer,1.04075764221657,LIMA,732.996,804.394,755.726,Satisfactorio,0
2022223051129500227,514,B,Mujer,1.72515806467235,LIMA,611.347,619.089,631.326,En proceso,0
2022223051129500228,514,B,Mujer, ,LIMA,640.913,653.681,574.61,En inicio,1
2022223051129500229,514,B,Hombre, ,LIMA,563.55,564.565,539.036,En inicio,1
2022223051129500301,514,C,Hombre,1.29314533311337,LIMA,636.416,703.447,697.062,Satisfactorio,0
2022223051129500302,514,C,Hombre,1.50411158424115,LIMA,694.931,654.067,610.544,En proceso,0
2022223051129500303,514,C,Hombre,0.948536041144478,LIMA,628.039,648.023,609.823,En proceso,0
2022223051129500304,514,C,Mujer,1.06176445095293,LIMA,605.681,524.572,525.182,En inicio,1
2022223051129500305,514,C,Hombre,0.78850730251923,LIMA,692.221,529.33,588.897,En inicio,1
2022223051129500306,514,C,Mujer,1.57127995114496,LIMA,665.242,523.801,569.631,En inicio,1
2022223051129500307,514,C,Mujer,0.430979671233549,LIMA,667.46,627.448,723.111,Satisfactorio,0
2022223051129500308,514,C,Hombre,1.33823140925807,LIMA,611.347,458.603,545.097,En inicio,1
2022223051129500309,514,C,Mujer,0.74077256581477,LIMA,571.373,452.816,575.909,En inicio,1
2022223051129500310,514,C,Hombre,1.21302810182647,LIMA,634.63,759.257,610.111,En proceso,0
2022223051129500311,514,C,Mujer,0.821935966245305,LIMA,688.895,465.29,472.001,Previo al Inicio,1
2022223051129500312,514,C,Hombre,1.53835265377004,LIMA,583.507,523.801,634.357,En proceso,0
2022223051129500313,514,C,Hombre,0.907091356452306,LIMA,683.536,544.89,669.497,Satisfactorio,0
2022223051129500314,514,C,Hombre,1.38027913280442,LIMA,544.949,458.603,516.811,Previo al Inicio,1
2022223051129500315,514,C,Hombre,1.49893078291687,LIMA,644.177,536.017,540.984,En inicio,1
2022223051129500316,514,C,Hombre,0.2237104562996,LIMA,665.242,588.612,604.988,En proceso,0
2022223051129500317,514,C,Hombre,0.802713074816886,LIMA,680.333,643.908,662.498,Satisfactorio,0
2022223051129500318,514,C,Hombre,1.58821472582796,LIMA,675.221,602.115,679.239,Satisfactorio,0
2022223051129500319,514,C,Mujer,1.27215075766326,LIMA,620.586,564.565,613.07,En proceso,0
2022223051129500320,514,C,Hombre,1.66481095789996,LIMA,644.177,654.067,610.111,En proceso,0
2022223051129500321,514,C,Hombre,1.02289514401486,LIMA,654.956,702.418,682.125,Satisfactorio,0
2022223051129500322,514,C,Hombre,1.14470453844447,LIMA,607.898,524.572,560.395,En inicio,1
2022223051129500323,514,C,Mujer,1.498549729895,LIMA,575.13,572.924,571.651,En inicio,1
2022223051129500324,514,C,Hombre,1.38834399959482,LIMA,591.637,523.801,623.316,En proceso,0
2022223051129500325,514,C,Hombre,1.64793970861544,LIMA,665.674,564.565,559.601,En inicio,1
2022223051129500326,514,C,Hombre,1.64793970861544,LIMA,526.84,539.489,561.116,En inicio,1
2022223051129500327,514,C,Mujer,1.36895570675244,LIMA,655.818,452.816,647.706,En proceso,0
2022223051129500328,514,C,Mujer,1.32772186852243,LIMA,603.586,524.572,609.823,En proceso,0
2022223051129500329,514,C,Hombre,1.49893078291687,LIMA,628.471,421.439,558.735,En inicio,1
2022223073936700201,1153,B,Mujer,-0.394063709337779,LIMA,553.695,430.57,523.739,En inicio,1
2022223073936700202,1153,B,Hombre,1.22764462593601,LIMA,564.72,515.313,508.369,Previo al Inicio,1
2022223073936700203,1153,B,Hombre,1.06443183915603,LIMA,729.424,635.806,774.703,Satisfactorio,0
2022223073936700204,1153,B,Mujer,1.49948938150331,LIMA,676.453, ,595.896,En inicio,1
2022223073936700205,1153,B,Hombre,1.24911042229925,LIMA,635,503.868,560.395,En inicio,1
2022223073936700206,1153,B,Mujer,0.477936172254749,LIMA,575.13, ,536.438,En inicio,1
2022223073936700207,1153,B,Hombre,1.35510265854259,LIMA,531.521,458.603,584.784,En inicio,1
2022223073936700208,1153,B,Hombre,0.899978187949215,LIMA,634.63,600.571,633.563,En proceso,0
2022223073936700209,1153,B,Mujer,0.100389603556675,LIMA,688.895,661.782,645.036,En proceso,0
2022223073936700210,1153,B,Hombre,0.21282521233635,LIMA,645.039,550.934,622.09,En proceso,0
2022223073936700211,1153,B,Hombre,0.958080121636849,LIMA,747.101,881.55,747.933,Satisfactorio,0
2022223073936700212,1153,B,Mujer,1.06718281062834,LIMA,613.01,564.565,584.784,En inicio,1
2022223073936700213,1153,B,Hombre,0.937995524914671,LIMA,609.007,498.853,610.111,En proceso,0
2022223073936700214,1153,B,Hombre,0.791073217037668,LIMA,627.916,578.453,656.509,Satisfactorio,0
2022223073936700215,1153,B,Mujer,1.18372160388658,LIMA,655.818,690.202,622.09,En proceso,0
2022223073936700216,1153,B,Hombre,1.24149767414587,LIMA,683.536,731.609,643.088,En proceso,0
2022223073936700217,1153,B,Mujer,0.940082142736234,LIMA,578.025,483.936,603.329,En proceso,0
2022223073936700218,1153,B,Hombre,0.436999220448003,LIMA,601.184,506.44,646.479,En proceso,0
2022223073936700219,1153,B,Hombre,1.11149343754256,LIMA,519.633,373.988,500.72,Previo al Inicio,1
2022223073936700220,1153,B,Hombre,0.720731491746225,LIMA,575.746,431.341,610.544,En proceso,0
2022223073936700221,1153,B,Mujer,1.38878818361898,LIMA,628.039,566.623,620.286,En proceso,0
2022223073936700222,1153,B,Hombre,-0.132765048405381,LIMA,654.648,643.908,645.613,En proceso,0
2022223073936700223,1153,B,Hombre,0.959172423436336,LIMA,571.865,585.269,599.288,En proceso,0
2022223073936700224,1153,B,Mujer,0.41238182076242,LIMA,646.641,564.565,578.29,En inicio,1
2022223073936700225,1153,B,Mujer,-0.105800105671002,LIMA,667.46,478.793,560.395,En inicio,1
2022223073936700226,1153,B,Hombre,0.871926686707647,LIMA,588.989,494.61,562.704,En inicio,1
2022223073936700227,1153,B,Mujer,0.876368709398685,LIMA,605.681,483.808,575.909,En inicio,1
2022223073936700228,1153,B,Hombre,0.976766706976338,LIMA,522.713,572.924,559.312,En inicio,1
2022223073936700229,1153,B,Hombre, ,LIMA,552.771,523.801,554.694,En inicio,1
2022223073936700301,1153,C,Mujer,0.857518809112393,LIMA,768.105,670.398,682.125,Satisfactorio,0
2022223073936700302,1153,C,Mujer,0.883127644080818,LIMA,645.039,503.868,579.444,En inicio,1
2022223073936700303,1153,C,Hombre,0.593409559683806,LIMA,581.967,506.44,571.651,En inicio,1
2022223073936700304,1153,C,Hombre,1.07345489891316,LIMA,645.409,519.043,613.07,En proceso,0
2022223073936700305,1153,C,Hombre,0.425397776826269,LIMA,665.674,771.088,774.703,Satisfactorio,0
2022223073936700306,1153,C,Hombre,0.773778654502787,LIMA,589.604,463.361,587.021,En inicio,1
2022223073936700307,1153,C,Hombre,0.778626577161619,LIMA,515.506,443.686,515.585,Previo al Inicio,1
2022223073936700308,1153,C,Mujer,-0.119000927530722,LIMA,568.478,463.876,562.704,En inicio,1
2022223073936700309,1153,C,Hombre,1.20398899447593,LIMA,701.398, ,593.876,En inicio,1
2022223073936700310,1153,C,Mujer,1.01211969746887,LIMA,665.674,560.321,588.897,En inicio,1
2022223073936700311,1153,C,Mujer,0.303553507698307,LIMA,596.873,578.453,509.668,Previo al Inicio,1
2022223073936700312,1153,C,Mujer,0.725693927063115,LIMA,475.655,463.361,542.211,En inicio,1
2022223073936700313,1153,C,Mujer,0.807658289788694,LIMA,588.989,529.33,553.828,En inicio,1
2022223073936700314,1153,C,Mujer,0.00884956555421024,LIMA,591.637,483.936,603.329,En proceso,0
2022223073936700315,1153,C,Hombre,0.944887805166576,LIMA,593.547, ,569.126,En inicio,1
2022223073936700316,1153,C,Mujer,0.743147896989591,LIMA,768.105,498.853,604.988,En proceso,0
2022223073936700317,1153,C,Hombre,0.295442047146181,LIMA,645.039,702.418,662.498,Satisfactorio,0
2022223073936700318,1153,C,Mujer,1.04085806437909,LIMA,575.13,504.126,590.124,En inicio,1
2022223073936700319,1153,C,Hombre,-0.797533186289548,LIMA,628.471,572.924,558.735,En inicio,1
2022223073936700320,1153,C,Mujer,-0.894863929532783,LIMA,593.547,606.873,660.55,Satisfactorio,0
2022223073936700321,1153,C,Mujer,0.868109468949448,LIMA,627.916,650.723,645.036,En proceso,0
2022223073936700322,1153,C,Mujer,1.2026653183086,LIMA,667.46,560.321,542.211,En inicio,1
2022223073936700323,1153,C,Mujer,1.25685918127284,LIMA,628.039,623.718,643.088,En proceso,0
2022223073936700324,1153,C,Hombre,0.759633084379213,LIMA,620.586,661.782,516.811,Previo al Inicio,1
2022223073936700325,1153,C,Mujer,-0.444545399558449,LIMA,578.949,421.439,569.126,En inicio,1
2022223073936700326,1153,C,Mujer,1.12211155772532,LIMA,611.902,378.746,518.471,Previo al Inicio,1
2022223073936700327,1153,C,Mujer,1.17983963595048,LIMA,583.507,525.601,524.46,En inicio,1
2022223073936700501,1153,E,Mujer,1.29105871529181,LIMA,692.221,702.418,633.563,En proceso,0
2022223073936700502,1153,E,Mujer,0.334279484658346,LIMA,665.242,588.612,645.036,En proceso,0
2022223073936700503,1153,E,Hombre,0.641570826080473,LIMA,607.898,643.908,551.231,En inicio,1
2022223073936700504,1153,E,Mujer,-1.03985121215509,LIMA,628.039,564.308,590.124,En inicio,1
2022223073936700505,1153,E,Mujer,1.0601989132899,LIMA,605.681,605.587,634.14,En proceso,0
2022223073936700506,1153,E,Hombre,0.87791055698786,LIMA,654.463,604.558,693.887,Satisfactorio,0
2022223073936700507,1153,E,Mujer,1.76873380745383,LIMA,665.242,536.017,645.036,En proceso,0
2022223073936700508,1153,E,Mujer,1.29021925696407,LIMA,616.521,566.623,622.09,En proceso,0
2022223073936700509,1153,E,Hombre,0.0306757311874561,LIMA,542.485,619.089,580.743,En inicio,1
2022223073936700510,1153,E,Hombre,0.693509275078319,LIMA,613.01,523.801,613.07,En proceso,0
2022223073936700511,1153,E,Hombre,0.485160449664841,LIMA,578.949,408.194,621.44,En proceso,0
2022223073936700512,1153,E,Mujer,0.991073410008057,LIMA,703.061,654.067,614.441,En proceso,0
2022223073936700513,1153,E,Hombre,0.635527480273306,LIMA,560.532,362.286,579.444,En inicio,1
2022223073936700514,1153,E,Hombre,0.481513048743177,LIMA,619.478,690.202,655.715,Satisfactorio,0
2022223073936700515,1153,E,Mujer,0.686449715761559,LIMA,675.467,643.908,686.599,Satisfactorio,0
2022223073936700516,1153,E,Mujer,0.0318826027508619,LIMA,564.844,503.868,578.867,En inicio,1
2022223073936700517,1153,E,Hombre,0.863422385265758,LIMA,619.724,584.626,645.036,En proceso,0
2022223073936700518,1153,E,Hombre,0.298640332914986,LIMA,523.083,478.793,589.33,En inicio,1
2022223073936700519,1153,E,Hombre,1.05407937497027,LIMA,596.133,557.107,655.715,Satisfactorio,0
2022223073936700520,1153,E,Hombre,1.64793970861544,LIMA,654.648,635.806,671.59,Satisfactorio,0
2022223073936700521,1153,E,Hombre,1.17737774846704,LIMA,634.63,486.765,578.867,En inicio,1
2022223073936700522,1153,E,Hombre,1.05846592438241,LIMA,719.692,564.308,668.776,Satisfactorio,0
2022223073936700524,1153,E,Hombre,0.247020782089341,LIMA,619.478,604.558,643.088,En proceso,0
2022223073936700525,1153,E,Mujer,0.0699072674713187,LIMA,701.398,578.453,749.015,Satisfactorio,0
2022223073936700526,1153,E,Mujer,0.0234712494318859,LIMA,601.184,483.808,599.288,En proceso,0
2022223073936700527,1153,E,Mujer,0.924315203883312,LIMA,611.902,486.765,544.231,En inicio,1
2022223140191800101,2137,A,Mujer,1.07391365091648,LIMA,607.898,421.439,599.721,En proceso,0
2022223140191800102,2137,A,Mujer,0.522842190541939,LIMA,619.478,585.269,609.823,En proceso,0
2022223140191800103,2137,A,Hombre,0.758372842585263,LIMA,620.586,605.587,575.909,En inicio,1
2022223140191800104,2137,A,Hombre,1.23737637468959,LIMA,644.177,682.1,774.703,Satisfactorio,0
2022223140191800105,2137,A,Hombre,0.536047263487826,LIMA,688.895,336.824,561.116,En inicio,1
2022223140191800106,2137,A,Mujer,0.866800455032758,LIMA,694.931,759.257,679.239,Satisfactorio,0
2022223140191800107,2137,A,Mujer,1.17178313973479,LIMA,581.967,421.439,620.286,En proceso,0
2022223140191800108,2137,A,Mujer,1.26106708264588,LIMA,517.847,354.828,567.25,En inicio,1
2022223140191800109,2137,A,Mujer,0.928925679657838,LIMA,729.424,770.445,714.74,Satisfactorio,0
2022223140191800110,2137,A,Mujer,0.654063836662188,LIMA,619.724,560.321,527.13,En inicio,1
2022223140191800111,2137,A,Mujer,1.09974558500216,LIMA,607.898,578.453,634.357,En proceso,0
2022223140191800112,2137,A,Hombre,0.984793079986991,LIMA,619.478,635.806,643.088,En proceso,0
2022223140191800113,2137,A,Mujer,0.937883675308819,LIMA,654.648,619.089,634.14,En proceso,0
2022223140191800114,2137,A,Mujer,1.13298692605439,LIMA,571.865,585.269,569.126,En inicio,1
2022223033698200101,250,A,Hombre,1.29955426076152,BREÑA,669.8,582.054,747.933,Satisfactorio,0
2022223033698200102,250,A,Mujer,1.47438888966953,BREÑA,645.409,515.313,541.922,En inicio,1
2022223033698200103,250,A,Hombre,1.4318948188835,BREÑA,654.463,722.222,660.55,Satisfactorio,0
2022223033698200104,250,A,Mujer,1.6345609527415,BREÑA,688.895,595.556,569.631,En inicio,1
2022223033698200105,250,A,Hombre,1.66481095789996,BREÑA,655.818,503.868,662.498,Satisfactorio,0
2022223033698200106,250,A,Mujer,1.56718960461513,BREÑA,719.815,664.226,747.933,Satisfactorio,0
2022223033698200107,250,A,Hombre,1.49986452039724,BREÑA,613.01,560.321,671.59,Satisfactorio,0
2022223033698200108,250,A,Mujer,1.34954080419643,BREÑA,617.137,648.023,646.479,En proceso,0
2022223033698200109,250,A,Mujer,1.72515806467235,BREÑA,627.916,611.502,668.776,Satisfactorio,0
2022223033698200110,250,A,Mujer,1.28852313037553,BREÑA,711.992,595.556,809.051,Satisfactorio,0
2022223033698200111,250,A,Hombre,1.42233455084488,BREÑA,657.789,653.681,702.185,Satisfactorio,0
2022223033698200112,250,A,Mujer,1.81381988359852,BREÑA,628.471,703.447,645.613,En proceso,0
2022223033698200113,250,A,Mujer,1.4222710254464,BREÑA,692.221,560.321,714.74,Satisfactorio,0
2022223033698200114,250,A,Mujer,1.81381988359852,BREÑA,688.895,600.571,656.509,Satisfactorio,0
2022223033698200115,250,A,Hombre,1.57134347654344,BREÑA,732.996,690.202,647.706,En proceso,0
2022223033698200116,250,A,Mujer,1.41404178289714,BREÑA,611.347,643.908,590.124,En inicio,1
2022223033698200117,250,A,Mujer,1.18675312998116,BREÑA,664.626,585.269,782.785,Satisfactorio,0
2022223033698200118,250,A,Mujer,1.20201584334376,BREÑA,654.463,525.601,578.867,En inicio,1
2022223033698200119,250,A,Hombre,1.00763411338716,BREÑA,554.68,326.151,500.72,Previo al Inicio,1
2022223033698200120,250,A,Hombre,-0.0347970161178344,BREÑA,732.996,536.017,542.211,En inicio,1
2022223033698200121,250,A,Hombre,1.51937261486885,BREÑA,603.586,611.502,631.326,En proceso,0
2022223033698200122,250,A,Mujer,1.34122274515184,BREÑA,645.409,572.924,634.14,En proceso,0
2022223033698200123,250,A,Hombre,1.26562575998525,BREÑA,625.699,604.687,714.74,Satisfactorio,0
2022223033698200124,250,A,Mujer,1.64793970861544,BREÑA,688.895,650.723,595.896,En inicio,1
2022223033698200125,250,A,Hombre,0.493729402256418,BREÑA,515.506,498.853,479.722,Previo al Inicio,1
2022223033698200126,250,A,Mujer,1.16572800876833,BREÑA,588.989,494.61,562.704,En inicio,1
2022223033698200127,250,A,Mujer,1.35831512271006,BREÑA,765.272,524.572,686.599,Satisfactorio,0
2022223033698200128,250,A,Hombre,1.55927788968926,BREÑA,678.116,731.609,693.887,Satisfactorio,0
2022223033698200129,250,A,Mujer,1.37303107737339,BREÑA,719.692,653.681,668.776,Satisfactorio,0
2022223033698200130,250,A,Hombre,1.20239689636564,BREÑA,761.268,734.438,647.706,En proceso,0
2022223033698200131,250,A,Mujer,1.13298692605439,BREÑA,496.905,373.988,492.494,Previo al Inicio,1
2022223033698200132,250,A,Mujer,1.58343872991473,BREÑA,664.626,536.017,575.909,En inicio,1
2022223033698200133,250,A,Mujer,1.38001895883224,BREÑA,678.116,504.126,569.126,En inicio,1
2022223033698200134,250,A,Hombre, ,BREÑA,646.641,595.556,632.913,En proceso,0
2022223033698200201,250,B,Hombre,-0.0280215700127655,BREÑA,683.536,653.681,655.715,Satisfactorio,0
2022223033698200202,250,B,Mujer,0.871554812980568,BREÑA,524.746,487.408,584.784,En inicio,1
2022223033698200203,250,B,Hombre,1.40945388435953,BREÑA,557.883,539.489,599.288,En proceso,0
2022223033698200204,250,B,Mujer,1.61768970345698,BREÑA,645.409,557.107,624.182,En proceso,0
2022223033698200205,250,B,Mujer,0.997775568580833,BREÑA,616.521,483.808,479.722,Previo al Inicio,1
2022223033698200206,250,B,Hombre,1.21047300483836,BREÑA,628.039,595.556,669.497,Satisfactorio,0
2022223033698200207,250,B,Mujer,1.6345609527415,BREÑA,617.815, ,577.063,En inicio,1
2022223033698200208,250,B,Hombre,1.23347694125033,BREÑA,708.851,703.447,830.193,Satisfactorio,0
2022223033698200209,250,B,Hombre,1.12370961920247,BREÑA,719.692,604.558,578.29,En inicio,1
2022223033698200210,250,B,Mujer,1.22246382461173,BREÑA,732.996,702.418,679.239,Satisfactorio,0
2022223033698200211,250,B,Hombre,1.22072247946481,BREÑA,657.789,588.612,620.286,En proceso,0
2022223033698200212,250,B,Mujer,1.72515806467235,BREÑA,717.659,699.332,703.772,Satisfactorio,0
2022223033698200213,250,B,Mujer,1.45384470677218,BREÑA,665.674,606.873,633.563,En proceso,0
2022223033698200214,250,B,Mujer,1.49477691098856,BREÑA,688.895,605.587,624.182,En proceso,0
2022223033698200215,250,B,Mujer,1.7324476556133,BREÑA,625.576,713.606,647.706,En proceso,0
2022223033698200216,250,B,Mujer,1.81381988359852,BREÑA,647.01,648.023,631.326,En proceso,0
2022223033698200217,250,B,Hombre,1.49477691098856,BREÑA,636.724,635.806,749.015,Satisfactorio,0
2022223033698200218,250,B,Hombre,1.43442980421617,BREÑA,609.007,643.908,633.563,En proceso,0
2022223033698200219,250,B,Mujer,1.62287050478126,BREÑA,768.105,707.819,587.021,En inicio,1
2022223033698200220,250,B,Mujer,1.41463468568381,BREÑA,635,650.723,569.775,En inicio,1
2022223033698200221,250,B,Hombre,1.65958198221925,BREÑA,619.478,713.606,722.678,Satisfactorio,0
2022223033698200222,250,B,Hombre,0.67501753669681,BREÑA,598.597,623.718,782.785,Satisfactorio,0
2022223033698200223,250,B,Hombre,0.889925267230078,BREÑA,757.203,759.257,774.703,Satisfactorio,0
2022223033698200224,250,B,Mujer,1.64849830720187,BREÑA,654.956,731.609,656.509,Satisfactorio,0
2022223033698200225,250,B,Mujer,1.54522041890598,BREÑA,616.521,443.558,579.444,En inicio,1
2022223033698200226,250,B,Mujer,1.42632513364405,BREÑA,603.586,525.601,599.793,En proceso,0
2022223033698200227,250,B,Hombre,1.81381988359852,BREÑA,737.862,654.067,723.977,Satisfactorio,0
2022223033698200228,250,B,Hombre,1.50411158424115,BREÑA,708.851,972.467,740.356,Satisfactorio,0
2022223033698200229,250,B,Mujer,1.64856183260035,BREÑA,665.242,661.782,645.036,En proceso,0
2022223033698200230,250,B,Mujer,1.26644083961641,BREÑA,694.931,529.33,610.544,En proceso,0
2022223033698200231,250,B,Hombre,1.26476936977437,BREÑA,622.188, ,625.337,En proceso,0
2022223033698200232,250,B,Hombre,1.11500661562986,BREÑA,664.626,525.601,703.772,Satisfactorio,0
2022223033698200233,250,B,Hombre,1.28586071603508,BREÑA,678.116,794.62,830.193,Satisfactorio,0
2022223033698200234,250,B,Hombre,1.66481095789996,BREÑA,619.724,536.017,578.29,En inicio,1
2022223033698200301,250,C,Hombre,1.36782574318994,BREÑA,628.039,377.46,536.438,En inicio,1
2022223033698200302,250,C,Hombre,0.912059510807054,BREÑA,620.586,507.984,613.07,En proceso,0
2022223033698200303,250,C,Hombre,1.53106306282909,BREÑA,729.424,679.528,740.356,Satisfactorio,0
2022223033698200304,250,C,Mujer,0.783003184139832,BREÑA,582.46,363.701,509.668,Previo al Inicio,1
2022223033698200305,250,C,Mujer,1.15395962436093,BREÑA,560.902,478.793,626.996,En proceso,0
2022223033698200306,250,C,Hombre,1.05848246320511,BREÑA,647.01,600.571,553.828,En inicio,1
2022223033698200307,250,C,Mujer,0.937363228895401,BREÑA,654.648,635.806,703.772,Satisfactorio,0
2022223033698200308,250,C,Hombre,1.21370785766733,BREÑA,609.007,443.686,588.897,En inicio,1
2022223033698200309,250,C,Hombre,1.50411158424115,BREÑA,688.895,881.55,668.776,Satisfactorio,0
2022223033698200310,250,C,Hombre,0.933091304759118,BREÑA,616.521,428.769,579.444,En inicio,1
2022223033698200311,250,C,Hombre,1.66056389405605,BREÑA,709.713, ,798.66,Satisfactorio,0
2022223033698200312,250,C,Hombre,1.34992185721831,BREÑA,488.775,409.223,472.939,Previo al Inicio,1
2022223033698200313,250,C,Mujer,1.49693844424795,BREÑA,692.221,566.623,633.563,En proceso,0
2022223033698200314,250,C,Hombre,1.66481095789996,BREÑA,627.916,572.924,645.036,En proceso,0
2022223033698200315,250,C,Hombre,1.72893088357879,BREÑA,685.322,793.849,628.151,En proceso,0
2022223033698200316,250,C,Mujer,1.13370111374535,BREÑA,683.536,605.587,609.823,En proceso,0
2022223033698200317,250,C,Mujer,1.59030649505067,BREÑA,605.681,498.853,558.735,En inicio,1
2022223033698200318,250,C,Mujer,1.81381988359852,BREÑA,729.424,771.088,676.208,Satisfactorio,0
2022223033698200319,250,C,Hombre,0.986736078387247,BREÑA,703.061,759.257,713.947,Satisfactorio,0
2022223033698200320,250,C,Mujer,1.53735292529338,BREÑA,655.818,595.556,610.544,En proceso,0
2022223033698200321,250,C,Hombre,1.81381988359852,BREÑA,611.347,881.55,781.919,Satisfactorio,0
2022223033698200322,250,C,Hombre,0.924253017568348,BREÑA,605.681,627.448,603.329,En proceso,0
2022223033698200323,250,C,Mujer,1.42027244813928,BREÑA,617.137,628.476,621.44,En proceso,0
2022223033698200324,250,C,Mujer,1.62040359666461,BREÑA,589.604,557.107,561.116,En inicio,1
2022223033698200325,250,C,Mujer,1.76873380745383,BREÑA,680.333,524.572,589.33,En inicio,1
2022223033698200326,250,C,Mujer,1.51580203220139,BREÑA,611.347,550.934,631.326,En proceso,0
2022223033698200327,250,C,Mujer,1.40642670555784,BREÑA,717.659, ,703.772,Satisfactorio,0
2022223033698200328,250,C,Mujer,1.78356987844007,BREÑA,757.203,675.799,714.74,Satisfactorio,0
2022223033698200329,250,C,Mujer,1.49955290690179,BREÑA,719.692,713.606,668.776,Satisfactorio,0
2022223033698200330,250,C,Mujer,1.72515806467235,BREÑA,616.521,536.017,599.721,En proceso,0
2022223033698200331,250,C,Mujer,1.02748077042304,BREÑA,683.536,588.612,631.326,En proceso,0
2022223033698200332,250,C,Hombre,1.19221381945328,BREÑA,737.862,550.934,703.772,Satisfactorio,0
2022223033698200333,250,C,Hombre,0.985545859862145,BREÑA,708.851,679.528,676.208,Satisfactorio,0
2022223033698200334,250,C,Hombre,0.86354982186006,BREÑA,688.895,584.626,713.947,Satisfactorio,0
2022223033698200335,250,C,Hombre,1.56005648989222,BREÑA,654.402, ,649.798,Satisfactorio,0
2022223033698200336,250,C,Mujer,1.61768970345698,BREÑA,867.888,702.418,684.795,Satisfactorio,0
2022223033698200337,250,C,Mujer,1.81381988359852,BREÑA,701.398,661.782,723.977,Satisfactorio,0
2022223149214900401,2276,D,Mujer,1.29675879299206,JESUS MARIA,605.681,473.777,603.329,En proceso,0
2022223149214900402,2276,D,Hombre,1.04121255508578,JESUS MARIA,692.221,722.222,740.356,Satisfactorio,0
2022223149214900403,2276,D,Mujer,1.66481095789996,JESUS MARIA,645.409,550.934,668.776,Satisfactorio,0
2022223149214900404,2276,D,Hombre,0.658648400062409,JESUS MARIA,616.521,543.861,679.239,Satisfactorio,0
2022223149214900405,2276,D,Hombre,1.81381988359852,JESUS MARIA,683.536,703.447,702.185,Satisfactorio,0
2022223149214900406,2276,D,Hombre,-0.0904344389378831,JESUS MARIA,591.637,478.793,584.784,En inicio,1
2022223149214900407,2276,D,Mujer,1.3336727319187,JESUS MARIA,729.424,623.718,633.563,En proceso,0
2022223149214900408,2276,D,Hombre,1.66481095789996,JESUS MARIA,719.692,661.782,668.776,Satisfactorio,0
2022223149214900409,2276,D,Mujer,1.14171372061142,JESUS MARIA,625.576,507.984,569.775,En inicio,1
2022223149214900410,2276,D,Mujer,1.04714243932066,JESUS MARIA,719.815,776.489,722.678,Satisfactorio,0
2022223149214900411,2276,D,Hombre,1.55927788968926,JESUS MARIA,654.648,605.587,723.977,Satisfactorio,0
2022223149214900412,2276,D,Hombre,1.32361488514853,JESUS MARIA,654.463,582.054,714.74,Satisfactorio,0
2022223149214900413,2276,D,Hombre,0.822903307559096,JESUS MARIA,768.105,702.418,697.062,Satisfactorio,0
2022223149214900414,2276,D,Hombre,1.17165601703241,JESUS MARIA,625.576,690.202,622.09,En proceso,0
2022223149214900415,2276,D,Hombre,1.09812459238935,JESUS MARIA,657.789,670.398,669.497,Satisfactorio,0
2022223149214900416,2276,D,Mujer,1.30127659491594,JESUS MARIA,765.272,707.819,749.015,Satisfactorio,0
2022223149214900417,2276,D,Hombre,1.29395509132946,JESUS MARIA,654.463,734.438,740.356,Satisfactorio,0
2022223149214900418,2276,D,Hombre,1.7324476556133,JESUS MARIA,676.453,654.067,656.509,Satisfactorio,0
2022223149214900419,2276,D,Mujer,0.769195271292052,JESUS MARIA,807.156,673.999,723.111,Satisfactorio,0
2022223149214900420,2276,D,Hombre,1.60803443379502,JESUS MARIA,719.815,566.623,747.933,Satisfactorio,0
2022223149214900421,2276,D,Mujer,1.3714727503103,JESUS MARIA,613.01,507.984,613.07,En proceso,0
2022223149214900422,2276,D,Mujer,1.64856183260035,JESUS MARIA,644.177,679.528,610.111,En proceso,0
2022223149214900423,2276,D,Hombre,0.983012924259735,JESUS MARIA,636.416,627.448,697.062,Satisfactorio,0
2022223149214900424,2276,D,Mujer,0.986354435048847,JESUS MARIA,655.818,713.606,599.721,En proceso,0
2022223149214900425,2276,D,Hombre,0.678276157651676,JESUS MARIA,719.815,734.31,599.793,En proceso,0
2022223149214900426,2276,D,Mujer,1.6345609527415,JESUS MARIA,717.659,690.202,749.015,Satisfactorio,0
2022223149214900427,2276,D,Hombre,0.434482221853235,JESUS MARIA,665.674,643.908,740.356,Satisfactorio,0
2022223149214900428,2276,D,Mujer,1.47956969099381,JESUS MARIA,688.895,629.634,634.357,En proceso,0
2022223149214900429,2276,D,Mujer,1.06990853662763,JESUS MARIA,591.452,448.701,599.721,En proceso,0
2022223149214900430,2276,D,Hombre,1.57399384435259,JESUS MARIA,867.888,854.288,747.933,Satisfactorio,0
2022223149214900431,2276,D,Hombre,1.02549961168084,JESUS MARIA,628.471,702.418,723.977,Satisfactorio,0
2022223149214900432,2276,D,Hombre,1.64453041064937,JESUS MARIA,586.155,504.126,599.288,En proceso,0
2022223149214900433,2276,D,Hombre,1.42233455084488,JESUS MARIA,688.895,595.556,682.125,Satisfactorio,0
2022223149214900434,2276,D,Hombre,1.66481095789996,JESUS MARIA,694.931,653.681,698.866,Satisfactorio,0
2022223149214900435,2276,D,Hombre,1.50411158424115,JESUS MARIA,596.133,627.448,609.823,En proceso,0
2022223149214900436,2276,D,Hombre,1.25459610452395,JESUS MARIA,654.648,582.054,658.024,Satisfactorio,0
2022223149214900437,2276,D,Hombre,1.05604271951829,JESUS MARIA,678.116,673.999,693.887,Satisfactorio,0
2022223149214900438,2276,D,Mujer,1.69490805951389,JESUS MARIA,676.453,690.202,697.062,Satisfactorio,0
2022223149214900439,2276,D,Hombre,0.824666879846889,JESUS MARIA,680.333,550.934,647.706,En proceso,0
2022223149214900440,2276,D,Hombre,1.34325792345012,JESUS MARIA,603.586,679.528,643.088,En proceso,0
2022223149214900441,2276,D,Mujer, ,JESUS MARIA,623.728,605.587,574.61,En inicio,1
2022223149214900501,2276,E,Mujer,1.50081305767063,JESUS MARIA,601.184,584.626,588.897,En inicio,1
2022223149214900502,2276,E,Mujer,-0.0954110855924234,JESUS MARIA,768.105,749.998,758.612,Satisfactorio,0
2022223149214900503,2276,E,Mujer,0.624624947514394,JESUS MARIA,645.039,536.017,542.211,En inicio,1
2022223149214900504,2276,E,Mujer,1.22764462593601,JESUS MARIA,596.133,566.623,620.286,En proceso,0
2022223149214900505,2276,E,Mujer,1.66481095789996,JESUS MARIA,605.681,529.33,558.735,En inicio,1
2022223149214900506,2276,E,Hombre,-0.828150675836788,JESUS MARIA,692.221,629.634,714.74,Satisfactorio,0
2022223149214900507,2276,E,Mujer,1.65312050993972,JESUS MARIA,654.956,584.626,569.631,En inicio,1
2022223149214900508,2276,E,Mujer,1.12750622909333,JESUS MARIA,625.576,539.489,610.544,En proceso,0
2022223149214900509,2276,E,Mujer,1.38242927602446,JESUS MARIA,637.155,600.571,580.743,En inicio,1
2022223149214900510,2276,E,Mujer,1.09600552048181,JESUS MARIA,605.681,483.808,593.876,En inicio,1
2022223149214900511,2276,E,Mujer,1.2570630126406,JESUS MARIA,625.699,529.33,569.126,En inicio,1
2022223149214900512,2276,E,Mujer,1.29880268852548,JESUS MARIA,604.264,585.269,552.674,En inicio,1
2022223149214900513,2276,E,Mujer,1.42104441053669,JESUS MARIA,635,544.89,647.706,En proceso,0
2022223149214900514,2276,E,Mujer,0.748170189910163,JESUS MARIA,719.815,794.62,684.795,Satisfactorio,0
2022223149214900515,2276,E,Hombre,0.400590117942891,JESUS MARIA,645.409,771.088,703.772,Satisfactorio,0
2022223149214900516,2276,E,Hombre,1.16968892505039,JESUS MARIA,617.137,463.361,646.479,En proceso,0
2022223149214900517,2276,E,Mujer,1.41058057748616,JESUS MARIA,768.105,731.609,846.284,Satisfactorio,0
2022223149214900518,2276,E,Hombre,1.49948938150331,JESUS MARIA,575.746,503.868,579.444,En inicio,1
2022223149214900519,2276,E,Mujer,1.29458610640678,JESUS MARIA,683.536,627.448,620.286,En proceso,0
2022223149214900520,2276,E,Mujer,1.1041945474496,JESUS MARIA,701.398,794.62,703.772,Satisfactorio,0
2022223149214900521,2276,E,Hombre,0.870235824269577,JESUS MARIA,678.116,771.088,693.887,Satisfactorio,0
2022223149214900522,2276,E,Hombre,1.06176445095293,JESUS MARIA,772.971,661.782,743.459,Satisfactorio,0
2022223149214900523,2276,E,Hombre,0.646353591616237,JESUS MARIA,591.452,486.765,589.33,En inicio,1
2022223149214900524,2276,E,Mujer,1.64793970861544,JESUS MARIA,683.536,707.819,684.795,Satisfactorio,0
2022223149214900525,2276,E,Mujer,0.617648692625351,JESUS MARIA,687.601,544.89,499.782,Previo al Inicio,1
2022223149214900526,2276,E,Hombre,1.59030649505067,JESUS MARIA,654.463,713.606,676.208,Satisfactorio,0
2022223149214900527,2276,E,Hombre,1.66481095789996,JESUS MARIA,665.242,702.418,682.125,Satisfactorio,0
2022223149214900528,2276,E,Hombre,-0.331941342327368,JESUS MARIA,616.521,690.202,662.498,Satisfactorio,0
2022223149214900529,2276,E,Mujer,1.09533168895262,JESUS MARIA,561.887,465.29,571.651,En inicio,1
2022223149214900530,2276,E,Hombre,1.2014387033989,JESUS MARIA,613.01,543.861,645.613,En proceso,0
2022223149214900531,2276,E,Mujer,0.958963116744863,JESUS MARIA,634.63,605.587,540.984,En inicio,1
2022223149214900532,2276,E,Hombre,-0.0678421662419635,JESUS MARIA,589.604, ,518.471,Previo al Inicio,1
2022223149214900533,2276,E,Hombre,1.4738615790827,JESUS MARIA,667.46,494.61,626.996,En proceso,0
2022223149214900534,2276,E,Hombre,0.495265655869668,JESUS MARIA,568.478,463.361,553.828,En inicio,1
2022223149214900535,2276,E,Hombre,1.37508801397155,JESUS MARIA,654.648,529.33,658.024,Satisfactorio,0
2022223149214900536,2276,E,Mujer,1.81381988359852,JESUS MARIA,586.155,585.269,646.479,En proceso,0
2022223149214900537,2276,E,Mujer,1.16149803311813,JESUS MARIA,619.724,650.723,509.668,Previo al Inicio,1
2022223149214900538,2276,E,Hombre,0.421201243524864,JESUS MARIA,538.112,458.603,533.336,En inicio,1
2022223149214900539,2276,E,Hombre, ,JESUS MARIA,735.645,771.088,667.477,Satisfactorio,0
2022223149214900601,2276,F,Hombre,1.81381988359852,JESUS MARIA,644.177,722.222,621.44,En proceso,0
2022223149214900602,2276,F,Hombre,1.03516718486747,JESUS MARIA,688.895,643.908,668.776,Satisfactorio,0
2022223149214900603,2276,F,Hombre,0.422788344581893,JESUS MARIA,732.996,821.497,809.051,Satisfactorio,0
2022223149214900604,2276,F,Mujer,1.34237843130696,JESUS MARIA,581.967,408.194,590.124,En inicio,1
2022223149214900605,2276,F,Hombre,1.08262676460788,JESUS MARIA,687.601,560.321,658.024,Satisfactorio,0
2022223149214900606,2276,F,Mujer,0.951686830277917,JESUS MARIA,757.203,702.418,740.356,Satisfactorio,0
2022223149214900607,2276,F,Hombre,0.999658144001727,JESUS MARIA,596.873,588.612,578.29,En inicio,1
2022223149214900608,2276,F,Hombre,1.24943710972496,JESUS MARIA,711.992,643.908,698.866,Satisfactorio,0
2022223149214900609,2276,F,Hombre,1.66481095789996,JESUS MARIA,611.347,776.489,643.088,En proceso,0
2022223149214900610,2276,F,Hombre,1.42964009370852,JESUS MARIA,620.586, ,550.293,En inicio,1
2022223149214900611,2276,F,Hombre,0.980546016143083,JESUS MARIA,644.177,713.606,633.563,En proceso,0
2022223149214900612,2276,F,Hombre,0.54090527961953,JESUS MARIA,719.692,623.718,614.441,En proceso,0
2022223149214900613,2276,F,Mujer,1.18675557544285,JESUS MARIA,553.017,301.975,470.414,Previo al Inicio,1
2022223149214900614,2276,F,Hombre,0.390611022955365,JESUS MARIA,647.01,507.984,562.704,En inicio,1
2022223149214900615,2276,F,Mujer,1.53106306282909,JESUS MARIA,645.409,629.634,603.329,En proceso,0
2022223149214900616,2276,F,Hombre,1.3568795047204,JESUS MARIA,601.184,627.448,588.897,En inicio,1
2022223149214900617,2276,F,Hombre,1.50684249784274,JESUS MARIA,688.895,794.62,758.612,Satisfactorio,0
2022223149214900618,2276,F,Hombre,1.3960751284856,JESUS MARIA,599.521,600.571,634.357,En proceso,0
2022223149214900619,2276,F,Hombre,1.4922259737332,JESUS MARIA,647.01,635.806,599.793,En proceso,0
2022223149214900620,2276,F,Hombre,0.506397187346442,JESUS MARIA,645.409,529.33,703.772,Satisfactorio,0
2022223149214900621,2276,F,Hombre,0.381329719613161,JESUS MARIA,708.851,629.634,676.208,Satisfactorio,0
2022223149214900622,2276,F,Hombre,1.11893045369601,JESUS MARIA,703.061,650.723,682.125,Satisfactorio,0
2022223149214900623,2276,F,Hombre,1.22823954900161,JESUS MARIA,591.452,539.489,599.721,En proceso,0
2022223149214900624,2276,F,Mujer,1.50970622946287,JESUS MARIA,657.789, ,702.185,Satisfactorio,0
2022223149214900625,2276,F,Mujer,1.46452690583011,JESUS MARIA,664.626,524.572,658.024,Satisfactorio,0
2022223149214900626,2276,F,Mujer,1.21195984199987,JESUS MARIA,601.184,572.924,578.867,En inicio,1
2022223149214900627,2276,F,Mujer,1.10313692126451,JESUS MARIA,604.264,503.868,624.182,En proceso,0
2022223149214900628,2276,F,Mujer,1.29551645886307,JESUS MARIA,635,605.587,569.775,En inicio,1
2022223149214900629,2276,F,Mujer,0.961202879002073,JESUS MARIA,669.8,560.321,684.795,Satisfactorio,0
2022223149214900630,2276,F,Hombre,0.643963104915565,JESUS MARIA,544.949,409.223,508.369,Previo al Inicio,1
2022223149214900631,2276,F,Hombre,0.853052925000127,JESUS MARIA,654.463,661.782,714.74,Satisfactorio,0
2022223149214900632,2276,F,Hombre,1.3606973037643,JESUS MARIA,654.956,550.934,624.182,En proceso,0
2022223149214900633,2276,F,Mujer,0.84645788849317,JESUS MARIA,655.818,653.681,551.231,En inicio,1
2022223149214900634,2276,F,Hombre,0.847675410420648,JESUS MARIA,657.789,650.723,722.678,Satisfactorio,0
2022223149214900635,2276,F,Hombre,0.347251643498723,JESUS MARIA,510.825,560.321,533.552,En inicio,1
2022223149214900636,2276,F,Hombre,1.03804697623922,JESUS MARIA,609.007,536.017,676.208,Satisfactorio,0
2022223149214900637,2276,F,Mujer,0.348335740219104,JESUS MARIA,654.956,545.404,595.896,En inicio,1
2022223149214900638,2276,F,Mujer,-0.311289622998717,JESUS MARIA,583.507,507.984,497.834,Previo al Inicio,1
2022223149214900639,2276,F,Hombre,0.223543641962684,JESUS MARIA,628.039,585.269,655.715,Satisfactorio,0
2022223149214900640,2276,F,Mujer,1.02904753767782,JESUS MARIA,636.724,675.799,623.316,En proceso,0
2022223149214900641,2276,F,Hombre, ,JESUS MARIA,669.123,682.1,698.505,Satisfactorio,0
2022223100772300101,1423,A,Mujer,0.680163684910035,LA VICTORIA,575.746,309.305,515.585,Previo al Inicio,1
2022223100772300102,1423,A,Mujer,1.61972488175526,LA VICTORIA,603.586, ,620.286,En proceso,0
2022223100772300103,1423,A,Hombre,0.797377825006605,LA VICTORIA,636.724,572.924,603.329,En proceso,0
2022223100772300104,1423,A,Mujer,0.317098932016823,LA VICTORIA,665.674,543.861,578.867,En inicio,1
2022223100772300105,1423,A,Hombre,1.34640354647612,LA VICTORIA,619.724,564.565,561.116,En inicio,1
2022223100772300106,1423,A,Hombre,0.634311602877674,LA VICTORIA,645.039,582.054,662.498,Satisfactorio,0
2022223100772300107,1423,A,Mujer,0.436941664565332,LA VICTORIA,619.478,515.313,580.743,En inicio,1
2022223100772300108,1423,A,Hombre,0.880556607567713,LA VICTORIA,558.13,353.927,567.25,En inicio,1
2022223100772300109,1423,A,Mujer,0.984793079986991,LA VICTORIA,617.137,421.439,588.897,En inicio,1
2022223100772300110,1423,A,Hombre,1.12349731308651,LA VICTORIA,547.782,378.746,472.001,Previo al Inicio,1
2022223100772300111,1423,A,Hombre,0.6575448688435,LA VICTORIA,667.46,544.89,634.357,En proceso,0
2022223100772300112,1423,A,Mujer,1.10386361402256,LA VICTORIA,596.133,560.321,580.743,En inicio,1
2022223100772300113,1423,A,Mujer,1.09505978496041,LA VICTORIA,578.025,336.824,472.939,Previo al Inicio,1
2022223100772300114,1423,A,Hombre,0.983823060640532,LA VICTORIA,644.177, ,676.208,Satisfactorio,0
2022223100772300115,1423,A,Hombre,1.22246382461173,LA VICTORIA,533.862,443.686,569.631,En inicio,1
2022223100772300116,1423,A,Hombre,0.524904854043335,LA VICTORIA,591.452,606.873,589.33,En inicio,1
2022223100772300117,1423,A,Hombre,0.394583446811908,LA VICTORIA,529.673,487.408,483.258,Previo al Inicio,1
2022223100772300118,1423,A,Hombre,1.30993453789929,LA VICTORIA,605.681,560.321,491.051,Previo al Inicio,1
2022223100772300119,1423,A,Hombre,1.29067597953503,LA VICTORIA,654.463,600.571,610.111,En proceso,0
2022223100772300120,1423,A,Hombre,0.986428369649777,LA VICTORIA,703.061,635.806,634.357,En proceso,0
2022223100772300121,1423,A,Hombre,1.13411361918102,LA VICTORIA,607.898,465.29,542.211,En inicio,1
2022223100772300122,1423,A,Hombre,0.230557587083912,LA VICTORIA,596.133,401.25,527.779,En inicio,1
2022223100772300123,1423,A,Mujer,1.17425004785145,LA VICTORIA,613.01,605.587,584.784,En inicio,1
2022223100772300124,1423,A,Hombre,1.28276079594292,LA VICTORIA,586.155,498.853,522.656,En inicio,1
2022223100772300125,1423,A,Mujer,0.418589482979571,LA VICTORIA,654.956,648.023,604.988,En proceso,0
2022223100772300126,1423,A,Hombre, ,LA VICTORIA,605.557,661.782,590.557,En inicio,1
2022223100772300127,1423,A,Mujer, ,LA VICTORIA,635.431,398.55,518.038,Previo al Inicio,1
2022223100772300201,1423,B,Hombre,0.603201873367948,LA VICTORIA,523.267,377.46,492.494,Previo al Inicio,1
2022223100772300202,1423,B,Hombre,0.982257522977505,LA VICTORIA,578.025,465.29,516.811,Previo al Inicio,1
2022223100772300203,1423,B,Mujer,0.0198599517566393,LA VICTORIA,564.844,422.725,569.126,En inicio,1
2022223100772300204,1423,B,Hombre,0.659268355618854,LA VICTORIA,504.912,404.336,569.631,En inicio,1
2022223100772300205,1423,B,Mujer,1.45902550809646,LA VICTORIA,680.333,560.321,610.544,En proceso,0
2022223100772300206,1423,B,Mujer,1.08871592954086,LA VICTORIA,669.8,578.453,643.088,En proceso,0
2022223100772300207,1423,B,Hombre,1.60285363247074,LA VICTORIA,584.8,504.126,558.735,En inicio,1
2022223100772300208,1423,B,Mujer,1.46075669322138,LA VICTORIA,729.424,529.33,774.703,Satisfactorio,0
2022223100772300209,1423,B,Mujer,0.294946576389635,LA VICTORIA,575.438,606.873,500.72,Previo al Inicio,1
2022223100772300210,1423,B,Hombre,0.380931493408795,LA VICTORIA,635,627.448,662.498,Satisfactorio,0
2022223100772300211,1423,B,Hombre,0.861947717675034,LA VICTORIA,603.586,582.054,527.779,En inicio,1
2022223100772300212,1423,B,Hombre,0.533193726219085,LA VICTORIA,645.409,536.017,613.07,En proceso,0
2022223100772300213,1423,B,Hombre,0.16728654705316,LA VICTORIA,625.699,611.502,676.208,Satisfactorio,0
2022223100772300214,1423,B,Mujer,0.62245756987243,LA VICTORIA,665.242,595.556,634.357,En proceso,0
2022223100772300215,1423,B,Hombre,0.577818909536757,LA VICTORIA,616.521,585.269,662.498,Satisfactorio,0
2022223100772300216,1423,B,Mujer,-0.0392581061374776,LA VICTORIA,619.478,564.565,562.704,En inicio,1
2022223100772300217,1423,B,Mujer,1.29163644042496,LA VICTORIA,636.724,582.054,550.293,En inicio,1
2022223100772300218,1423,B,Mujer,1.41776238629941,LA VICTORIA,654.463,452.816,569.126,En inicio,1
2022223044946200101,415,A,Hombre,1.68007198852766,LINCE,609.007,523.801,740.356,Satisfactorio,0
2022223044946200102,415,A,Hombre,1.36143863721564,LINCE,688.895,703.447,758.612,Satisfactorio,0
2022223044946200103,415,A,Mujer,0.71836948393089,LINCE,599.521,604.558,569.775,En inicio,1
2022223044946200104,415,A,Mujer,1.29370393169981,LINCE,699.674,600.571,684.795,Satisfactorio,0
2022223044946200105,415,A,Hombre,1.61455943147304,LINCE,675.467,635.806,603.329,En proceso,0
2022223044946200106,415,A,Mujer,1.55489103960999,LINCE,665.674,572.924,540.984,En inicio,1
2022223044946200107,415,A,Mujer,1.10569496095308,LINCE,703.061,543.861,758.612,Satisfactorio,0
2022223044946200108,415,A,Hombre,1.61353583152867,LINCE,616.521,703.447,698.866,Satisfactorio,0
2022223044946200109,415,A,Mujer,0.91499517352452,LINCE,719.815,713.606,722.678,Satisfactorio,0
2022223044946200110,415,A,Hombre,1.26850145487666,LINCE,737.862,702.418,703.772,Satisfactorio,0
2022223044946200111,415,A,Hombre,1.6838448074341,LINCE,665.674,635.806,740.356,Satisfactorio,0
2022223044946200112,415,A,Mujer,1.18594049581168,LINCE,719.692,699.332,682.125,Satisfactorio,0
2022223044946200113,415,A,Hombre,1.59030649505067,LINCE,694.931,821.497,698.866,Satisfactorio,0
2022223044946200114,415,A,Mujer,1.44452538456164,LINCE,792.127,814.81,684.795,Satisfactorio,0
2022223044946200115,415,A,Hombre,1.61972488175526,LINCE,765.272,794.62,723.977,Satisfactorio,0
2022223044946200116,415,A,Hombre,1.2948765182383,LINCE,586.155, ,550.22,En inicio,1
2022223044946200117,415,A,Mujer,1.47790566170404,LINCE,740.264,635.806,733.934,Satisfactorio,0
2022223044946200118,415,A,Mujer,1.70691012096959,LINCE,575.746,507.984,470.414,Previo al Inicio,1
2022223044946200119,415,A,Hombre,1.07863570023744,LINCE,699.674,707.819,609.823,En proceso,0
2022223044946200120,415,A,Hombre,1.53835265377004,LINCE,701.398,605.587,686.599,Satisfactorio,0
2022223044946200121,415,A,Hombre,1.61972488175526,LINCE,692.221,604.558,633.563,En proceso,0
2022223044946200122,415,A,Hombre,1.49893078291687,LINCE,703.061,578.453,624.182,En proceso,0
2022223044946200123,415,A,Mujer,1.14036856237102,LINCE,680.333,545.404,622.09,En proceso,0
2022223044946200124,415,A,Mujer,1.26875346060084,LINCE,637.155,529.33,590.124,En inicio,1
2022223044946200125,415,A,Hombre,1.66481095789996,LINCE,717.659,606.873,671.59,Satisfactorio,0
2022223044946200126,415,A,Hombre,1.70906541559079,LINCE,571.865,544.89,455.766,Previo al Inicio,1
2022223044946200127,415,A,Mujer,1.24873797187803,LINCE,740.264,604.558,668.776,Satisfactorio,0
2022223044946200128,415,A,Mujer,0.691423128938229,LINCE,607.898,336.824,506.781,Previo al Inicio,1
2022223044946200129,415,A,Mujer,1.45699032979818,LINCE,647.01,611.502,609.823,En proceso,0
2022223044946200130,415,A,Mujer,1.39610916245212,LINCE,737.862,768.902,703.772,Satisfactorio,0
2022223044946200131,415,A,Mujer,1.02795501536051,LINCE,654.463,523.801,646.479,En proceso,0
2022223044946200132,415,A,Hombre,1.62287050478126,LINCE,719.692,650.723,552.674,En inicio,1
2022223044946200133,415,A,Mujer, ,LINCE,701.583,749.998,644.964,En proceso,0
2022223044946200201,415,B,Hombre,1.62287050478126,LINCE,530.597,448.701,497.834,Previo al Inicio,1
2022223044946200202,415,B,Mujer,1.56005648989222,LINCE,611.347,628.476,655.715,Satisfactorio,0
2022223044946200203,415,B,Hombre,0.784326480911243,LINCE,675.467,702.418,702.113,Satisfactorio,0
2022223044946200204,415,B,Mujer,1.42944713806227,LINCE,566.445,547.848,598.205,En proceso,0
2022223044946200205,415,B,Mujer,1.26031783595858,LINCE,654.956,529.33,634.357,En proceso,0
2022223044946200206,415,B,Mujer,0.798897491481057,LINCE,591.452,503.868,599.721,En proceso,0
2022223044946200207,415,B,Hombre,0.882781133922111,LINCE,561.887,386.59,492.494,Previo al Inicio,1
2022223044946200208,415,B,Mujer,1.22716777470082,LINCE,810.359,713.606,782.785,Satisfactorio,0
2022223044946200209,415,B,Hombre,1.51580203220139,LINCE,609.007,600.571,569.126,En inicio,1
2022223044946200210,415,B,Hombre,1.12466184880235,LINCE,768.105,611.502,733.934,Satisfactorio,0
2022223044946200211,415,B,Hombre,0.766194559877528,LINCE,667.46,619.089,599.721,En proceso,0
2022223044946200212,415,B,Hombre,1.56656748063022,LINCE,638.634,629.634,671.085,Satisfactorio,0
2022223044946200213,415,B,Mujer,1.55318872475628,LINCE,645.409,605.587,623.316,En proceso,0
2022223044946200214,415,B,Mujer,1.37561810181296,LINCE,692.221,604.558,714.74,Satisfactorio,0
2022223044946200215,415,B,Mujer,1.44006764099038,LINCE,768.105,734.31,758.612,Satisfactorio,0
2022223044946200216,415,B,Mujer,1.46101013379559,LINCE,711.992,588.612,647.706,En proceso,0
2022223044946200217,415,B,Hombre,1.26044495866097,LINCE,680.025,619.089,646.696,En proceso,0
2022223044946200218,415,B,Mujer,0.586821564475009,LINCE,602.847,529.716,553.107,En inicio,1
2022223044946200219,415,B,Hombre,1.35182067079477,LINCE,678.116,734.438,693.887,Satisfactorio,0
2022223044946200220,415,B,Hombre,1.32927187489941,LINCE,889.754,628.476,758.612,Satisfactorio,0
2022223044946200221,415,B,Mujer,0.70790903495801,LINCE,625.576,515.313,569.775,En inicio,1
2022223044946200222,415,B,Mujer,1.1729733582599,LINCE,683.536,759.257,684.795,Satisfactorio,0
2022223044946200223,415,B,Mujer,0.990875251764895,LINCE,605.681,699.332,645.613,En proceso,0
2022223044946200224,415,B,Mujer,1.4102689639907,LINCE,665.674,606.873,588.897,En inicio,1
2022223044946200225,415,B,Mujer,1.14311465239017,LINCE,554.68,468.248,527.13,En inicio,1
2022223044946200226,415,B,Hombre,1.23976067214183,LINCE,667.46,794.62,698.866,Satisfactorio,0
2022223044946200227,415,B,Mujer,1.66481095789996,LINCE,683.536,536.017,519.048,Previo al Inicio,1
2022223044946200228,415,B,Mujer,1.38834399959482,LINCE,687.601,722.222,703.772,Satisfactorio,0
2022223044946200229,415,B,Mujer,1.14154844322001,LINCE,806.355,666.026,797.65,Satisfactorio,0
2022223044946200230,415,B,Hombre,1.42751535216915,LINCE,676.453,629.634,668.776,Satisfactorio,0
2022223044946200231,415,B,Mujer,1.76873380745383,LINCE,694.931,605.587,634.357,En proceso,0
2022223044946200232,415,B,Hombre,1.13251121919904,LINCE,603.586,604.558,684.795,Satisfactorio,0
2022223044946200233,415,B,Hombre, ,LINCE,660.315,648.023,615.956,En proceso,0
2022223082698200101,1262,A,Mujer,1.21168837806574,LINCE,717.659,628.476,703.772,Satisfactorio,0
2022223082698200102,1262,A,Hombre,0.435765843023238,LINCE,578.949,431.341,504.328,Previo al Inicio,1
2022223082698200103,1262,A,Mujer,1.29084138094899,LINCE,604.264,353.927,535.717,En inicio,1
2022223082698200104,1262,A,Mujer,1.32597416872994,LINCE,591.452,443.686,622.09,En proceso,0
2022223082698200105,1262,A,Mujer,0.988079449377841,LINCE,699.674,707.819,655.715,Satisfactorio,0
2022223082698200106,1262,A,Mujer,-0.0757433748384638,LINCE,664.626,650.723,703.772,Satisfactorio,0
2022223082698200107,1262,A,Hombre,0.659234258101577,LINCE,594.594, ,660.983,Satisfactorio,0
2022223082698200108,1262,A,Mujer,1.17165601703241,LINCE,645.409,673.999,656.509,Satisfactorio,0
2022223082698200109,1262,A,Hombre,1.11463567554448,LINCE,599.521,421.568,533.336,En inicio,1
2022223082698200110,1262,A,Hombre,0.787258705218932,LINCE,757.018,529.33,738.769,Satisfactorio,0
2022223082698200111,1262,A,Hombre,1.81381988359852,LINCE,765.272,629.634,928.111,Satisfactorio,0
2022223082698200112,1262,A,Hombre,0.564766811479467,LINCE,634.63,564.565,599.288,En proceso,0
2022223082698200113,1262,A,Mujer,1.72515806467235,LINCE,596.873,519.043,527.13,En inicio,1
2022223082698200114,1262,A,Mujer,1.23457201320048,LINCE,630.688,648.023,768.426,Satisfactorio,0
2022223082698200115,1262,A,Mujer, ,LINCE,616.275,483.808,614.513,En proceso,0
2022223082698200116,1262,A,Hombre, ,LINCE,713.717,643.908,706.081,Satisfactorio,0
2022223082698200201,1262,B,Mujer,1.05514764364022,LINCE,582.46,523.801,656.509,Satisfactorio,0
2022223082698200202,1262,B,Mujer,1.3960751284856,LINCE,655.818,627.448,723.111,Satisfactorio,0
2022223082698200203,1262,B,Mujer,0.678993644402911,LINCE,561.887,539.489,580.743,En inicio,1
2022223082698200204,1262,B,Hombre,1.25513684711843,LINCE,558.13,494.61,550.293,En inicio,1
2022223082698200205,1262,B,Mujer,1.56153261486424,LINCE,692.221,611.502,740.356,Satisfactorio,0
2022223082698200206,1262,B,Hombre,0.546919806809878,LINCE,740.264,643.908,668.776,Satisfactorio,0
2022223082698200207,1262,B,Mujer,1.41022078963427,LINCE,732.996,707.819,679.239,Satisfactorio,0
2022223082698200208,1262,B,Hombre,1.32361488514853,LINCE,747.101,814.81,927.606,Satisfactorio,0
2022223082698200209,1262,B,Mujer,1.49477691098856,LINCE,605.681,519.043,499.782,Previo al Inicio,1
2022223082698200210,1262,B,Mujer,1.81381988359852,LINCE,617.137,623.718,633.563,En proceso,0
2022223082698200211,1262,B,Mujer,1.81381988359852,LINCE,676.453,524.572,614.441,En proceso,0
2022223082698200212,1262,B,Mujer,0.87107663215891,LINCE,711.992,572.924,755.726,Satisfactorio,0
2022223082698200213,1262,B,Hombre,0.847600075401882,LINCE,719.815,707.819,747.933,Satisfactorio,0
2022223082698200214,1262,B,Hombre,1.38039409772618,LINCE,721.416,734.438,739.635,Satisfactorio,0
2022223082698200215,1262,B,Mujer,1.09762867435609,LINCE,568.478,468.891,553.323,En inicio,1
2022223082698200216,1262,B,Mujer,1.11770935660399,LINCE,533.862, ,578.29,En inicio,1
2022223082698200217,1262,B,Mujer,0.918265073747319,LINCE,655.818,566.623,610.544,En proceso,0
2022223082698200218,1262,B,Mujer,1.49893078291687,LINCE,628.039,550.934,631.326,En proceso,0
2022223082698200219,1262,B,Mujer,1.53106306282909,LINCE,636.724,629.634,623.316,En proceso,0
2022223082698200220,1262,B,Mujer,0.984269170270595,LINCE,634.63, ,599.288,En proceso,0
2022223082698200221,1262,B,Hombre, ,LINCE,646.641,604.558,632.913,En proceso,0
2022223033674300101,249,A,Mujer,1.48685928193476,SAN MIGUEL,628.471,605.587,613.07,En proceso,0
2022223033674300102,249,A,Mujer,1.81381988359852,SAN MIGUEL,678.116,794.62,660.55,Satisfactorio,0
2022223033674300103,249,A,Hombre,1.50970622946287,SAN MIGUEL,611.902,515.313,544.231,En inicio,1
2022223033674300104,249,A,Hombre,1.81381988359852,SAN MIGUEL,625.576,588.612,647.706,En proceso,0
2022223033674300105,249,A,Mujer,1.57343524576616,SAN MIGUEL,719.815,670.398,643.088,En proceso,0
2022223033674300106,249,A,Mujer,1.49893078291687,SAN MIGUEL,645.409,564.308,558.735,En inicio,1
2022223033674300107,249,A,Mujer,1.47649494104509,SAN MIGUEL,617.137,506.44,610.111,En proceso,0
2022223033674300108,249,A,Hombre,1.64378583668713,SAN MIGUEL,703.061,604.558,624.182,En proceso,0
2022223033674300109,249,A,Hombre,1.42273935625593,SAN MIGUEL,694.931,734.31,662.498,Satisfactorio,0
2022223033674300110,249,A,Hombre,1.81381988359852,SAN MIGUEL,611.347,377.46,609.823,En proceso,0
2022223033674300111,249,A,Hombre,1.45699032979818,SAN MIGUEL,737.862,768.902,703.772,Satisfactorio,0
2022223033674300112,249,A,Mujer,1.26080087025948,SAN MIGUEL,802.721,821.497,646.479,En proceso,0
2022223033674300113,249,A,Mujer,1.56656748063022,SAN MIGUEL,644.239,703.447,616.966,En proceso,0
2022223033674300114,249,A,Hombre,1.66481095789996,SAN MIGUEL,591.452,628.476,679.239,Satisfactorio,0
2022223033674300115,249,A,Hombre,1.81381988359852,SAN MIGUEL,669.8,702.418,684.795,Satisfactorio,0
2022223033674300116,249,A,Hombre,1.81381988359852,SAN MIGUEL,687.601,759.257,723.977,Satisfactorio,0
2022223033674300117,249,A,Hombre,1.17506268202092,SAN MIGUEL,757.203,670.398,740.356,Satisfactorio,0
2022223033674300118,249,A,Mujer,1.58343872991473,SAN MIGUEL,740.264,739.582,697.062,Satisfactorio,0
2022223033674300119,249,A,Mujer,1.64793970861544,SAN MIGUEL,645.039,605.587,634.357,En proceso,0
2022223033674300120,249,A,Mujer,1.2650313184909,SAN MIGUEL,548.891,458.603,527.779,En inicio,1
2022223033674300121,249,A,Mujer,1.73931542074924,SAN MIGUEL,737.862,557.107,603.329,En proceso,0
2022223033674300122,249,A,Hombre,1.81381988359852,SAN MIGUEL,644.177,566.623,610.111,En proceso,0
2022223033674300123,249,A,Hombre,1.4922259737332,SAN MIGUEL,688.895,731.609,713.947,Satisfactorio,0
2022223033674300124,249,A,Hombre,1.65312050993972,SAN MIGUEL,655.818,707.819,755.726,Satisfactorio,0
2022223033674300125,249,A,Hombre,1.38949620095129,SAN MIGUEL,699.674,734.438,702.185,Satisfactorio,0
2022223033674300126,249,A,Mujer,1.54621074731079,SAN MIGUEL,664.626,582.054,613.07,En proceso,0
2022223033674300127,249,A,Hombre,0.797784446389183,SAN MIGUEL,678.116,600.571,693.887,Satisfactorio,0
2022223033674300128,249,A,Hombre,1.55796472066951,SAN MIGUEL,719.692,864.704,758.612,Satisfactorio,0
2022223033674300129,249,A,Hombre,1.38834399959482,SAN MIGUEL,732.996,619.089,634.357,En proceso,0
2022223033674300130,249,A,Mujer,1.26430256538918,SAN MIGUEL,719.815,821.497,722.678,Satisfactorio,0
2022223033674300131,249,A,Hombre,0.641958350431942,SAN MIGUEL,605.681,605.587,567.25,En inicio,1
2022223033674300132,249,A,Mujer,1.66481095789996,SAN MIGUEL,692.221,628.476,676.208,Satisfactorio,0
2022223033674300133,249,A,Mujer,1.36388273030149,SAN MIGUEL,589.604,578.453,569.631,En inicio,1
2022223033674300134,249,A,Hombre,1.39741995272818,SAN MIGUEL,667.46,661.782,647.706,En proceso,0
2022223033674300135,249,A,Hombre,1.42745182677068,SAN MIGUEL,719.815,619.089,722.678,Satisfactorio,0
2022223033674300136,249,A,Mujer,1.73716012612805,SAN MIGUEL,571.373,523.801,463.487,Previo al Inicio,1
2022223033674300137,249,A,Hombre,1.66056389405605,SAN MIGUEL,748.333,770.445,740.356,Satisfactorio,0
2022223033674300138,249,A,Mujer, ,SAN MIGUEL,611.84,582.054,572.878,En inicio,1
2022223033674300201,249,B,Hombre,1.66481095789996,SAN MIGUEL,561.579,525.601,668.776,Satisfactorio,0
2022223033674300202,249,B,Mujer,1.57092016329308,SAN MIGUEL,732.996,794.62,698.866,Satisfactorio,0
2022223033674300203,249,B,Hombre,1.66481095789996,SAN MIGUEL,619.478,623.718,669.497,Satisfactorio,0
2022223033674300204,249,B,Hombre,1.73587849328613,SAN MIGUEL,737.862,722.222,837.625,Satisfactorio,0
2022223033674300205,249,B,Mujer,1.62287050478126,SAN MIGUEL,729.424,670.398,693.887,Satisfactorio,0
2022223033674300206,249,B,Hombre,0.621187434862993,SAN MIGUEL,636.416,543.861,624.182,En proceso,0
2022223033674300207,249,B,Hombre,1.60594781597346,SAN MIGUEL,711.992,874.22,662.498,Satisfactorio,0
2022223033674300208,249,B,Mujer,1.57614913897378,SAN MIGUEL,699.674,749.998,643.088,En proceso,0
2022223033674300209,249,B,Mujer,1.53835265377004,SAN MIGUEL,654.648,536.017,723.977,Satisfactorio,0
2022223033674300210,249,B,Mujer,1.10765729992803,SAN MIGUEL,665.674,611.502,610.111,En proceso,0
2022223033674300211,249,B,Mujer,1.81381988359852,SAN MIGUEL,703.061,595.556,697.062,Satisfactorio,0
2022223033674300212,249,B,Hombre,1.02619253943032,SAN MIGUEL,616.521,543.861,599.721,En proceso,0
2022223033674300213,249,B,Hombre,1.57174828195449,SAN MIGUEL,747.101,814.81,702.185,Satisfactorio,0
2022223033674300214,249,B,Mujer,1.81381988359852,SAN MIGUEL,675.467,854.288,686.599,Satisfactorio,0
2022223033674300215,249,B,Hombre,1.81381988359852,SAN MIGUEL,802.721,771.088,921.256,Satisfactorio,0
2022223033674300216,249,B,Hombre,1.58821472582796,SAN MIGUEL,665.242,804.394,682.125,Satisfactorio,0
2022223033674300217,249,B,Hombre,1.81381988359852,SAN MIGUEL,645.039,529.33,599.721,En proceso,0
2022223033674300218,249,B,Hombre,1.40453695567103,SAN MIGUEL,699.674, ,684.795,Satisfactorio,0
2022223033674300219,249,B,Hombre,1.39935711623341,SAN MIGUEL,701.398,770.445,837.625,Satisfactorio,0
2022223033674300220,249,B,Mujer,-1.40578533049775,SAN MIGUEL,654.463,654.067,830.193,Satisfactorio,0
2022223033674300221,249,B,Hombre,1.26044495866097,SAN MIGUEL,596.873,557.107,569.631,En inicio,1
2022223033674300222,249,B,Hombre,1.81381988359852,SAN MIGUEL,651.137,585.269,580.31,En inicio,1
2022223033674300223,249,B,Mujer,1.02736057386616,SAN MIGUEL,699.674,486.765,599.793,En proceso,0
2022223033674300224,249,B,Hombre,1.34972890157206,SAN MIGUEL,558.13,463.876,593.876,En inicio,1
2022223033674300225,249,B,Mujer,1.49893078291687,SAN MIGUEL,692.221, ,559.601,En inicio,1
2022223033674300226,249,B,Hombre,1.73716012612805,SAN MIGUEL,654.956,628.476,645.036,En proceso,0
2022223033674300227,249,B,Hombre,1.3972653470107,SAN MIGUEL,607.898,648.023,679.239,Satisfactorio,0
2022223033674300228,249,B,Mujer,1.37036368917028,SAN MIGUEL,619.478,442.658,590.124,En inicio,1
2022223033674300229,249,B,Mujer,1.41676995825761,SAN MIGUEL,628.471,465.29,613.07,En proceso,0
2022223033674300230,249,B,Hombre,1.42442632006759,SAN MIGUEL,692.221,707.819,740.356,Satisfactorio,0
2022223033674300231,249,B,Hombre,1.61768970345698,SAN MIGUEL,654.956,544.89,595.896,En inicio,1
2022223033674300232,249,B,Mujer,1.64793970861544,SAN MIGUEL,575.746,417.582,515.585,Previo al Inicio,1
2022223033674300233,249,B,Mujer,1.81381988359852,SAN MIGUEL,647.01,515.313,590.124,En inicio,1
2022223033674300234,249,B,Mujer,1.53693959945667,SAN MIGUEL,717.659,635.806,575.909,En inicio,1
2022223033674300301,249,C,Hombre,0.529908675648259,SAN MIGUEL,669.8,650.723,620.286,En proceso,0
2022223033674300302,249,C,Hombre,1.27731620794549,SAN MIGUEL,598.597,498.853,603.329,En proceso,0
2022223033674300303,249,C,Mujer,1.28774375522734,SAN MIGUEL,586.155,452.816,531.82,En inicio,1
2022223033674300304,249,C,Hombre,1.42442632006759,SAN MIGUEL,676.453,635.806,656.509,Satisfactorio,0
2022223033674300305,249,C,Mujer,0.661876286336375,SAN MIGUEL,761.268,619.089,647.706,En proceso,0
2022223033674300306,249,C,Mujer,1.81381988359852,SAN MIGUEL,603.586,679.528,571.651,En inicio,1
2022223033674300308,249,C,Hombre,1.57533405934262,SAN MIGUEL,692.221,654.067,660.55,Satisfactorio,0
2022223033674300309,249,C,Hombre,1.43914227473092,SAN MIGUEL,645.409,623.718,624.182,En proceso,0
2022223033674300310,249,C,Hombre,1.51580203220139,SAN MIGUEL,607.898,611.502,542.211,En inicio,1
2022223033674300311,249,C,Mujer,1.02068244481351,SAN MIGUEL,603.586,374.76,599.793,En proceso,0
2022223033674300312,249,C,Mujer,1.66481095789996,SAN MIGUEL,737.862,821.497,749.015,Satisfactorio,0
2022223033674300313,249,C,Hombre,1.15021408693743,SAN MIGUEL,634.63,584.626,599.288,En proceso,0
2022223033674300314,249,C,Hombre,0.596980072998483,SAN MIGUEL,676.453,749.998,682.125,Satisfactorio,0
2022223033674300315,249,C,Hombre,1.73722365152653,SAN MIGUEL,625.576,452.816,579.444,En inicio,1
2022223033674300316,249,C,Hombre,1.27767942517243,SAN MIGUEL,683.536,759.257,747.933,Satisfactorio,0
2022223033674300317,249,C,Mujer,1.66481095789996,SAN MIGUEL,645.409,486.765,671.59,Satisfactorio,0
2022223033674300318,249,C,Hombre,0.862191291325166,SAN MIGUEL,802.721,978.382,693.887,Satisfactorio,0
2022223033674300319,249,C,Hombre,1.33803845361182,SAN MIGUEL,889.754,734.438,713.947,Satisfactorio,0
2022223033674300320,249,C,Mujer,1.60803443379502,SAN MIGUEL,645.039,682.1,533.336,En inicio,1
2022223033674300321,249,C,Mujer,1.24481949384902,SAN MIGUEL,647.01,702.418,643.088,En proceso,0
2022223033674300322,249,C,Hombre,0.894373091982583,SAN MIGUEL,620.586,566.623,593.876,En inicio,1
2022223033674300323,249,C,Hombre,1.41755855493165,SAN MIGUEL,609.007,572.924,646.479,En proceso,0
2022223033674300324,249,C,Hombre,1.63037305457247,SAN MIGUEL,703.061,739.582,668.776,Satisfactorio,0
2022223033674300325,249,C,Hombre,0.510161807004533,SAN MIGUEL,645.039,525.601,542.211,En inicio,1
2022223033674300326,249,C,Hombre,1.66481095789996,SAN MIGUEL,603.586,498.853,590.124,En inicio,1
2022223033674300327,249,C,Mujer,1.55790119527103,SAN MIGUEL,664.626,494.61,658.024,Satisfactorio,0
2022223033674300328,249,C,Mujer,1.72515806467235,SAN MIGUEL,692.221,661.782,740.356,Satisfactorio,0
2022223033674300329,249,C,Mujer,1.49893078291687,SAN MIGUEL,568.478,507.984,569.631,En inicio,1
2022223033674300330,249,C,Mujer,1.66481095789996,SAN MIGUEL,667.46,653.681,679.239,Satisfactorio,0
2022223033674300331,249,C,Hombre,1.65233465150679,SAN MIGUEL,657.789,703.447,684.795,Satisfactorio,0
2022223033674300332,249,C,Hombre,1.2621937757725,SAN MIGUEL,620.586,682.1,658.024,Satisfactorio,0
2022223033674300333,249,C,Hombre,1.29371346414303,SAN MIGUEL,644.177,557.107,621.44,En proceso,0
2022223033674300334,249,C,Mujer,1.00153510661462,SAN MIGUEL,768.105,722.222,645.036,En proceso,0
2022223033674300335,249,C,Hombre,0.865200095531326,SAN MIGUEL,667.46,572.924,599.721,En proceso,0
2022223033674300336,249,C,Mujer,1.68007198852766,SAN MIGUEL,688.217, ,625.337,En proceso,0
2022223033674300337,249,C,Hombre, ,SAN MIGUEL,683.474,650.723,615.956,En proceso,0
2022223149043200201,2275,B,Mujer,1.2167420931771,SAN MIGUEL,609.007,543.861,569.126,En inicio,1
2022223149043200202,2275,B,Mujer,0.0817905527212012,SAN MIGUEL,636.416,339.01,587.021,En inicio,1
2022223149043200203,2275,B,Mujer,0.518309777884695,SAN MIGUEL,711.992,560.321,542.211,En inicio,1
2022223149043200204,2275,B,Hombre,-0.29736887067652,SAN MIGUEL,637.155,673.999,643.088,En proceso,0
2022223149043200205,2275,B,Mujer,1.49893078291687,SAN MIGUEL,636.724,545.404,723.977,Satisfactorio,0
2022223149043200206,2275,B,Hombre,1.01976812905362,SAN MIGUEL,692.221,595.556,621.44,En proceso,0
2022223149043200207,2275,B,Hombre,0.998581032467176,SAN MIGUEL,654.956,629.634,527.13,En inicio,1
2022223149043200208,2275,B,Hombre,1.22932306932202,SAN MIGUEL,616.521, ,662.498,Satisfactorio,0
2022223149043200209,2275,B,Mujer,1.09505978496041,SAN MIGUEL,580.181,458.603,625.337,En proceso,0
2022223149043200210,2275,B,Hombre,0.732880950146649,SAN MIGUEL,628.471,578.453,686.599,Satisfactorio,0
2022223149043200211,2275,B,Hombre,1.38897257906296,SAN MIGUEL,729.424,759.257,740.356,Satisfactorio,0
2022223149043200212,2275,B,Hombre,1.55927788968926,SAN MIGUEL,582.46,619.089,595.896,En inicio,1
2022223149043200213,2275,B,Mujer,0.502531776427748,SAN MIGUEL,538.112,401.25,515.585,Previo al Inicio,1
2022223149043200214,2275,B,Mujer,1.38956946321334,SAN MIGUEL,575.13,544.89,580.743,En inicio,1
2022223149043200215,2275,B,Hombre,0.990875251764895,SAN MIGUEL,578.025,519.043,634.14,En proceso,0
2022223149043200216,2275,B,Mujer,0.96028015730522,SAN MIGUEL,757.203,536.017,588.897,En inicio,1
2022223149043200217,2275,B,Hombre,1.49432393122108,SAN MIGUEL,526.84,421.568,518.471,Previo al Inicio,1
2022223149043200218,2275,B,Hombre,0.795842517896338,SAN MIGUEL,680.333,814.295,698.866,Satisfactorio,0
2022223149043200219,2275,B,Hombre,1.28281093138412,SAN MIGUEL,699.674,629.634,669.497,Satisfactorio,0
2022223149043200220,2275,B,Hombre,1.66481095789996,SAN MIGUEL,654.648,627.448,749.015,Satisfactorio,0
2022223149043200221,2275,B,Hombre,1.3714727503103,SAN MIGUEL,586.155,438.285,578.867,En inicio,1
2022223149043200222,2275,B,Hombre, ,SAN MIGUEL,504.912,409.223,461.683,Previo al Inicio,1
2022223149043200223,2275,B,Hombre, ,SAN MIGUEL,590.159,504.126,615.595,En proceso,0
2022223149043200224,2275,B,Mujer, ,SAN MIGUEL,635.431,619.089,704.566,Satisfactorio,0
2022223064918600101,963,A,Mujer,1.15395962436093,CARABAYLLO,510.271,458.603,483.258,Previo al Inicio,1
2022223064918600102,963,A,Hombre,0.934114781757994,CARABAYLLO,551.539,494.61,516.811,Previo al Inicio,1
2022223064918600103,963,A,Mujer,0.768465406392839,CARABAYLLO,678.116,588.612,646.479,En proceso,0
2022223064918600104,963,A,Mujer,1.61972488175526,CARABAYLLO,740.264,595.556,668.776,Satisfactorio,0
2022223064918600105,963,A,Hombre,0.950296010984629,CARABAYLLO,616.521,629.634,569.775,En inicio,1
2022223064918600106,963,A,Mujer,0.62846237358224,CARABAYLLO,683.536,650.723,702.185,Satisfactorio,0
2022223064918600107,963,A,Mujer,0.629242020558172,CARABAYLLO,613.01,628.476,613.07,En proceso,0
2022223064918600108,963,A,Mujer,1.57343524576616,CARABAYLLO,571.865,557.107,450.282,Previo al Inicio,1
2022223064918600109,963,A,Mujer,0.901539369630043,CARABAYLLO,665.242,690.202,595.896,En inicio,1
2022223064918600110,963,A,Hombre,1.78356987844007,CARABAYLLO,667.46,595.556,723.111,Satisfactorio,0
2022223064918600111,963,A,Mujer,0.757482564864677,CARABAYLLO,719.815,739.582,643.088,En proceso,0
2022223064918600112,963,A,Mujer,1.19424899775156,CARABAYLLO,654.648,703.447,623.316,En proceso,0
2022223064918600113,963,A,Mujer,1.25440960436093,CARABAYLLO,644.177,539.489,610.111,En proceso,0
2022223064918600114,963,A,Hombre,1.01840635589914,CARABAYLLO,654.956,623.718,634.357,En proceso,0
2022223064918600115,963,A,Mujer,-1.1930107477617,CARABAYLLO,732.996,611.502,723.111,Satisfactorio,0
2022223064918600116,963,A,Hombre,1.66481095789996,CARABAYLLO,647.01,670.398,669.497,Satisfactorio,0
2022223064918600117,963,A,Hombre,0.533867994717717,CARABAYLLO,620.586,707.819,613.07,En proceso,0
2022223064918600118,963,A,Hombre,0.123503498085947,CARABAYLLO,678.116,675.799,693.887,Satisfactorio,0
2022223064918600119,963,A,Hombre,1.27716126823019,CARABAYLLO,540.883,498.853,481.959,Previo al Inicio,1
2022223064918600120,963,A,Hombre,0.752136257593376,CARABAYLLO,616.521,648.023,647.706,En proceso,0
2022223064918600121,963,A,Mujer,1.30207756851985,CARABAYLLO,611.347,566.623,590.124,En inicio,1
2022223064918600122,963,A,Hombre,1.48724033495663,CARABAYLLO,584.8,595.556,584.784,En inicio,1
2022223064918600123,963,A,Mujer,1.26943217551019,CARABAYLLO,654.463,679.528,559.601,En inicio,1
2022223064918600124,963,A,Hombre,1.11924282020325,CARABAYLLO,768.105,814.81,936.337,Satisfactorio,0
2022223064918600125,963,A,Hombre,1.43978678124907,CARABAYLLO, , ,410.018,Previo al Inicio,1
2022223064918600201,963,B,Mujer,0.631604458398541,CARABAYLLO,591.452,525.601,610.544,En proceso,0
2022223064918600202,963,B,Mujer,1.23002220716894,CARABAYLLO,669.8,682.1,590.124,En inicio,1
2022223064918600203,963,B,Hombre,1.51057305652069,CARABAYLLO,765.272,648.023,671.59,Satisfactorio,0
2022223064918600204,963,B,Mujer,1.20789654524175,CARABAYLLO,692.221,722.222,646.479,En proceso,0
2022223064918600205,963,B,Hombre,1.35809399443636,CARABAYLLO,596.873,421.439,604.988,En proceso,0
2022223064918600206,963,B,Mujer,0.935288516740192,CARABAYLLO,732.996,679.528,610.544,En proceso,0
2022223064918600207,963,B,Hombre,1.66481095789996,CARABAYLLO,719.815,814.81,722.678,Satisfactorio,0
2022223064918600208,963,B,Hombre,0.949541749805533,CARABAYLLO,578.025,519.043,567.25,En inicio,1
2022223064918600209,963,B,Hombre,1.48130496319903,CARABAYLLO,601.184,600.571,610.111,En proceso,0
2022223064918600210,963,B,Hombre,1.06169573749388,CARABAYLLO,688.895,661.782,713.947,Satisfactorio,0
2022223064918600211,963,B,Hombre,1.61972488175526,CARABAYLLO,694.931,595.556,679.239,Satisfactorio,0
2022223064918600212,963,B,Hombre,1.3606973037643,CARABAYLLO,628.039,653.681,722.678,Satisfactorio,0
2022223064918600213,963,B,Hombre,1.40932657414128,CARABAYLLO,605.681,627.448,634.14,En proceso,0
2022223064918600214,963,B,Mujer,1.2970677180148,CARABAYLLO,625.699,438.285,578.867,En inicio,1
2022223064918600215,963,B,Mujer,1.49893078291687,CARABAYLLO,654.956,494.61,595.896,En inicio,1
2022223064918600216,963,B,Mujer,1.48223707919692,CARABAYLLO,625.576,635.806,647.706,En proceso,0
2022223064918600217,963,B,Hombre,1.52681599898518,CARABAYLLO,669.8,529.33,620.286,En proceso,0
2022223064918600218,963,B,Mujer,1.21348726985912,CARABAYLLO,687.601,821.497,623.316,En proceso,0
2022223064918600219,963,B,Mujer,1.26157165178759,CARABAYLLO,665.674,627.448,621.44,En proceso,0
2022223064918600220,963,B,Mujer,1.02579271435984,CARABAYLLO,611.902,519.043,616.966,En proceso,0
2022223064918600221,963,B,Mujer,1.41922258422142,CARABAYLLO,599.521,578.453,560.395,En inicio,1
2022223064918600222,963,B,Hombre,0.6244700077991,CARABAYLLO,619.478,566.623,655.715,Satisfactorio,0
2022223064918600223,963,B,Hombre,1.61763311253255,CARABAYLLO,664.626,465.29,634.14,En proceso,0
2022223064918600224,963,B,Hombre,1.43091303218166,CARABAYLLO,729.424,606.873,621.44,En proceso,0
2022223064918600225,963,B,Hombre,1.29754027600473,CARABAYLLO,547.782,627.448,552.674,En inicio,1
2022223064918600226,963,B,Mujer,1.09379233005117,CARABAYLLO,607.898,582.054,542.211,En inicio,1
2022223064918600227,963,B,Hombre,1.49948938150331,CARABAYLLO,867.888,734.31,927.606,Satisfactorio,0
2022223064918600228,963,B,Mujer,1.38897257906296,CARABAYLLO,578.825,566.623,615.956,En proceso,0
2022223077548600101,1214,A,Hombre,0.792755403519399,COMAS,581.967,560.321,545.097,En inicio,1
2022223077548600102,1214,A,Mujer,0.955348324765083,COMAS,687.601,515.313,634.14,En proceso,0
2022223077548600103,1214,A,Hombre,1.29067842499672,COMAS,578.949,483.808,504.328,Previo al Inicio,1
2022223077548600104,1214,A,Mujer,1.22308594859664,COMAS,533.862,529.33,527.13,En inicio,1
2022223077548600105,1214,A,Hombre,0.365880309301355,COMAS,568.108,443.558,560.395,En inicio,1
2022223077548600106,1214,A,Mujer,0.738536043806851,COMAS,628.039,605.587,669.497,Satisfactorio,0
2022223077548600107,1214,A,Mujer,0.868005396561085,COMAS,517.847,270.341,550.293,En inicio,1
2022223077548600108,1214,A,Hombre,0.0481297674935034,COMAS,609.007,600.571,693.887,Satisfactorio,0
2022223077548600109,1214,A,Hombre,0.882729850889637,COMAS,636.416,722.222,624.182,En proceso,0
2022223077548600110,1214,A,Hombre,1.00765193002702,COMAS,507.869,572.924,460.889,Previo al Inicio,1
2022223077548600111,1214,A,Hombre,1.14586759253973,COMAS,588.989,523.801,580.743,En inicio,1
2022223077548600112,1214,A,Mujer,1.58947487659681,COMAS,531.521,487.408,516.811,Previo al Inicio,1
2022223077548600116,1214,A,Hombre,1.31174776752282,COMAS,575.13,550.934,536.438,En inicio,1
2022223077548600117,1214,A,Mujer,1.11640766708569,COMAS,636.724,564.308,525.182,En inicio,1
2022223077548600118,1214,A,Hombre,1.31174776752282,COMAS,625.699,564.565,531.82,En inicio,1
2022223077548600119,1214,A,Mujer,1.03151444579447,COMAS,654.956,682.1,535.717,En inicio,1
2022223077548600120,1214,A,Mujer,0.996858666841167,COMAS,560.532,452.816,569.775,En inicio,1
2022223077548600121,1214,A,Mujer,1.17737774846704,COMAS,561.887,545.404,510.317,Previo al Inicio,1
2022223077548600122,1214,A,Mujer,0.852492031591349,COMAS,571.373,398.55,533.552,En inicio,1
2022223077548600123,1214,A,Mujer,0.933357234294816,COMAS,601.184,503.868,569.126,En inicio,1
2022223077548600124,1214,A,Mujer,0.252869901007939,COMAS,665.242,506.44,595.896,En inicio,1
2022223077548600125,1214,A,Hombre,1.59030649505067,COMAS,560.532,498.853,560.395,En inicio,1
2022223077548600126,1214,A,Hombre,1.10078151639504,COMAS,539.59,524.572,527.707,En inicio,1
2022223077548600127,1214,A,Hombre, ,COMAS,524.376, ,439.242,Previo al Inicio,1
2022223149761900101,2283,A,Hombre,1.22880768003128,COMAS,669.8,473.777,684.795,Satisfactorio,0
2022223149761900102,2283,A,Mujer,0.995568526532986,COMAS,664.626,635.806,541.922,En inicio,1
2022223149761900103,2283,A,Hombre,0.72290989640537,COMAS,678.116,619.089,633.563,En proceso,0
2022223149761900104,2283,A,Mujer,1.07589445195779,COMAS,589.604,523.801,604.988,En proceso,0
2022223149761900105,2283,A,Mujer,0.925929938060494,COMAS,560.532,525.601,569.775,En inicio,1
2022223149761900106,2283,A,Hombre,0.519437358124835,COMAS,611.347,560.321,609.823,En proceso,0
2022223149761900107,2283,A,Hombre,-0.172673098945957,COMAS,613.01,473.777,575.909,En inicio,1
2022223149761900108,2283,A,Mujer,0.737711472844818,COMAS,523.329,483.808,531.82,En inicio,1
2022223149761900109,2283,A,Mujer,1.05537097815291,COMAS,636.416, ,535.717,En inicio,1
2022223149761900110,2283,A,Mujer,1.20673823936218,COMAS,625.576,564.308,647.706,En proceso,0
2022223149761900111,2283,A,Mujer,0.738973166223933,COMAS,588.989,487.408,580.743,En inicio,1
2022223149761900112,2283,A,Hombre,0.962484511843991,COMAS,524.746,396.235,482.104,Previo al Inicio,1
2022223149761900113,2283,A,Mujer,0.30419792722845,COMAS,593.547,473.777,495.02,Previo al Inicio,1
2022223149761900114,2283,A,Hombre,0.936645215273123,COMAS,589.604,545.404,595.896,En inicio,1
2022223149761900115,2283,A,Hombre,0.964411828312064,COMAS,655.818,550.934,662.498,Satisfactorio,0
2022223149761900116,2283,A,Mujer,0.351776193043196,COMAS,619.478,564.308,571.651,En inicio,1
2022223149761900117,2283,A,Mujer,-0.532224023383393,COMAS,571.373,386.59,533.552,En inicio,1
2022223149761900118,2283,A,Mujer,1.15006648202722,COMAS,665.674,628.476,599.288,En proceso,0
2022223149761900119,2283,A,Mujer,0.650763551628121,COMAS,604.264,452.816,535.717,En inicio,1
2022223149761900120,2283,A,Mujer, ,COMAS,621.572, ,568.116,En inicio,1
2022223149761900121,2283,A,Hombre, ,COMAS,735.645,529.33,638.758,En proceso,0
2022223149761900122,2283,A,Mujer, ,COMAS,593.115,483.936,537.882,En inicio,1
2022223149761900123,2283,A,Hombre, ,COMAS,599.46,566.623,638.758,En proceso,0
2022223149761900124,2283,A,Mujer, ,COMAS,660.315,595.556,594.453,En inicio,1
2022223149858300101,2284,A,Mujer,1.26126003829213,COMAS,757.203,650.723,660.55,Satisfactorio,0
2022223149858300102,2284,A,Hombre,1.106933910058,COMAS,547.782,396.235,578.29,En inicio,1
2022223149858300103,2284,A,Hombre,0.468733019269893,COMAS,576.423,600.571,588.464,En inicio,1
2022223149858300104,2284,A,Mujer,1.05464055569928,COMAS,619.478,588.612,571.651,En inicio,1
2022223149858300105,2284,A,Hombre,1.23363989720259,COMAS,654.648,550.934,634.14,En proceso,0
2022223149858300106,2284,A,Hombre,1.27731620794549,COMAS,501.894,329.237,531.82,En inicio,1
2022223149858300107,2284,A,Hombre,1.10907124387226,COMAS,568.478,408.194,491.484,Previo al Inicio,1
2022223149858300108,2284,A,Mujer,0.785169381457906,COMAS,545.565,458.603,488.886,Previo al Inicio,1
2022223149858300109,2284,A,Hombre,0.375606116096857,COMAS,669.8,875.892,747.933,Satisfactorio,0
2022223149858300110,2284,A,Mujer,0.305462752960716,COMAS,496.351, ,432.387,Previo al Inicio,1
2022223149858300111,2284,A,Hombre, ,COMAS,645.471,529.33,580.743,En inicio,1
2022223149858300112,2284,A,Mujer, ,COMAS,524.376,564.308,554.694,En inicio,1
2022223150017200101,2285,A,Hombre,0.530850452167857,COMAS,568.108,350.841,542.211,En inicio,1
2022223150017200102,2285,A,Mujer,1.18237644564619,COMAS,647.01,544.89,571.651,En inicio,1
2022223150017200103,2285,A,Hombre,0.381764885516435,COMAS,564.72,478.793,634.14,En proceso,0
2022223150017200104,2285,A,Hombre,1.22246382461173,COMAS,593.547,578.453,621.44,En proceso,0
2022223150017200105,2285,A,Mujer,0.837419443951211,COMAS,596.873,588.612,578.29,En inicio,1
2022223150017200106,2285,A,Hombre,1.1035520005271,COMAS,599.521,507.984,679.239,Satisfactorio,0
2022223150017200107,2285,A,Mujer,1.32889673600548,COMAS,657.789,483.936,609.823,En proceso,0
2022223150017200108,2285,A,Hombre,1.08871592954086,COMAS,654.648,544.89,782.785,Satisfactorio,0
2022223150017200109,2285,A,Mujer,1.05316049207122,COMAS,625.699,458.603,569.126,En inicio,1
2022223150017200110,2285,A,Mujer,0.174363820367265,COMAS,676.453,536.017,624.182,En proceso,0
2022223150017200111,2285,A,Hombre,0.43127398743861,COMAS,645.039,661.782,599.721,En proceso,0
2022223150017200112,2285,A,Hombre,1.03354962409275,COMAS,699.674,619.089,631.326,En proceso,0
2022223150017200113,2285,A,Hombre,1.06067756160802,COMAS,664.626,606.873,723.977,Satisfactorio,0
2022223150017200114,2285,A,Mujer,0.88445865389558,COMAS,571.865,506.44,522.656,En inicio,1
2022223150017200115,2285,A,Mujer,0.428462627675696,COMAS,554.68,396.235,450.715,Previo al Inicio,1
2022223150017200116,2285,A,Mujer,0.928016555882058,COMAS,616.521,473.777,506.781,Previo al Inicio,1
2022223167126200101,2546,A,Mujer,1.6345609527415,COMAS,699.674,673.999,702.185,Satisfactorio,0
2022223167126200102,2546,A,Hombre,1.66481095789996,COMAS,578.025,611.502,645.613,En proceso,0
2022223167126200103,2546,A,Mujer,1.22246382461173,COMAS,617.137, ,610.111,En proceso,0
2022223167126200104,2546,A,Mujer,1.10764591250648,COMAS,688.895,776.489,697.062,Satisfactorio,0
2022223167126200105,2546,A,Hombre,1.15101180872403,COMAS,761.268,734.438,755.726,Satisfactorio,0
2022223167126200106,2546,A,Mujer,0.908133322516515,COMAS,581.967,458.603,590.124,En inicio,1
2022223167126200107,2546,A,Mujer,1.07046798583811,COMAS,737.862,648.023,723.977,Satisfactorio,0
2022223167126200108,2546,A,Hombre,1.00757058798868,COMAS,729.424,690.202,693.887,Satisfactorio,0
2022223167126200109,2546,A,Hombre,0.747946766665356,COMAS,611.902,572.924,682.125,Satisfactorio,0
2022223167126200110,2546,A,Mujer,-0.144019658726639,COMAS,732.996,707.819,622.09,En proceso,0
2022223167126200111,2546,A,Mujer,1.02293065328595,COMAS,683.536,650.723,702.185,Satisfactorio,0
2022223167126200112,2546,A,Hombre,1.15098486846553,COMAS,584.8,498.853,584.784,En inicio,1
2022223167126200113,2546,A,Mujer,1.25735473877875,COMAS,802.721,578.453,621.44,En proceso,0
2022223167126200114,2546,A,Hombre,1.58821472582796,COMAS,889.754,759.257,758.612,Satisfactorio,0
2022223167126200115,2546,A,Hombre,1.66481095789996,COMAS,883.594,670.398,679.239,Satisfactorio,0
2022223167126200116,2546,A,Hombre,0.996795141442689,COMAS,628.039,653.681,684.795,Satisfactorio,0
2022223167126200117,2546,A,Hombre,-0.492786711159904,COMAS,675.467,627.448,723.977,Satisfactorio,0
2022223167126200118,2546,A,Hombre,1.66481095789996,COMAS,692.221,582.054,660.55,Satisfactorio,0
2022223167126200119,2546,A,Mujer,1.05761057902461,COMAS,676.453,771.088,733.934,Satisfactorio,0
2022223167126200120,2546,A,Hombre,0.715235031171063,COMAS,625.576,722.222,647.706,En proceso,0
2022223167126200121,2546,A,Mujer,0.935928270807921,COMAS,792.127,670.398,669.497,Satisfactorio,0
2022223167126200122,2546,A,Hombre,1.51063658191916,COMAS,628.471,653.681,671.59,Satisfactorio,0
2022223167126200123,2546,A,Hombre,0.974081578475926,COMAS,625.699,468.248,693.887,Satisfactorio,0
2022223167126200125,2546,A,Mujer,1.72515806467235,COMAS,591.452,494.61,515.585,Previo al Inicio,1
2022223167126200126,2546,A,Mujer,1.49893078291687,COMAS,699.674,588.612,722.678,Satisfactorio,0
2022223167126200127,2546,A,Mujer,0.939658829485871,COMAS,524.746,421.439,516.811,Previo al Inicio,1
2022223167126200128,2546,A,Mujer,1.49893078291687,COMAS,802.721,739.582,646.479,En proceso,0
2022223167126200129,2546,A,Hombre,1.23138517202761,COMAS,547.782,487.408,634.357,En proceso,0
2022223167126200130,2546,A,Hombre,0.549561394849384,COMAS,607.898,539.489,662.498,Satisfactorio,0
2022223167126200131,2546,A,Hombre,1.16273884182425,COMAS,619.478,494.61,669.497,Satisfactorio,0
2022223167126200201,2546,B,Mujer, ,COMAS,620.586,600.571,723.977,Satisfactorio,0
2022223167126200202,2546,B,Hombre,1.58343872991473,COMAS,654.463,504.126,676.208,Satisfactorio,0
2022223167126200203,2546,B,Hombre,1.0601989132899,COMAS,582.46,465.29,595.896,En inicio,1
2022223167126200204,2546,B,Hombre,0.750443826109913,COMAS,545.565,463.876,515.585,Previo al Inicio,1
2022223167126200205,2546,B,Hombre,-0.0774958842312419,COMAS,588.989,448.701,620.286,En proceso,0
2022223167126200206,2546,B,Mujer,1.78356987844007,COMAS,737.862,654.067,686.599,Satisfactorio,0
2022223167126200207,2546,B,Mujer,1.57614913897378,COMAS,625.699, ,676.208,Satisfactorio,0
2022223167126200208,2546,B,Mujer,1.31589311902548,COMAS,654.956,661.782,713.947,Satisfactorio,0
2022223167126200209,2546,B,Mujer,1.4102689639907,COMAS,655.818,619.089,698.866,Satisfactorio,0
2022223167126200210,2546,B,Mujer,1.22302242319817,COMAS,568.478,483.936,562.704,En inicio,1
2022223167126200211,2546,B,Hombre,1.29714906005314,COMAS,636.724,544.89,723.977,Satisfactorio,0
2022223167126200212,2546,B,Mujer,1.11519427413092,COMAS,729.424,560.321,621.44,En proceso,0
2022223167126200213,2546,B,Hombre,1.49893078291687,COMAS,589.604,494.61,561.116,En inicio,1
2022223167126200214,2546,B,Hombre,1.50411158424115,COMAS,667.46,635.806,698.866,Satisfactorio,0
2022223167126200215,2546,B,Hombre,0.451738861877853,COMAS,581.967,619.089,781.919,Satisfactorio,0
2022223167126200216,2546,B,Hombre,0.0867253562339957,COMAS,717.659,707.819,837.625,Satisfactorio,0
2022223167126200217,2546,B,Hombre,0.77202089514425,COMAS,644.177,544.89,646.479,En proceso,0
2022223167126200218,2546,B,Hombre,0.724771684504493,COMAS,676.453,654.067,713.947,Satisfactorio,0
2022223167126200219,2546,B,Hombre,1.42632513364405,COMAS,575.746,536.017,610.544,En proceso,0
2022223167126200220,2546,B,Hombre,1.22764462593601,COMAS,628.039,524.572,620.286,En proceso,0
2022223167126200221,2546,B,Hombre,1.31589311902548,COMAS,675.467,595.556,686.599,Satisfactorio,0
2022223167126200222,2546,B,Hombre,1.23357637180412,COMAS,601.184,629.634,774.703,Satisfactorio,0
2022223167126200223,2546,B,Mujer,1.54589913381533,COMAS,654.956,506.44,614.441,En proceso,0
2022223167126200224,2546,B,Mujer,0.31467768534514,COMAS,635,582.054,589.33,En inicio,1
2022223167126200225,2546,B,Mujer,1.00801008501648,COMAS,575.13,386.333,590.124,En inicio,1
2022223167126200226,2546,B,Mujer,1.30099352264076,COMAS,628.471,545.404,671.59,Satisfactorio,0
2022223167126200227,2546,B,Mujer,1.42745182677068,COMAS,729.424,572.924,714.74,Satisfactorio,0
2022223167126200228,2546,B,Mujer,0.545933744834121,COMAS,604.264,585.269,656.509,Satisfactorio,0
2022223167126200229,2546,B,Hombre,1.66481095789996,COMAS,607.898,703.447,698.866,Satisfactorio,0
2022223167126200230,2546,B,Mujer,0.822897573675148,COMAS,834.257, ,646.696,En proceso,0
2022223167126200231,2546,B,Mujer,1.30798140409961,COMAS,675.467,702.418,703.772,Satisfactorio,0
2022223167126200232,2546,B,Mujer,1.21439895782133,COMAS,571.865,504.126,569.126,En inicio,1
2022223167126200233,2546,B,Hombre,1.09748744562645,COMAS,611.902,507.984,668.776,Satisfactorio,0
2022223145753000101,2243,A,Hombre,0.140986505749867,PUENTE PIEDRA,613.01,606.873,593.876,En inicio,1
2022223145753000102,2243,A,Mujer,0.984793079986991,PUENTE PIEDRA,564.844,363.701,466.012,Previo al Inicio,1
2022223145753000103,2243,A,Hombre,1.41190425365348,PUENTE PIEDRA,582.46,582.054,587.021,En inicio,1
2022223145753000104,2243,A,Hombre,0.378128942202923,PUENTE PIEDRA,655.818,578.453,610.544,En proceso,0
2022223145753000105,2243,A,Hombre,0.339793978107875,PUENTE PIEDRA,628.039,588.612,702.185,Satisfactorio,0
2022223145753000106,2243,A,Mujer,0.709545397035207,PUENTE PIEDRA,737.862, ,686.599,Satisfactorio,0
2022223145753000107,2243,A,Mujer,0.0633006983577894,PUENTE PIEDRA,586.155,463.876,531.82,En inicio,1
2022223145753000108,2243,A,Mujer,0.403900081455733,PUENTE PIEDRA,611.902,506.44,645.036,En proceso,0
2022223145753000109,2243,A,Hombre,0.843086680446832,PUENTE PIEDRA,625.576,654.067,647.706,En proceso,0
2022223145753000110,2243,A,Mujer,0.695837264190393,PUENTE PIEDRA,555.358,557.107,510.317,Previo al Inicio,1
2022223145753000111,2243,A,Mujer,0.55029043168739,PUENTE PIEDRA,701.398,566.623,658.024,Satisfactorio,0
2022223145753000112,2243,A,Mujer,0.824093706328185,PUENTE PIEDRA,654.463,619.089,633.563,En proceso,0
2022223145753000113,2243,A,Hombre,0.931789374788498,PUENTE PIEDRA,611.902,606.873,569.631,En inicio,1
2022223145753000114,2243,A,Hombre,0.810717633018059,PUENTE PIEDRA,599.521,506.44,589.33,En inicio,1
2022223145753000115,2243,A,Mujer,0.381895053298631,PUENTE PIEDRA,669.8,628.476,599.793,En proceso,0
2022223145753000116,2243,A,Hombre,-0.718301028823186,PUENTE PIEDRA,544.949,431.341,525.182,En inicio,1
2022223145753000117,2243,A,Mujer,-0.169105684399493,PUENTE PIEDRA,665.674,545.404,646.479,En proceso,0
2022223145753000118,2243,A,Hombre,1.43050668806293,PUENTE PIEDRA,740.264,731.609,682.125,Satisfactorio,0
2022223145753000119,2243,A,Hombre,0.587151678458646,PUENTE PIEDRA,635,463.876,579.444,En inicio,1
2022223145753000120,2243,A,Mujer,-0.00742460366419112,PUENTE PIEDRA,669.8,544.89,562.704,En inicio,1
2022223145753000121,2243,A,Hombre,1.13398550799114,PUENTE PIEDRA,591.637,582.054,550.293,En inicio,1
2022223145753000122,2243,A,Mujer,1.19887090334204,PUENTE PIEDRA,729.424,702.418,774.703,Satisfactorio,0
2022223145753000123,2243,A,Mujer,0.662156421359108,PUENTE PIEDRA,627.916,545.404,544.231,En inicio,1
2022223145753000124,2243,A,Mujer,0.40376481798918,PUENTE PIEDRA,732.996,814.295,723.111,Satisfactorio,0
2022223145753000125,2243,A,Mujer,0.504863520848999,PUENTE PIEDRA,657.789,629.634,655.715,Satisfactorio,0
2022223149680100101,2281,A,Hombre,0.668072262708474,PUENTE PIEDRA,598.597, ,671.59,Satisfactorio,0
2022223149680100102,2281,A,Mujer,1.21479318064891,PUENTE PIEDRA,550.985,428.769,522.656,En inicio,1
2022223149680100103,2281,A,Hombre,1.02500685592691,PUENTE PIEDRA,619.724,582.054,604.988,En proceso,0
2022223149680100104,2281,A,Mujer,1.4102689639907,PUENTE PIEDRA,883.594,557.107,698.866,Satisfactorio,0
2022223149680100105,2281,A,Mujer,1.54312864968327,PUENTE PIEDRA,683.536,545.404,536.438,En inicio,1
2022223149680100106,2281,A,Mujer,1.38802392124618,PUENTE PIEDRA,675.467,550.934,634.14,En proceso,0
2022223149680100107,2281,A,Hombre,0.674114526752714,PUENTE PIEDRA,757.203,776.489,714.74,Satisfactorio,0
2022223149680100108,2281,A,Hombre,0.972316773593825,PUENTE PIEDRA,582.46,525.601,587.021,En inicio,1
2022223149680100109,2281,A,Mujer,1.29968218066864,PUENTE PIEDRA,711.992,854.288,679.239,Satisfactorio,0
2022223149680100110,2281,A,Mujer,1.2093266994547,PUENTE PIEDRA,581.967,623.718,580.743,En inicio,1
2022223149680100111,2281,A,Mujer,1.14639113258979,PUENTE PIEDRA,571.373,483.808,472.939,Previo al Inicio,1
2022223149680100112,2281,A,Hombre,1.07794048299487,PUENTE PIEDRA,654.463,619.089,646.479,En proceso,0
2022223149680100113,2281,A,Hombre,0.716449059566516,PUENTE PIEDRA,619.724,543.861,614.441,En proceso,0
2022223149680100114,2281,A,Mujer,1.18440732517541,PUENTE PIEDRA,483.97,339.01,440.901,Previo al Inicio,1
2022223149680100115,2281,A,Hombre,1.22172894047899,PUENTE PIEDRA,657.789,582.054,545.097,En inicio,1
2022223149680100116,2281,A,Mujer,1.06364672570669,PUENTE PIEDRA,605.681,578.453,558.735,En inicio,1
2022223149680100117,2281,A,Mujer,1.09151408578305,PUENTE PIEDRA,692.221, ,588.897,En inicio,1
2022223149680100118,2281,A,Hombre,1.27515390694482,PUENTE PIEDRA,627.916,670.398,614.441,En proceso,0
2022223105487300101,1474,A,Hombre,0.571845522451227,SANTA ROSA,665.242,679.528,733.934,Satisfactorio,0
2022223105487300102,1474,A,Hombre,0.93952050367928,SANTA ROSA,630.688,506.44,588.464,En inicio,1
2022223105487300103,1474,A,Mujer,0.882889604321873,SANTA ROSA,683.536,582.054,620.286,En proceso,0
2022223105487300104,1474,A,Hombre,1.61972488175526,SANTA ROSA,564.72,473.777,603.329,En proceso,0
2022223105487300105,1474,A,Hombre,1.06138339793105,SANTA ROSA,644.177,588.612,774.703,Satisfactorio,0
2022223105487300106,1474,A,Mujer,1.48724033495663,SANTA ROSA,645.409,550.934,614.441,En proceso,0
2022223105487300107,1474,A,Mujer,0.778192550552327,SANTA ROSA,553.017,443.558,569.775,En inicio,1
2022223105487300108,1474,A,Mujer,0.699126964901989,SANTA ROSA,581.967,544.89,631.326,En proceso,0
2022223105487300109,1474,A,Mujer,1.49893078291687,SANTA ROSA,628.471,604.558,645.613,En proceso,0
2022223105487300110,1474,A,Mujer,1.29968218066864,SANTA ROSA,609.007,452.816,676.208,Satisfactorio,0
2022223105487300111,1474,A,Mujer,1.42104441053669,SANTA ROSA,636.416,635.806,682.125,Satisfactorio,0
2022223105487300112,1474,A,Hombre,1.18099301212829,SANTA ROSA,645.039,529.33,579.444,En inicio,1
2022223105487300113,1474,A,Mujer,0.884625461946071,SANTA ROSA,747.101,653.681,702.185,Satisfactorio,0
2022223105487300114,1474,A,Hombre,0.912562569608108,SANTA ROSA,628.471,734.438,686.599,Satisfactorio,0
2022223105487300115,1474,A,Mujer,-0.141840460751395,SANTA ROSA,654.463,628.476,714.74,Satisfactorio,0
2022223105487300116,1474,A,Hombre,0.643231044624798,SANTA ROSA,676.453,515.313,668.776,Satisfactorio,0
2022223105487300117,1474,A,Mujer,0.747267195754632,SANTA ROSA,694.931,661.782,647.706,En proceso,0
2022223105487300118,1474,A,Hombre,1.40586810697141,SANTA ROSA,603.586,572.924,631.326,En proceso,0
2022223105487300119,1474,A,Mujer,1.02390090716285,SANTA ROSA,636.724,629.634,593.876,En inicio,1
2022223105487300120,1474,A,Mujer,0.99322870462925,SANTA ROSA,586.155,339.01,466.012,Previo al Inicio,1
2022223105487300121,1474,A,Mujer,1.26163517718607,SANTA ROSA,627.916,560.321,604.988,En proceso,0
2022223105487300122,1474,A,Mujer,1.17385245600687,SANTA ROSA,625.576,578.453,599.721,En proceso,0
2022223105487300123,1474,A,Mujer,1.26157165178759,SANTA ROSA,669.8,635.806,722.678,Satisfactorio,0
2022223105487300124,1474,A,Mujer, ,SANTA ROSA,578.825,486.765,537.882,En inicio,1
2022223105487300125,1474,A,Mujer, ,SANTA ROSA,608.391,606.873,580.743,En inicio,1
2022223055625800101,616,A,Mujer,1.02597385661831,EL AGUSTINO,657.789,525.601,620.286,En proceso,0
2022223055625800102,616,A,Mujer,1.29355898949494,EL AGUSTINO,645.409,498.853,584.784,En inicio,1
2022223055625800103,616,A,Hombre,0.0224760847548165,EL AGUSTINO,692.221,578.453,693.887,Satisfactorio,0
2022223055625800104,616,A,Hombre,0.31800515404532,EL AGUSTINO,636.416,545.404,569.631,En inicio,1
2022223055625800105,616,A,Hombre,1.29494980878823,EL AGUSTINO,607.898,595.556,622.09,En proceso,0
2022223055625800106,616,A,Mujer,0.665091466995581,EL AGUSTINO,588.989,483.936,519.048,Previo al Inicio,1
2022223055625800107,616,A,Mujer,-0.0330593129957081,EL AGUSTINO,628.471,506.44,671.59,Satisfactorio,0
2022223055625800108,616,A,Hombre,1.07533717366693,EL AGUSTINO,625.699,539.489,646.479,En proceso,0
2022223055625800109,616,A,Hombre,0.137115958296991,EL AGUSTINO,645.409,473.777,682.125,Satisfactorio,0
2022223055625800110,616,A,Mujer,-0.106843801092193,EL AGUSTINO,680.333,611.502,579.444,En inicio,1
2022223055625800111,616,A,Mujer,0.625775918588888,EL AGUSTINO,628.039,529.33,609.823,En proceso,0
2022223055625800112,616,A,Mujer,0.551110813069919,EL AGUSTINO,664.626,585.269,671.59,Satisfactorio,0
2022223055625800113,616,A,Mujer,0.707527712150632,EL AGUSTINO,678.116,544.89,610.111,En proceso,0
2022223055625800114,616,A,Mujer,1.22246382461173,EL AGUSTINO,627.916,539.489,604.988,En proceso,0
2022223055625800115,616,A,Hombre,-0.778456780315565,EL AGUSTINO,655.818,600.571,599.721,En proceso,0
2022223055625800116,616,A,Hombre,0.697054144242339,EL AGUSTINO,699.674,661.782,781.919,Satisfactorio,0
2022223055625800117,616,A,Hombre,1.21523157229802,EL AGUSTINO,605.681,550.934,525.182,En inicio,1
2022223055625800118,616,A,Hombre,0.842518200776886,EL AGUSTINO,665.674,629.634,633.563,En proceso,0
2022223055625800119,616,A,Mujer,0.0587587538836723,EL AGUSTINO,596.873,525.601,595.896,En inicio,1
2022223055625800120,616,A,Hombre,0.81890699087597,EL AGUSTINO,680.333,682.1,809.051,Satisfactorio,0
2022223055625800121,616,A,Hombre,0.443064227758395,EL AGUSTINO,643.376,625.004,573.095,En inicio,1
2022223055625800122,616,A,Mujer,0.681613163331707,EL AGUSTINO,598.597,483.808,558.735,En inicio,1
2022223055625800123,616,A,Hombre,0.509828665812793,EL AGUSTINO,692.221,572.924,660.55,Satisfactorio,0
2022223055625800124,616,A,Mujer,1.37724847470018,EL AGUSTINO,683.905,641.079,657.014,Satisfactorio,0
2022223055625800125,616,A,Hombre,1.65312050993972,EL AGUSTINO,645.039,970.538,755.726,Satisfactorio,0
2022223055625800126,616,A,Hombre,1.25250433530123,EL AGUSTINO,628.039,478.793,599.793,En proceso,0
2022223055625800127,616,A,Mujer,1.1999979301055,EL AGUSTINO,613.01,536.017,645.613,En proceso,0
2022223055625800128,616,A,Hombre,-0.0336051299407632,EL AGUSTINO,634.63,566.623,578.867,En inicio,1
2022223055625800301,616,C,Hombre,0.505930634135689,EL AGUSTINO,634.63,673.999,660.55,Satisfactorio,0
2022223055625800302,616,C,Hombre,0.903795990895704,EL AGUSTINO,589.604, ,645.036,En proceso,0
2022223055625800303,616,C,Hombre,-0.404152976722739,EL AGUSTINO,583.507,595.556,622.09,En proceso,0
2022223055625800304,616,C,Mujer,1.498549729895,EL AGUSTINO,699.674,606.873,702.185,Satisfactorio,0
2022223055625800305,616,C,Hombre,0.73308151513475,EL AGUSTINO,591.637,506.44,594.453,En inicio,1
2022223055625800306,616,C,Mujer,0.995695612745902,EL AGUSTINO,708.851,560.321,646.479,En proceso,0
2022223055625800307,616,C,Hombre,1.24266419922783,EL AGUSTINO,582.46,409.223,587.021,En inicio,1
2022223055625800308,616,C,Mujer,0.120786233956994,EL AGUSTINO,591.452,463.361,579.444,En inicio,1
2022223055625800309,616,C,Mujer,-0.0336080013395201,EL AGUSTINO,603.586,529.33,562.704,En inicio,1
2022223055625800310,616,C,Hombre,0.0421853314771134,EL AGUSTINO,664.626,821.497,749.015,Satisfactorio,0
2022223055625800311,616,C,Mujer,-0.341173871224113,EL AGUSTINO,665.674,605.587,633.563,En proceso,0
2022223055625800312,616,C,Mujer,0.269330441345822,EL AGUSTINO,554.68,438.285,634.357,En proceso,0
2022223055625800313,616,C,Hombre,0.0400680278319799,EL AGUSTINO,523.083, ,542.211,En inicio,1
2022223055625800314,616,C,Mujer,0.398636565299375,EL AGUSTINO,709.713,483.808,536.438,En inicio,1
2022223055625800315,616,C,Mujer,0.846644327896834,EL AGUSTINO,620.586, ,593.876,En inicio,1
2022223055625800316,616,C,Mujer,1.57614913897378,EL AGUSTINO,692.221,739.582,693.887,Satisfactorio,0
2022223055625800317,616,C,Mujer,1.22051491208354,EL AGUSTINO,665.242,650.723,614.441,En proceso,0
2022223055625800318,616,C,Mujer, ,EL AGUSTINO,583.507,458.603,622.09,En proceso,0
2022223055625800319,616,C,Hombre,1.26659816597965,EL AGUSTINO,647.01,600.571,722.678,Satisfactorio,0
2022223055625800320,616,C,Hombre,0.795063799836846,EL AGUSTINO,584.8,463.361,613.07,En proceso,0
2022223055625800321,616,C,Hombre,0.25494116778745,EL AGUSTINO,550.985,374.76,504.328,Previo al Inicio,1
2022223055625800322,616,C,Mujer,1.26394277753729,EL AGUSTINO,686.369, ,582.98,En inicio,1
2022223055625800323,616,C,Hombre,0.0299078574782669,EL AGUSTINO,553.017,428.769,407.204,Previo al Inicio,1
2022223055625800324,616,C,Mujer,0.0984487504070056,EL AGUSTINO,637.155,654.067,669.497,Satisfactorio,0
2022223055625800325,616,C,Hombre,1.27327745078988,EL AGUSTINO,668.63,702.418,673.538,Satisfactorio,0
2022223055625800326,616,C,Hombre,1.73931542074924,EL AGUSTINO,609.007,545.404,660.55,Satisfactorio,0
2022223055625800327,616,C,Hombre,0.73110820956577,EL AGUSTINO,627.916,550.934,697.062,Satisfactorio,0
2022223055625800328,616,C,Mujer, ,EL AGUSTINO,621.572,606.873,644.964,En proceso,0
2022223055625800329,616,C,Hombre, ,EL AGUSTINO,529.057,525.601,614.513,En proceso,0
2022223055625800401,616,D,Hombre,1.0868918830452,EL AGUSTINO,636.724,584.626,686.599,Satisfactorio,0
2022223055625800402,616,D,Hombre,0.254925398485841,EL AGUSTINO,617.137,539.489,646.479,En proceso,0
2022223055625800403,616,D,Hombre,0.241254197992661,EL AGUSTINO,561.579,452.816,587.021,En inicio,1
2022223055625800404,616,D,Mujer,0.212431322750388,EL AGUSTINO,667.46,545.404,599.721,En proceso,0
2022223055625800405,616,D,Mujer,0.300181389408484,EL AGUSTINO,568.478,398.55,562.704,En inicio,1
2022223055625800406,616,D,Mujer,0.869380249052571,EL AGUSTINO,654.648,629.634,623.316,En proceso,0
2022223055625800407,616,D,Mujer,0.0157678104368855,EL AGUSTINO,578.949,448.701,610.111,En proceso,0
2022223055625800408,616,D,Hombre,1.31561122761961,EL AGUSTINO,768.105,654.067,697.062,Satisfactorio,0
2022223055625800409,616,D,Mujer,1.42161151658939,EL AGUSTINO,667.46,673.999,698.866,Satisfactorio,0
2022223055625800410,616,D,Mujer,1.16273884182425,EL AGUSTINO,637.155,588.612,599.793,En proceso,0
2022223055625800411,616,D,Hombre,1.34011368401183,EL AGUSTINO,675.467,619.089,782.785,Satisfactorio,0
2022223055625800412,616,D,Hombre,0.264982623339105,EL AGUSTINO,654.463,543.861,660.55,Satisfactorio,0
2022223055625800413,616,D,Mujer,0.316251652422149,EL AGUSTINO,596.873,506.44,614.441,En proceso,0
2022223055625800414,616,D,Mujer,-0.139935106415703,EL AGUSTINO,625.576,539.489,634.357,En proceso,0
2022223055625800415,616,D,Hombre,1.07973522893423,EL AGUSTINO,669.8,702.418,643.088,En proceso,0
2022223055625800416,616,D,Hombre,1.05720577361356,EL AGUSTINO,664.626,611.502,703.772,Satisfactorio,0
2022223055625800417,616,D,Hombre,1.34565331130133,EL AGUSTINO,665.674,550.934,693.887,Satisfactorio,0
2022223055625800418,616,D,Mujer,0.835332826129647,EL AGUSTINO,627.916,653.681,578.29,En inicio,1
2022223055625800419,616,D,Mujer,1.0329721088376,EL AGUSTINO,583.507,363.701,524.46,En inicio,1
2022223055625800420,616,D,Hombre,-0.206175688869628,EL AGUSTINO,657.789,713.606,669.497,Satisfactorio,0
2022223055625800421,616,D,Mujer,1.32889673600548,EL AGUSTINO,620.586,734.31,645.613,En proceso,0
2022223055625800422,616,D,Hombre,1.07347024995522,EL AGUSTINO,678.116,722.222,740.356,Satisfactorio,0
2022223055625800423,616,D,Hombre,0.456536007943739,EL AGUSTINO,597.365, ,482.32,Previo al Inicio,1
2022223055625800424,616,D,Mujer,0.470848017409733,EL AGUSTINO,680.333,606.873,634.357,En proceso,0
2022223055625800425,616,D,Hombre,1.50411158424115,EL AGUSTINO,628.039,544.89,684.795,Satisfactorio,0
2022223055625800426,616,D,Hombre,0.430736860156057,EL AGUSTINO,717.659,682.1,603.329,En proceso,0
2022223055625800427,616,D,Mujer,1.03418183399758,EL AGUSTINO,665.674,648.023,610.111,En proceso,0
2022223055625800428,616,D,Mujer,0.396560309264494,EL AGUSTINO,645.409,722.222,595.896,En inicio,1
2022223090150400101,1310,A,Mujer,1.03748316232008,SAN JUAN DE LURIGANCHO,665.674,564.308,610.111,En proceso,0
2022223090150400102,1310,A,Hombre,1.35085559469868,SAN JUAN DE LURIGANCHO,627.916,605.587,614.441,En proceso,0
2022223090150400103,1310,A,Mujer,1.08871592954086,SAN JUAN DE LURIGANCHO,492.101,326.151,479.722,Previo al Inicio,1
2022223090150400104,1310,A,Hombre,0.269885253670066,SAN JUAN DE LURIGANCHO,669.8,557.107,702.185,Satisfactorio,0
2022223090150400105,1310,A,Mujer,1.32361488514853,SAN JUAN DE LURIGANCHO,566.322,473.392,568.982,En inicio,1
2022223090150400106,1310,A,Hombre,0.617967529988798,SAN JUAN DE LURIGANCHO,617.137,595.556,774.703,Satisfactorio,0
2022223090150400107,1310,A,Mujer,-0.097851210816634,SAN JUAN DE LURIGANCHO,665.242,585.269,535.717,En inicio,1
2022223090150400108,1310,A,Hombre,0.570169964925156,SAN JUAN DE LURIGANCHO,607.898, ,533.336,En inicio,1
2022223090150400109,1310,A,Hombre,1.14586759253973,SAN JUAN DE LURIGANCHO,600.876,598.643,656.437,Satisfactorio,0
2022223090150400110,1310,A,Mujer,0.783731954984757,SAN JUAN DE LURIGANCHO,544.949,452.816,525.182,En inicio,1
2022223090150400111,1310,A,Hombre,1.35054398120322,SAN JUAN DE LURIGANCHO,571.865,442.658,559.601,En inicio,1
2022223090150400112,1310,A,Hombre,0.927167172050653,SAN JUAN DE LURIGANCHO,568.478,465.29,561.116,En inicio,1
2022223090150400113,1310,A,Mujer,1.28015260412397,SAN JUAN DE LURIGANCHO,538.112,329.237,440.901,Previo al Inicio,1
2022223090150400114,1310,A,Mujer,0.701966819691143,SAN JUAN DE LURIGANCHO,603.586,506.44,590.124,En inicio,1
2022223090150400115,1310,A,Mujer,0.980546016143083,SAN JUAN DE LURIGANCHO,737.862,854.288,749.015,Satisfactorio,0
2022223090150400116,1310,A,Mujer,1.2287441546328,SAN JUAN DE LURIGANCHO,665.674,673.999,599.288,En proceso,0
2022223090150400117,1310,A,Hombre,0.891718343131359,SAN JUAN DE LURIGANCHO,645.409,635.806,614.441,En proceso,0
2022223090150400118,1310,A,Mujer,1.06176445095293,SAN JUAN DE LURIGANCHO,530.597,572.924,579.444,En inicio,1
2022223090150400119,1310,A,Hombre,0.663985556495973,SAN JUAN DE LURIGANCHO,628.039,606.873,609.823,En proceso,0
2022223090150400120,1310,A,Mujer,0.209185868314996,SAN JUAN DE LURIGANCHO,701.398,650.723,623.316,En proceso,0
2022223090150400121,1310,A,Mujer,-0.185856390115782,SAN JUAN DE LURIGANCHO,692.221,582.054,569.126,En inicio,1
2022223090150400122,1310,A,Mujer,-0.166945365986461,SAN JUAN DE LURIGANCHO,676.453,623.718,624.182,En proceso,0
2022223090150400123,1310,A,Mujer,0.719798443057268,SAN JUAN DE LURIGANCHO,655.818,611.502,579.444,En inicio,1
2022223090150400124,1310,A,Mujer,-0.140354305577311,SAN JUAN DE LURIGANCHO,575.13,529.33,527.779,En inicio,1
2022223090150400125,1310,A,Mujer,1.09909455258338,SAN JUAN DE LURIGANCHO,578.025,503.868,550.293,En inicio,1
2022223090150400126,1310,A,Hombre,1.11130891026001,SAN JUAN DE LURIGANCHO,516.307,448.701,522.656,En inicio,1
2022223090150400127,1310,A,Hombre,1.23333830582729,SAN JUAN DE LURIGANCHO,703.061,950.734,713.947,Satisfactorio,0
2022223090150400128,1310,A,Hombre,0.395590033833928,SAN JUAN DE LURIGANCHO,694.931,702.418,662.498,Satisfactorio,0
2022223107294100101,1497,A,Mujer,0.819846642484278,SAN JUAN DE LURIGANCHO,603.586,443.558,643.088,En proceso,0
2022223107294100102,1497,A,Mujer,0.504856637719644,SAN JUAN DE LURIGANCHO,701.398,713.349,593.876,En inicio,1
2022223107294100103,1497,A,Mujer,-0.0746289446366049,SAN JUAN DE LURIGANCHO,802.721,682.1,774.703,Satisfactorio,0
2022223107294100104,1497,A,Mujer,0.695860397872163,SAN JUAN DE LURIGANCHO,526.84,362.286,461.683,Previo al Inicio,1
2022223107294100105,1497,A,Hombre,0.957644767600458,SAN JUAN DE LURIGANCHO,545.565,463.361,542.211,En inicio,1
2022223107294100106,1497,A,Mujer,0.729463091200832,SAN JUAN DE LURIGANCHO,581.967,529.33,527.779,En inicio,1
2022223107294100107,1497,A,Hombre,-0.160187775287247,SAN JUAN DE LURIGANCHO,628.471,503.868,623.316,En proceso,0
2022223107294100108,1497,A,Hombre,1.26126003829213,SAN JUAN DE LURIGANCHO,634.63,544.89,646.479,En proceso,0
2022223107294100109,1497,A,Mujer,0.729709984616473,SAN JUAN DE LURIGANCHO,568.478,350.841,578.29,En inicio,1
2022223107294100110,1497,A,Mujer,1.21441808436805,SAN JUAN DE LURIGANCHO,635,515.313,610.544,En proceso,0
2022223107294100111,1497,A,Mujer,0.445702715195778,SAN JUAN DE LURIGANCHO,611.347,635.806,620.286,En proceso,0
2022223107294100112,1497,A,Hombre,0.345295061588301,SAN JUAN DE LURIGANCHO,645.409,572.924,671.59,Satisfactorio,0
2022223107294100113,1497,A,Mujer,-0.689355673344913,SAN JUAN DE LURIGANCHO,654.463,585.269,714.74,Satisfactorio,0
2022223107294100114,1497,A,Mujer,0.84655960083442,SAN JUAN DE LURIGANCHO,554.68,428.769,569.631,En inicio,1
2022223107294100115,1497,A,Mujer,1.41544976531498,SAN JUAN DE LURIGANCHO,607.898,498.853,622.09,En proceso,0
2022223107294100116,1497,A,Mujer,0.165109375244328,SAN JUAN DE LURIGANCHO,747.101,702.418,702.185,Satisfactorio,0
2022223107294100117,1497,A,Hombre,-0.293371238655992,SAN JUAN DE LURIGANCHO,645.409,588.612,658.024,Satisfactorio,0
2022223107294100118,1497,A,Hombre,-0.633413546363256,SAN JUAN DE LURIGANCHO,571.865,572.924,660.55,Satisfactorio,0
2022223107294100119,1497,A,Hombre,0.579585671912832,SAN JUAN DE LURIGANCHO,611.902,401.25,587.021,En inicio,1
2022223107294100120,1497,A,Hombre,1.35809399443636,SAN JUAN DE LURIGANCHO,568.108,525.601,533.336,En inicio,1
2022223107294100121,1497,A,Mujer,0.15210064757087,SAN JUAN DE LURIGANCHO,683.536,582.054,669.497,Satisfactorio,0
2022223107294100122,1497,A,Hombre,0.425552723138715,SAN JUAN DE LURIGANCHO,472.945,309.305,472.939,Previo al Inicio,1
2022223107294100123,1497,A,Hombre,1.10486334249922,SAN JUAN DE LURIGANCHO,678.116,759.257,621.44,En proceso,0
2022223107294100124,1497,A,Mujer,0.935221419760594,SAN JUAN DE LURIGANCHO,645.409,731.609,713.947,Satisfactorio,0
2022223107294100125,1497,A,Hombre,0.0700746121340208,SAN JUAN DE LURIGANCHO,635,585.269,610.544,En proceso,0
2022223107294100201,1497,B,Mujer,1.57614913897378,SAN JUAN DE LURIGANCHO,575.746,486.765,647.706,En proceso,0
2022223107294100202,1497,B,Hombre,0.763589951986844,SAN JUAN DE LURIGANCHO,555.358,354.828,492.494,Previo al Inicio,1
2022223107294100203,1497,B,Hombre,0.600360144812909,SAN JUAN DE LURIGANCHO,765.272,650.723,686.599,Satisfactorio,0
2022223107294100204,1497,B,Mujer,0.143071564018151,SAN JUAN DE LURIGANCHO,601.184,498.853,610.111,En proceso,0
2022223107294100205,1497,B,Mujer,0.973102632026752,SAN JUAN DE LURIGANCHO,604.264,578.453,569.631,En inicio,1
2022223107294100206,1497,B,Hombre,0.892549660918092,SAN JUAN DE LURIGANCHO,732.996,759.257,755.726,Satisfactorio,0
2022223107294100207,1497,B,Hombre,1.06792620222734,SAN JUAN DE LURIGANCHO,588.989,572.924,631.326,En proceso,0
2022223107294100208,1497,B,Hombre,0.257966620947042,SAN JUAN DE LURIGANCHO,664.626,679.528,723.977,Satisfactorio,0
2022223107294100209,1497,B,Hombre,0.259015273790131,SAN JUAN DE LURIGANCHO,708.851,734.438,774.703,Satisfactorio,0
2022223107294100210,1497,B,Mujer,0.128364818097935,SAN JUAN DE LURIGANCHO,589.604,438.285,527.13,En inicio,1
2022223107294100211,1497,B,Mujer,0.347945860417778,SAN JUAN DE LURIGANCHO,645.039,536.017,679.239,Satisfactorio,0
2022223107294100212,1497,B,Mujer,-0.332739217620899,SAN JUAN DE LURIGANCHO,603.586,421.568,599.793,En proceso,0
2022223107294100213,1497,B,Hombre,-0.651627059887816,SAN JUAN DE LURIGANCHO,664.626,572.924,703.772,Satisfactorio,0
2022223107294100214,1497,B,Hombre,0.888416042830186,SAN JUAN DE LURIGANCHO,625.699,585.269,693.887,Satisfactorio,0
2022223107294100215,1497,B,Mujer,-0.202380831775131,SAN JUAN DE LURIGANCHO,582.46,408.194,518.471,Previo al Inicio,1
2022223107294100216,1497,B,Mujer,0.171318080636812,SAN JUAN DE LURIGANCHO,667.46,794.62,679.239,Satisfactorio,0
2022223107294100217,1497,B,Mujer,0.157763462041285,SAN JUAN DE LURIGANCHO,699.674,623.718,669.497,Satisfactorio,0
2022223107294100218,1497,B,Hombre,1.17737774846704,SAN JUAN DE LURIGANCHO,578.025,442.658,593.876,En inicio,1
2022223107294100219,1497,B,Hombre,-0.14842997370055,SAN JUAN DE LURIGANCHO,644.177,643.908,740.356,Satisfactorio,0
2022223107294100220,1497,B,Mujer,0.683813937564706,SAN JUAN DE LURIGANCHO,627.916,422.725,656.509,Satisfactorio,0
2022223107294100221,1497,B,Hombre,0.543097779813877,SAN JUAN DE LURIGANCHO,583.507,564.565,662.498,Satisfactorio,0
2022223107294100222,1497,B,Mujer,1.14586759253973,SAN JUAN DE LURIGANCHO,657.789,519.043,580.743,En inicio,1
2022223107294100223,1497,B,Mujer,0.807156351842211,SAN JUAN DE LURIGANCHO,591.637,536.017,623.316,En proceso,0
2022223107294100224,1497,B,Mujer,0.430531027434062,SAN JUAN DE LURIGANCHO,537.249,353.927,445.159,Previo al Inicio,1
2022223107294100225,1497,B,Mujer,1.29489433487816,SAN JUAN DE LURIGANCHO,768.105,572.924,587.021,En inicio,1
2022223123173700101,1776,A,Hombre,0.781287215626298,SAN JUAN DE LURIGANCHO,625.699,473.777,676.208,Satisfactorio,0
2022223123173700102,1776,A,Hombre,0.980546016143083,SAN JUAN DE LURIGANCHO,589.604,463.361,535.717,En inicio,1
2022223123173700103,1776,A,Hombre,1.31040260928242,SAN JUAN DE LURIGANCHO,680.333,643.908,723.111,Satisfactorio,0
2022223123173700104,1776,A,Hombre,0.999392205752564,SAN JUAN DE LURIGANCHO,647.01,543.861,609.823,En proceso,0
2022223123173700105,1776,A,Mujer,0.797419686277575,SAN JUAN DE LURIGANCHO,613.01, ,658.024,Satisfactorio,0
2022223123173700106,1776,A,Mujer,1.41944082968541,SAN JUAN DE LURIGANCHO,692.221,604.558,578.867,En inicio,1
2022223123173700107,1776,A,Mujer,1.3606973037643,SAN JUAN DE LURIGANCHO,636.416,557.107,624.182,En proceso,0
2022223123173700108,1776,A,Hombre,1.37665355163458,SAN JUAN DE LURIGANCHO,667.46,661.782,610.544,En proceso,0
2022223123173700109,1776,A,Mujer,1.07863570023744,SAN JUAN DE LURIGANCHO,603.586,595.556,655.715,Satisfactorio,0
2022223123173700110,1776,A,Mujer,1.22157431034842,SAN JUAN DE LURIGANCHO,675.467,629.634,723.977,Satisfactorio,0
2022223123173700111,1776,A,Mujer,1.29968218066864,SAN JUAN DE LURIGANCHO,665.674,734.438,740.356,Satisfactorio,0
2022223123173700112,1776,A,Hombre,1.15639498640471,SAN JUAN DE LURIGANCHO,611.902,498.853,697.062,Satisfactorio,0
2022223123173700201,1776,B,Hombre,0.429574067603725,SAN JUAN DE LURIGANCHO,669.8,702.418,702.185,Satisfactorio,0
2022223123173700202,1776,B,Hombre,0.241248884745366,SAN JUAN DE LURIGANCHO,687.601,690.202,703.772,Satisfactorio,0
2022223123173700203,1776,B,Mujer,0.53121642488152,SAN JUAN DE LURIGANCHO,617.137,643.908,540.984,En inicio,1
2022223123173700204,1776,B,Hombre,0.67274734062256,SAN JUAN DE LURIGANCHO,540.883,422.725,509.668,Previo al Inicio,1
2022223123173700205,1776,B,Mujer,1.26388990236105,SAN JUAN DE LURIGANCHO,711.992,627.448,698.866,Satisfactorio,0
2022223123173700206,1776,B,Hombre,1.04961575360475,SAN JUAN DE LURIGANCHO,637.155,539.489,620.286,En proceso,0
2022223123173700207,1776,B,Hombre,1.03471267818802,SAN JUAN DE LURIGANCHO,584.8,515.313,558.735,En inicio,1
2022223123173700208,1776,B,Hombre,0.681548597615322,SAN JUAN DE LURIGANCHO,523.329,442.658,599.288,En proceso,0
2022223123173700209,1776,B,Mujer,0.34692227246708,SAN JUAN DE LURIGANCHO,645.409,619.089,682.125,Satisfactorio,0
2022223123173700210,1776,B,Mujer,0.558647043216042,SAN JUAN DE LURIGANCHO,711.992,624.361,698.866,Satisfactorio,0
2022223123173700211,1776,B,Hombre,0.392073261799418,SAN JUAN DE LURIGANCHO,561.887,468.248,536.438,En inicio,1
2022223123173700212,1776,B,Mujer,0.431876185674458,SAN JUAN DE LURIGANCHO,620.586,654.067,686.599,Satisfactorio,0
2022223123173700213,1776,B,Hombre,1.11661683428668,SAN JUAN DE LURIGANCHO,593.547,557.107,588.897,En inicio,1
2022223123173700214,1776,B,Mujer,1.13380200568556,SAN JUAN DE LURIGANCHO,688.895,722.222,697.062,Satisfactorio,0
2022223123173700215,1776,B,Mujer,1.34992185721831,SAN JUAN DE LURIGANCHO,591.452,486.765,579.444,En inicio,1
2022223123173700216,1776,B,Hombre, ,SAN JUAN DE LURIGANCHO,658.282,707.819,704.566,Satisfactorio,0
2022223123173700301,1776,C,Mujer,0.771006288791572,SAN JUAN DE LURIGANCHO,665.674,682.1,693.887,Satisfactorio,0
2022223123173700302,1776,C,Hombre,1.17737774846704,SAN JUAN DE LURIGANCHO,627.916,473.777,587.021,En inicio,1
2022223123173700303,1776,C,Hombre,0.821962689654863,SAN JUAN DE LURIGANCHO,680.333,661.782,679.239,Satisfactorio,0
2022223123173700304,1776,C,Hombre,0.939514048196046,SAN JUAN DE LURIGANCHO,637.155,643.908,599.793,En proceso,0
2022223123173700305,1776,C,Mujer,0.878284728634744,SAN JUAN DE LURIGANCHO,636.724,653.681,645.613,En proceso,0
2022223123173700306,1776,C,Hombre,0.918853751130296,SAN JUAN DE LURIGANCHO,757.203,734.438,774.703,Satisfactorio,0
2022223123173700307,1776,C,Mujer,0.838513860590742,SAN JUAN DE LURIGANCHO,654.956,654.067,682.125,Satisfactorio,0
2022223123173700308,1776,C,Hombre,0.685101376121246,SAN JUAN DE LURIGANCHO,575.746,557.107,634.357,En proceso,0
2022223123173700309,1776,C,Hombre,0.580357641221588,SAN JUAN DE LURIGANCHO,719.815,566.623,927.606,Satisfactorio,0
2022223123173700310,1776,C,Mujer,0.661605229409584,SAN JUAN DE LURIGANCHO,675.467,619.089,645.613,En proceso,0
2022223123173700311,1776,C,Hombre,1.27976657723944,SAN JUAN DE LURIGANCHO,586.155,543.861,610.111,En proceso,0
2022223123173700312,1776,C,Mujer,0.399610115790869,SAN JUAN DE LURIGANCHO,688.895,564.565,668.776,Satisfactorio,0
2022223123173700313,1776,C,Mujer,1.18052337149304,SAN JUAN DE LURIGANCHO,616.521,458.603,622.09,En proceso,0
2022223123173700314,1776,C,Hombre,1.42751535216915,SAN JUAN DE LURIGANCHO,637.155,623.718,747.933,Satisfactorio,0
2022223123173700315,1776,C,Mujer,0.827477997755758,SAN JUAN DE LURIGANCHO,636.724,566.623,634.14,En proceso,0
2022223123173700316,1776,C,Mujer,1.57614913897378,SAN JUAN DE LURIGANCHO,593.547,486.765,610.111,En proceso,0
2022223123173700317,1776,C,Mujer,0.784820641412597,SAN JUAN DE LURIGANCHO,703.061,707.819,713.947,Satisfactorio,0
2022223123173700318,1776,C,Hombre,1.57134347654344,SAN JUAN DE LURIGANCHO,538.112,386.59,569.775,En inicio,1
2022223123173700319,1776,C,Hombre,1.42233455084488,SAN JUAN DE LURIGANCHO,647.01,628.476,702.185,Satisfactorio,0
2022223123173700320,1776,C,Mujer,1.01333849125097,SAN JUAN DE LURIGANCHO,664.626,734.31,671.59,Satisfactorio,0
2022223123173700321,1776,C,Hombre,1.34755706812816,SAN JUAN DE LURIGANCHO,634.63,611.502,610.111,En proceso,0
2022223123173700322,1776,C,Mujer,0.057871153558724,SAN JUAN DE LURIGANCHO,645.409,550.934,561.116,En inicio,1
2022223123173700323,1776,C,Hombre,-0.538386034214008,SAN JUAN DE LURIGANCHO,523.083,503.868,515.585,Previo al Inicio,1
2022223123173700324,1776,C,Mujer,1.12367941723164,SAN JUAN DE LURIGANCHO,619.478,506.44,631.326,En proceso,0
2022223123173700325,1776,C,Hombre,0.722712719487635,SAN JUAN DE LURIGANCHO,531.521,373.988,603.329,En proceso,0
2022223123173700326,1776,C,Mujer,1.43922818266264,SAN JUAN DE LURIGANCHO,692.221,702.418,693.887,Satisfactorio,0
2022223123173700327,1776,C,Mujer,1.45384470677218,SAN JUAN DE LURIGANCHO,596.873,588.612,604.988,En proceso,0
2022223123173700328,1776,C,Mujer,1.49893078291687,SAN JUAN DE LURIGANCHO,694.931,572.924,679.239,Satisfactorio,0
2022223123173700329,1776,C,Mujer,1.34992185721831,SAN JUAN DE LURIGANCHO,561.887,354.828,527.779,En inicio,1
2022223123173700330,1776,C,Hombre,0.675645953935009,SAN JUAN DE LURIGANCHO,687.601,627.448,703.772,Satisfactorio,0
2022223123173700331,1776,C,Mujer,0.0509139661647394,SAN JUAN DE LURIGANCHO,654.463,438.285,693.887,Satisfactorio,0
2022223150311900101,2286,A,Hombre,0.551640353978086,SAN JUAN DE LURIGANCHO,645.409,566.623,578.29,En inicio,1
2022223150311900103,2286,A,Mujer,-0.924674530960365,SAN JUAN DE LURIGANCHO,395.521,422.725,420.697,Previo al Inicio,1
2022223150311900104,2286,A,Hombre,1.17894560797336,SAN JUAN DE LURIGANCHO,636.724,605.587,658.024,Satisfactorio,0
2022223150311900105,2286,A,Mujer,1.08871592954086,SAN JUAN DE LURIGANCHO,617.137, ,559.601,En inicio,1
2022223150311900201,2286,B,Hombre, ,SAN JUAN DE LURIGANCHO,545.873, ,568.116,En inicio,1
2022223150311900202,2286,B,Hombre, ,SAN JUAN DE LURIGANCHO,567.431, ,667.477,Satisfactorio,0
2022223150311900203,2286,B,Mujer, ,SAN JUAN DE LURIGANCHO,721.416, ,537.882,En inicio,1
2022223150311900204,2286,B,Hombre, ,SAN JUAN DE LURIGANCHO,662.84, ,660.045,Satisfactorio,0
2022223150311900205,2286,B,Mujer,-0.283523924299277,SAN JUAN DE LURIGANCHO,489.452,386.59,500.72,Previo al Inicio,1
2022223150311900206,2286,B,Hombre,0.153600343188049,SAN JUAN DE LURIGANCHO,530.597,478.793,430.222,Previo al Inicio,1
2022223150311900207,2286,B,Hombre,0.130763382879306,SAN JUAN DE LURIGANCHO,561.887,536.017,464.136,Previo al Inicio,1
2022223150311900208,2286,B,Mujer, ,SAN JUAN DE LURIGANCHO,721.416, ,445.736,Previo al Inicio,1
2022223157866500101,2410,A,Hombre,-0.154556255493051,SAN JUAN DE LURIGANCHO,654.463,529.33,633.563,En proceso,0
2022223157866500102,2410,A,Mujer,0.921045252731577,SAN JUAN DE LURIGANCHO,654.956,422.725,527.13,En inicio,1
2022223157866500103,2410,A,Hombre,0.816920566334978,SAN JUAN DE LURIGANCHO,575.746,650.723,560.395,En inicio,1
2022223157866500104,2410,A,Mujer,1.66481095789996,SAN JUAN DE LURIGANCHO,568.478,438.285,545.097,En inicio,1
2022223157866500105,2410,A,Hombre,1.37665355163458,SAN JUAN DE LURIGANCHO,687.601,702.418,723.977,Satisfactorio,0
2022223157866500106,2410,A,Hombre,1.24178547967967,SAN JUAN DE LURIGANCHO,708.851,690.202,774.703,Satisfactorio,0
2022223157866500107,2410,A,Hombre,1.49893078291687,SAN JUAN DE LURIGANCHO,703.061,670.398,656.509,Satisfactorio,0
2022223157866500108,2410,A,Mujer,1.11862570212027,SAN JUAN DE LURIGANCHO,616.521,564.308,679.239,Satisfactorio,0
2022223157866500109,2410,A,Hombre,1.18255854979132,SAN JUAN DE LURIGANCHO,647.01,627.448,669.497,Satisfactorio,0
2022223157866500110,2410,A,Hombre,0.911906141422955,SAN JUAN DE LURIGANCHO,584.8,417.582,550.293,En inicio,1
2022223157866500111,2410,A,Hombre,1.49893078291687,SAN JUAN DE LURIGANCHO,586.155,557.107,621.44,En proceso,0
2022223157866500112,2410,A,Mujer,1.17737774846704,SAN JUAN DE LURIGANCHO,596.873,463.361,587.021,En inicio,1
2022223157866500113,2410,A,Hombre,1.12614498124625,SAN JUAN DE LURIGANCHO,711.992,595.556,599.721,En proceso,0
2022223157866500114,2410,A,Hombre,1.66481095789996,SAN JUAN DE LURIGANCHO,647.01,629.634,599.793,En proceso,0
2022223157866500115,2410,A,Mujer,0.988565898893431,SAN JUAN DE LURIGANCHO,591.637,363.701,613.07,En proceso,0
2022223157866500116,2410,A,Hombre,1.64793970861544,SAN JUAN DE LURIGANCHO,634.63,628.476,676.208,Satisfactorio,0
2022223157866500117,2410,A,Mujer,0.688719439117767,SAN JUAN DE LURIGANCHO,568.478,409.223,552.674,En inicio,1
2022223157866500118,2410,A,Hombre,0.885897852854697,SAN JUAN DE LURIGANCHO,560.532,421.568,755.726,Satisfactorio,0
2022223157866500119,2410,A,Mujer,0.74743394885771,SAN JUAN DE LURIGANCHO,562.318,537.946,551.014,En inicio,1
2022223157866500120,2410,A,Hombre, ,SAN JUAN DE LURIGANCHO,593.115,653.681,615.956,En proceso,0
2022223157866500121,2410,A,Mujer, ,SAN JUAN DE LURIGANCHO,475.901,301.204,465.652,Previo al Inicio,1
2022223157866500201,2410,B,Mujer,1.3326908200819,SAN JUAN DE LURIGANCHO,613.01,483.936,603.329,En proceso,0
2022223157866500202,2410,B,Hombre,1.66481095789996,SAN JUAN DE LURIGANCHO,625.699,564.565,660.55,Satisfactorio,0
2022223157866500203,2410,B,Hombre,1.35211574546753,SAN JUAN DE LURIGANCHO,645.409,582.054,656.509,Satisfactorio,0
2022223157866500204,2410,B,Hombre,0.308223199890131,SAN JUAN DE LURIGANCHO,553.017,409.223,533.336,En inicio,1
2022223157866500205,2410,B,Hombre,1.50411158424115,SAN JUAN DE LURIGANCHO,669.8,690.202,684.795,Satisfactorio,0
2022223157866500206,2410,B,Mujer,0.99338080784272,SAN JUAN DE LURIGANCHO,571.373,572.924,584.784,En inicio,1
2022223157866500207,2410,B,Hombre,1.02664952198276,SAN JUAN DE LURIGANCHO,634.63,707.819,714.74,Satisfactorio,0
2022223157866500208,2410,B,Mujer,0.756505331522515,SAN JUAN DE LURIGANCHO,604.264,605.587,697.062,Satisfactorio,0
2022223157866500209,2410,B,Hombre,-0.194898223204133,SAN JUAN DE LURIGANCHO,523.083,539.489,542.211,En inicio,1
2022223157866500210,2410,B,Hombre,1.49893078291687,SAN JUAN DE LURIGANCHO,657.789,771.088,684.795,Satisfactorio,0
2022223157866500211,2410,B,Mujer,1.41544976531498,SAN JUAN DE LURIGANCHO,628.471,635.806,623.316,En proceso,0
2022223157866500212,2410,B,Mujer,1.66481095789996,SAN JUAN DE LURIGANCHO,692.221,670.398,660.55,Satisfactorio,0
2022223157866500213,2410,B,Hombre,0.901837545924287,SAN JUAN DE LURIGANCHO,676.453,653.681,682.125,Satisfactorio,0
2022223157866500214,2410,B,Mujer,0.588606049431125,SAN JUAN DE LURIGANCHO,591.452, ,542.211,En inicio,1
2022223157866500215,2410,B,Mujer,1.49893078291687,SAN JUAN DE LURIGANCHO,561.887,458.603,580.743,En inicio,1
2022223157866500216,2410,B,Mujer,1.34475640693608,SAN JUAN DE LURIGANCHO,675.467,734.31,749.015,Satisfactorio,0
2022223157866500217,2410,B,Hombre,1.46868077775842,SAN JUAN DE LURIGANCHO,634.63,588.612,676.208,Satisfactorio,0
2022223157866500218,2410,B,Hombre,0.672161392953039,SAN JUAN DE LURIGANCHO,575.438,421.439,552.674,En inicio,1
2022223157866500219,2410,B,Hombre,1.46868077775842,SAN JUAN DE LURIGANCHO,568.108,503.868,599.721,En proceso,0
2022223157866500220,2410,B,Mujer,1.38834399959482,SAN JUAN DE LURIGANCHO,575.13,408.194,553.828,En inicio,1
2022223157866500221,2410,B,Mujer,0.729052696754836,SAN JUAN DE LURIGANCHO,551.539,478.793,623.316,En proceso,0
2022223157866500222,2410,B,Hombre,1.19934775457723,SAN JUAN DE LURIGANCHO,678.116,734.31,714.74,Satisfactorio,0
2022223157866500223,2410,B,Hombre,1.03797591807401,SAN JUAN DE LURIGANCHO,589.604,421.568,544.231,En inicio,1
2022223157866500224,2410,B,Mujer,0.973102632026752,SAN JUAN DE LURIGANCHO,635,643.908,589.33,En inicio,1
2022223157866500225,2410,B,Mujer,1.39405619858622,SAN JUAN DE LURIGANCHO,542.485,503.868,510.317,Previo al Inicio,1
2022223157866500226,2410,B,Mujer,1.42632513364405,SAN JUAN DE LURIGANCHO,571.373,487.408,525.182,En inicio,1
2022223157866500227,2410,B,Mujer,1.21617396214744,SAN JUAN DE LURIGANCHO,537.249,417.582,531.82,En inicio,1
2022223157866500228,2410,B,Hombre, ,SAN JUAN DE LURIGANCHO,524.376,473.777,572.878,En inicio,1
2022223172125700101,2606,A,Hombre,0.521755476155087,SAN JUAN DE LURIGANCHO,564.72,483.936,593.876,En inicio,1
2022223172125700102,2606,A,Hombre,1.26284388843163,SAN JUAN DE LURIGANCHO,516.307,386.59,569.126,En inicio,1
2022223172125700103,2606,A,Mujer,1.09181011304358,SAN JUAN DE LURIGANCHO,619.724,478.793,450.715,Previo al Inicio,1
2022223172125700104,2606,A,Mujer,1.58815120042948,SAN JUAN DE LURIGANCHO,475.655, ,479.722,Previo al Inicio,1
2022223172125700105,2606,A,Mujer,0.929133986346142,SAN JUAN DE LURIGANCHO,555.358,524.572,527.779,En inicio,1
2022223172125700106,2606,A,Hombre,-0.637723197894286,SAN JUAN DE LURIGANCHO,591.637,465.29,603.329,En proceso,0
2022223172125700107,2606,A,Mujer,0.560592998461317,SAN JUAN DE LURIGANCHO,564.844, ,513.492,Previo al Inicio,1
2022223172125700108,2606,A,Mujer,1.06176445095293,SAN JUAN DE LURIGANCHO,519.633,363.701,481.959,Previo al Inicio,1
2022223172125700109,2606,A,Mujer,0.961202879002073,SAN JUAN DE LURIGANCHO,575.746,498.853,560.395,En inicio,1
2022223172125700110,2606,A,Mujer,1.06176445095293,SAN JUAN DE LURIGANCHO,588.989,536.017,536.438,En inicio,1
2022223172125700111,2606,A,Hombre,0.0587644932652047,SAN JUAN DE LURIGANCHO,664.626,690.202,658.024,Satisfactorio,0
2022223172125700112,2606,A,Hombre,1.24906682264983,SAN JUAN DE LURIGANCHO,516.307,323.065,433.974,Previo al Inicio,1
2022223172125700113,2606,A,Hombre,-0.127822517300318,SAN JUAN DE LURIGANCHO,636.416,523.801,595.896,En inicio,1
2022223172125700114,2606,A,Hombre,0.664796078663752,SAN JUAN DE LURIGANCHO,560.532,506.44,488.886,Previo al Inicio,1
2022223172125700115,2606,A,Mujer,0.823244322496781,SAN JUAN DE LURIGANCHO,628.039,458.603,492.494,Previo al Inicio,1
2022223172125700116,2606,A,Mujer,0.309473004512161,SAN JUAN DE LURIGANCHO,571.373,431.341,567.25,En inicio,1
2022223172125700117,2606,A,Hombre,0.264974551821631,SAN JUAN DE LURIGANCHO,692.221, ,646.479,En proceso,0
2022223172125700118,2606,A,Mujer,0.546232527253616,SAN JUAN DE LURIGANCHO,568.478,572.924,518.471,Previo al Inicio,1
2022223172125700119,2606,A,Hombre,0.417879573015955,SAN JUAN DE LURIGANCHO,507.869,483.936,497.834,Previo al Inicio,1
2022223172125700120,2606,A,Mujer,0.865253217789513,SAN JUAN DE LURIGANCHO,517.662,312.006,445.014,Previo al Inicio,1
2022223172125700121,2606,A,Hombre,1.27932507577908,SAN JUAN DE LURIGANCHO,578.025,582.054,658.024,Satisfactorio,0
2022223172125700122,2606,A,Hombre,1.11318485007394,SAN JUAN DE LURIGANCHO,479.104,515.313,485.567,Previo al Inicio,1
2022223172125700123,2606,A,Mujer,-0.186311811221935,SAN JUAN DE LURIGANCHO,589.604,399.964,491.484,Previo al Inicio,1
2022223172125700124,2606,A,Mujer,0.108668100833046,SAN JUAN DE LURIGANCHO,553.017,486.765,579.444,En inicio,1
2022223172125700125,2606,A,Hombre,0.573414081940906,SAN JUAN DE LURIGANCHO,510.271,378.746,432.459,Previo al Inicio,1
2022223172125700126,2606,A,Hombre,-0.420162622613907,SAN JUAN DE LURIGANCHO,645.409, ,686.599,Satisfactorio,0
2022223172125700127,2606,A,Hombre,0.730908249662205,SAN JUAN DE LURIGANCHO,509.162,350.841,513.492,Previo al Inicio,1
2022223172125700128,2606,A,Hombre,-0.0650109660729549,SAN JUAN DE LURIGANCHO,703.061,600.571,682.125,Satisfactorio,0
2022223172125700129,2606,A,Hombre, ,SAN JUAN DE LURIGANCHO,530.104,483.808,378.629,Previo al Inicio,1
2022223178370300101,2709,A,Hombre,1.18497541971559,SAN JUAN DE LURIGANCHO,740.264,770.445,713.947,Satisfactorio,0
2022223178370300102,2709,A,Mujer,1.06176445095293,SAN JUAN DE LURIGANCHO,575.746,458.603,515.585,Previo al Inicio,1
2022223178370300103,2709,A,Mujer,0.893848072694598,SAN JUAN DE LURIGANCHO,699.674,578.453,669.497,Satisfactorio,0
2022223178370300104,2709,A,Hombre,0.659653176888916,SAN JUAN DE LURIGANCHO,564.72,483.808,634.14,En proceso,0
2022223178370300105,2709,A,Hombre,0.984793079986991,SAN JUAN DE LURIGANCHO,654.463,529.33,599.288,En proceso,0
2022223178370300106,2709,A,Hombre,1.07053151123658,SAN JUAN DE LURIGANCHO,575.438,301.204,552.674,En inicio,1
2022223178370300107,2709,A,Hombre,0.727525033313512,SAN JUAN DE LURIGANCHO,607.898,564.565,589.33,En inicio,1
2022223178370300108,2709,A,Hombre,1.50118550809185,SAN JUAN DE LURIGANCHO,581.72,468.891,609.39,En proceso,0
2022223178370300109,2709,A,Mujer,1.16819736234667,SAN JUAN DE LURIGANCHO,564.72,515.313,550.293,En inicio,1
2022223178370300110,2709,A,Hombre,0.462562608996919,SAN JUAN DE LURIGANCHO,453.974, ,522.656,En inicio,1
2022223178370300111,2709,A,Mujer,1.24555829858611,SAN JUAN DE LURIGANCHO,645.409,619.089,713.947,Satisfactorio,0
2022223178370300112,2709,A,Mujer,1.27203548483813,SAN JUAN DE LURIGANCHO,680.333,624.361,610.544,En proceso,0
2022223178370300113,2709,A,Mujer,0.449594402555919,SAN JUAN DE LURIGANCHO,647.01,650.723,609.823,En proceso,0
2022223178370300114,2709,A,Mujer,0.528777272170698,SAN JUAN DE LURIGANCHO,586.586,468.891,577.063,En inicio,1
2022223178370300115,2709,A,Hombre,0.79100969163919,SAN JUAN DE LURIGANCHO,578.949,473.777,522.656,En inicio,1
2022223178370300116,2709,A,Mujer,1.00734370155564,SAN JUAN DE LURIGANCHO,654.956,483.808,634.357,En proceso,0
2022223178370300117,2709,A,Hombre,0.295622619761,SAN JUAN DE LURIGANCHO,694.931,619.089,698.866,Satisfactorio,0
2022223178370300118,2709,A,Hombre,1.61972488175526,SAN JUAN DE LURIGANCHO,619.478,543.861,519.048,Previo al Inicio,1
2022223178370300119,2709,A,Hombre,0.898139001144821,SAN JUAN DE LURIGANCHO,701.398,770.445,686.599,Satisfactorio,0
2022223178370300120,2709,A,Mujer,0.816403280768953,SAN JUAN DE LURIGANCHO,617.137,794.62,646.479,En proceso,0
2022223178370300121,2709,A,Hombre,0.434905859524088,SAN JUAN DE LURIGANCHO,611.902,431.341,604.988,En proceso,0
2022223178370300122,2709,A,Hombre,1.01459175698667,SAN JUAN DE LURIGANCHO,655.818,611.502,569.775,En inicio,1
2022223178370300123,2709,A,Mujer,1.05637415515969,SAN JUAN DE LURIGANCHO,548.891,486.765,527.779,En inicio,1
2022223178370300124,2709,A,Hombre,0.730932037618457,SAN JUAN DE LURIGANCHO,591.637,585.269,603.329,En proceso,0
2022223178370300125,2709,A,Hombre,0.623070434557137,SAN JUAN DE LURIGANCHO,617.137,544.89,599.288,En proceso,0
2022223178370300126,2709,A,Mujer,0.703362479065693,SAN JUAN DE LURIGANCHO,636.416,498.853,614.441,En proceso,0
2022223178370300127,2709,A,Mujer,0.703362479065693,SAN JUAN DE LURIGANCHO,645.039,557.107,589.33,En inicio,1
2022223178370300128,2709,A,Hombre,0.314179083224813,SAN JUAN DE LURIGANCHO,637.155,661.782,684.795,Satisfactorio,0
2022223178370300129,2709,A,Hombre,0.925090479732758,SAN JUAN DE LURIGANCHO,591.637,595.556,686.599,Satisfactorio,0
2022223178370300130,2709,A,Mujer,0.976743564238646,SAN JUAN DE LURIGANCHO,578.949,443.558,550.22,En inicio,1
2022223178370300131,2709,A,Mujer,0.801721389854879,SAN JUAN DE LURIGANCHO,568.478,269.698,535.717,En inicio,1
2022223178370300132,2709,A,Hombre,0.374999678196825,SAN JUAN DE LURIGANCHO,680.333,363.701,755.726,Satisfactorio,0
2022223178370300133,2709,A,Hombre,0.702411398111494,SAN JUAN DE LURIGANCHO,628.039,473.777,553.828,En inicio,1
2022223178370300134,2709,A,Mujer,1.05242977770033,SAN JUAN DE LURIGANCHO,584.8,588.612,634.14,En proceso,0
2022223178370300135,2709,A,Hombre,0.884839415872141,SAN JUAN DE LURIGANCHO,544.086,443.686,522.656,En inicio,1
2022223178370300136,2709,A,Mujer,0.895316181429652,SAN JUAN DE LURIGANCHO,619.724,443.558,500.72,Previo al Inicio,1
2022223178370300137,2709,A,Mujer,0.850075165569664,SAN JUAN DE LURIGANCHO,591.452,487.408,515.585,Previo al Inicio,1
2022223178370300138,2709,A,Hombre,0.494539330486431,SAN JUAN DE LURIGANCHO,568.478,438.285,545.097,En inicio,1
2022223178370300139,2709,A,Hombre,0.02718083182414,SAN JUAN DE LURIGANCHO,664.626,600.571,593.876,En inicio,1
2022223034351700201,255,B,Mujer,1.46930290174333,ATE,676.453, ,595.896,En inicio,1
2022223034351700202,255,B,Hombre,1.46896605200034,ATE,711.992,670.398,723.111,Satisfactorio,0
2022223034351700203,255,B,Hombre,1.3140949810176,ATE,683.536,776.489,684.795,Satisfactorio,0
2022223034351700204,255,B,Mujer,1.14109159662651,ATE,628.471,544.89,603.329,En proceso,0
2022223034351700205,255,B,Hombre,0.949000801679398,ATE,617.137,539.489,676.208,Satisfactorio,0
2022223034351700206,255,B,Mujer,1.22246382461173,ATE,703.061,673.999,668.776,Satisfactorio,0
2022223034351700207,255,B,Hombre,1.30126498667737,ATE,576.423,545.404,606.864,En proceso,0
2022223034351700208,255,B,Hombre,1.81381988359852,ATE,657.789,814.295,722.678,Satisfactorio,0
2022223034351700209,255,B,Mujer,1.78356987844007,ATE,617.815, ,629.378,En proceso,0
2022223034351700210,255,B,Mujer,1.0951869076628,ATE,625.699,564.565,559.601,En inicio,1
2022223034351700211,255,B,Hombre,1.46842429671369,ATE,568.478,478.793,595.896,En inicio,1
2022223034351700212,255,B,Mujer,1.42442632006759,ATE,616.521,557.107,551.231,En inicio,1
2022223034351700213,255,B,Mujer,1.39621149320741,ATE,657.789, ,684.795,Satisfactorio,0
2022223034351700214,255,B,Hombre,1.42925205702583,ATE,584.8,572.924,550.293,En inicio,1
2022223034351700215,255,B,Hombre,1.50411158424115,ATE,617.137,401.25,621.44,En proceso,0
2022223034351700216,255,B,Mujer,1.49893078291687,ATE,645.409,627.448,634.357,En proceso,0
2022223034351700217,255,B,Hombre,0.97143751569279,ATE,655.818, ,626.996,En proceso,0
2022223034351700218,255,B,Hombre,1.22217378875961,ATE,536.079,494.61,501.442,Previo al Inicio,1
2022223034351700219,255,B,Hombre,1.1291388302834,ATE,664.626,804.394,749.015,Satisfactorio,0
2022223034351700220,255,B,Mujer,1.10873280185138,ATE,654.463,572.924,633.563,En proceso,0
2022223034351700221,255,B,Mujer,1.81381988359852,ATE,719.692,606.873,645.036,En proceso,0
2022223034351700222,255,B,Mujer,1.14649617200788,ATE,711.992,770.445,634.357,En proceso,0
2022223034351700223,255,B,Hombre,1.13716527643925,ATE,561.887,350.841,580.743,En inicio,1
2022223034351700224,255,B,Hombre,1.30798140409961,ATE,636.724,734.31,703.772,Satisfactorio,0
2022223034351700225,255,B,Mujer,1.45384470677218,ATE,644.177,463.361,578.867,En inicio,1
2022223034351700226,255,B,Hombre,1.59030649505067,ATE,611.902,550.934,595.896,En inicio,1
2022223034351700227,255,B,Mujer,1.81381988359852,ATE,680.333,629.634,634.357,En proceso,0
2022223034351700228,255,B,Hombre,1.17810765457965,ATE,517.662, ,502.813,Previo al Inicio,1
2022223034351700301,255,C,Mujer,0.975820906877413,ATE,619.724,600.571,614.441,En proceso,0
2022223034351700302,255,C,Hombre,0.761988106246515,ATE,655.818,524.572,506.781,Previo al Inicio,1
2022223034351700303,255,C,Hombre,1.50332572580823,ATE,619.478,874.606,620.286,En proceso,0
2022223034351700304,255,C,Mujer,1.06176445095293,ATE,526.717,354.828,440.829,Previo al Inicio,1
2022223034351700305,255,C,Mujer,1.58815120042948,ATE,634.63,650.723,693.887,Satisfactorio,0
2022223034351700306,255,C,Mujer,1.68007198852766,ATE,676.453,628.476,624.182,En proceso,0
2022223034351700307,255,C,Hombre,1.57127995114496,ATE,575.746,536.017,610.544,En proceso,0
2022223034351700308,255,C,Hombre,1.46069316782291,ATE,588.989,588.612,643.088,En proceso,0
2022223034351700309,255,C,Mujer,1.57002594780008,ATE,636.724,465.29,584.784,En inicio,1
2022223034351700310,255,C,Hombre,0.711264086194492,ATE,634.63,707.819,646.479,En proceso,0
2022223034351700311,255,C,Mujer,1.66481095789996,ATE,676.453,650.723,578.29,En inicio,1
2022223034351700312,255,C,Hombre,1.42423336442134,ATE,625.576,654.067,589.33,En inicio,1
2022223034351700313,255,C,Hombre,1.66481095789996,ATE,647.01,648.023,620.286,En proceso,0
2022223034351700314,255,C,Hombre,1.61768970345698,ATE,675.467,759.257,671.59,Satisfactorio,0
2022223034351700315,255,C,Hombre,1.42632513364405,ATE,634.63, ,740.356,Satisfactorio,0
2022223034351700316,255,C,Mujer,1.04954874917425,ATE,644.239,606.873,616.966,En proceso,0
2022223034351700317,255,C,Mujer,1.66481095789996,ATE,883.594,770.445,662.498,Satisfactorio,0
2022223034351700318,255,C,Hombre,1.57225304347802,ATE,719.815,682.1,684.795,Satisfactorio,0
2022223034351700319,255,C,Mujer,1.57614913897378,ATE,810.359,648.023,723.977,Satisfactorio,0
2022223034351700320,255,C,Hombre,1.41544976531498,ATE,609.007,504.126,693.887,Satisfactorio,0
2022223034351700321,255,C,Mujer,1.64793970861544,ATE,619.724,643.908,569.631,En inicio,1
2022223034351700322,255,C,Hombre,1.49893078291687,ATE,711.992,707.819,698.866,Satisfactorio,0
2022223034351700323,255,C,Mujer,1.15448122530924,ATE,603.586,525.601,492.494,Previo al Inicio,1
2022223034351700324,255,C,Mujer,0.955242212675464,ATE,632.967,539.489,577.063,En inicio,1
2022223034351700325,255,C,Hombre,1.47945622430441,ATE,593.547,557.107,621.44,En proceso,0
2022223034351700326,255,C,Mujer,1.54589913381533,ATE,604.264,504.126,535.717,En inicio,1
2022223034351700327,255,C,Mujer,1.32597286675764,ATE,667.46,643.908,698.866,Satisfactorio,0
2022223034351700328,255,C,Hombre,1.42632513364405,ATE,637.155,564.308,580.743,En inicio,1
2022223034351700329,255,C,Mujer,1.35809399443636,ATE,636.724,584.626,575.909,En inicio,1
2022223034351700330,255,C,Mujer,1.41755855493165,ATE,669.123,794.62,633.563,En proceso,0
2022223034351700331,255,C,Mujer, ,ATE,509.778, ,481.526,Previo al Inicio,1
2022223034351700401,255,D,Mujer,0.89949453181451,ATE,604.264,396.235,544.231,En inicio,1
2022223034351700402,255,D,Mujer,1.26163517718607,ATE,732.996,771.088,809.051,Satisfactorio,0
2022223034351700403,255,D,Hombre,1.2167420931771,ATE,637.155,611.502,655.715,Satisfactorio,0
2022223034351700404,255,D,Hombre,1.57533405934262,ATE,517.847,398.55,541.922,En inicio,1
2022223034351700405,255,D,Mujer,1.1092171410373,ATE,654.463,606.873,676.208,Satisfactorio,0
2022223034351700406,255,D,Hombre,1.39417631490913,ATE,575.438,468.248,713.947,Satisfactorio,0
2022223034351700407,255,D,Mujer, ,ATE,616.521,373.988,488.886,Previo al Inicio,1
2022223034351700408,255,D,Hombre,1.48997124855822,ATE,542.485,536.017,590.124,En inicio,1
2022223034351700409,255,D,Mujer,1.11995287808005,ATE,591.637,545.404,634.14,En proceso,0
2022223034351700410,255,D,Hombre,1.38834399959482,ATE,662.84,507.984,729.028,Satisfactorio,0
2022223034351700411,255,D,Hombre,1.41544976531498,ATE,589.604,653.681,634.357,En proceso,0
2022223034351700412,255,D,Mujer,1.26044495866097,ATE,591.452,544.89,533.336,En inicio,1
2022223034351700413,255,D,Hombre,0.959543213972642,ATE,628.039,628.476,609.823,En proceso,0
2022223034351700414,255,D,Hombre,1.21711723207104,ATE,551.539,557.107,645.613,En proceso,0
2022223034351700415,255,D,Mujer,1.1155540619828,ATE,578.949,545.404,588.897,En inicio,1
2022223034351700416,255,D,Mujer,1.5630507085957,ATE,676.453,550.934,604.988,En proceso,0
2022223034351700417,255,D,Mujer,1.73722365152653,ATE,694.931,776.489,679.239,Satisfactorio,0
2022223034351700418,255,D,Mujer,1.02736057386616,ATE,699.674,627.448,620.286,En proceso,0
2022223034351700419,255,D,Hombre,0.900021275898583,ATE,578.025, ,533.552,En inicio,1
2022223034351700420,255,D,Mujer,1.22764462593601,ATE,678.116,536.017,610.111,En proceso,0
2022223034351700421,255,D,Hombre,1.42442632006759,ATE,645.409,661.782,624.182,En proceso,0
2022223034351700422,255,D,Mujer,1.57614913897378,ATE,625.576,550.934,634.357,En proceso,0
2022223034351700423,255,D,Hombre,1.78356987844007,ATE,548.891,443.558,562.704,En inicio,1
2022223034351700424,255,D,Hombre,1.48555202704294,ATE,687.601,650.723,658.024,Satisfactorio,0
2022223034351700425,255,D,Hombre,1.16177070730352,ATE,665.674,628.476,676.208,Satisfactorio,0
2022223034351700426,255,D,Mujer,0.658598773909107,ATE,575.438,557.107,634.357,En proceso,0
2022223034351700427,255,D,Mujer,0.916288879736185,ATE,607.898,545.404,569.775,En inicio,1
2022223034351700428,255,D,Hombre,0.87502293111032,ATE,657.789,619.089,702.185,Satisfactorio,0
2022223034351700429,255,D,Hombre,0.591332046550646,ATE,551.539, ,529.728,En inicio,1
2022223034351700430,255,D,Hombre, ,ATE,448.369,281.657,460.961,Previo al Inicio,1
2022223106662000101,1495,A,Mujer,0.883500932610317,ATE,583.507,515.313,551.231,En inicio,1
2022223106662000102,1495,A,Mujer,1.06691808784737,ATE,669.8,661.782,553.828,En inicio,1
2022223106662000103,1495,A,Hombre,1.51580203220139,ATE,558.13,619.089,603.329,En proceso,0
2022223106662000104,1495,A,Hombre,1.38487908964508,ATE,625.699,543.861,588.897,En inicio,1
2022223106662000105,1495,A,Mujer,1.09160113027467,ATE,740.264,703.447,758.612,Satisfactorio,0
2022223106662000106,1495,A,Hombre,1.3456747933744,ATE,680.333,749.998,755.726,Satisfactorio,0
2022223106662000107,1495,A,Mujer,1.42273935625593,ATE,619.478,600.571,590.124,En inicio,1
2022223106662000108,1495,A,Mujer,1.41544976531498,ATE,701.398,804.394,703.772,Satisfactorio,0
2022223106662000109,1495,A,Hombre,1.28228754140164,ATE,509.162,486.765,495.02,Previo al Inicio,1
2022223106662000110,1495,A,Mujer,1.05720577361356,ATE,582.46,443.558,535.717,En inicio,1
2022223106662000111,1495,A,Mujer,0.870763632612382,ATE,694.931,584.626,610.544,En proceso,0
2022223106662000112,1495,A,Mujer,1.40465893528812,ATE,669.8,604.558,571.651,En inicio,1
2022223106662000113,1495,A,Mujer,1.50118550809185,ATE,485.572, ,440.829,Previo al Inicio,1
2022223106662000114,1495,A,Mujer,0.87354598573725,ATE,601.184,377.46,578.867,En inicio,1
2022223106662000115,1495,A,Mujer,1.49893078291687,ATE,768.105,699.332,713.947,Satisfactorio,0
2022223106662000116,1495,A,Mujer,1.66481095789996,ATE,607.898,543.861,569.775,En inicio,1
2022223106662000117,1495,A,Mujer,0.957072637976651,ATE,628.039,487.408,643.088,En proceso,0
2022223106662000118,1495,A,Mujer,0.926261554511809,ATE,636.724,654.067,575.909,En inicio,1
2022223106662000119,1495,A,Mujer,0.0514291887392637,ATE,678.116,536.017,610.111,En proceso,0
2022223106662000120,1495,A,Hombre,0.769319648717391,ATE,611.902,545.404,569.631,En inicio,1
2022223106662000121,1495,A,Mujer,1.19669940353498,ATE,655.818,619.089,524.46,En inicio,1
2022223106662000122,1495,A,Hombre,1.05714224821508,ATE,719.815,776.489,747.933,Satisfactorio,0
2022223106662000123,1495,A,Mujer,1.53106306282909,ATE,598.597,525.601,613.07,En proceso,0
2022223106662000124,1495,A,Hombre,1.57343524576616,ATE,665.674,654.067,830.193,Satisfactorio,0
2022223106662000125,1495,A,Mujer,1.10056066463333,ATE,627.916,578.453,578.29,En inicio,1
2022223106662000126,1495,A,Hombre, ,ATE,605.557,588.612,682.486,Satisfactorio,0
2022223106662000201,1495,B,Mujer,0.597472380496937,ATE,676.453,628.476,561.116,En inicio,1
2022223106662000202,1495,B,Hombre,1.37665355163458,ATE,645.039,771.088,647.706,En proceso,0
2022223106662000203,1495,B,Mujer,1.37036368917028,ATE,628.039,524.572,631.326,En proceso,0
2022223106662000204,1495,B,Hombre,1.13380200568556,ATE,717.659,595.556,645.613,En proceso,0
2022223106662000205,1495,B,Hombre,1.11561758738128,ATE,601.184,606.873,660.55,Satisfactorio,0
2022223106662000206,1495,B,Mujer,1.4173655992854,ATE,665.242,703.447,645.036,En proceso,0
2022223106662000207,1495,B,Mujer,0.800531171329777,ATE,591.452,604.558,524.46,En inicio,1
2022223106662000208,1495,B,Hombre,1.66481095789996,ATE,619.478,557.107,643.088,En proceso,0
2022223106662000209,1495,B,Hombre,1.19141540992206,ATE,578.025,635.806,593.876,En inicio,1
2022223106662000210,1495,B,Mujer,1.31035252984931,ATE,634.63,529.33,559.601,En inicio,1
2022223106662000211,1495,B,Mujer,0.435767337919849,ATE,540.883,301.204,491.484,Previo al Inicio,1
2022223106662000212,1495,B,Mujer,0.873886218316295,ATE,616.521,564.565,515.585,Previo al Inicio,1
2022223106662000213,1495,B,Mujer,0.481583098985072,ATE,596.133,498.853,580.743,En inicio,1
2022223106662000214,1495,B,Mujer,1.50411158424115,ATE,628.471,702.418,671.59,Satisfactorio,0
2022223106662000215,1495,B,Mujer,1.50541749503094,ATE,644.177,483.808,610.111,En proceso,0
2022223106662000216,1495,B,Hombre,1.01961181489256,ATE,575.438,507.984,544.231,En inicio,1
2022223106662000217,1495,B,Hombre,0.869508772652591,ATE,655.818,523.801,634.357,En proceso,0
2022223106662000218,1495,B,Hombre,1.14008233570662,ATE,628.039,525.601,655.715,Satisfactorio,0
2022223106662000219,1495,B,Mujer,1.64856183260035,ATE,613.01,519.043,575.909,En inicio,1
2022223106662000220,1495,B,Hombre,1.3972653470107,ATE,550.985,515.313,569.126,En inicio,1
2022223106662000301,1495,C,Hombre,0.491225921154686,ATE,609.007,560.321,610.111,En proceso,0
2022223106662000302,1495,C,Hombre,0.791330727562911,ATE,575.438, ,535.717,En inicio,1
2022223106662000303,1495,C,Hombre,0.928432403037526,ATE,625.576,566.623,599.721,En proceso,0
2022223106662000304,1495,C,Mujer,1.09207542261059,ATE,603.586,670.398,553.828,En inicio,1
2022223106662000305,1495,C,Mujer, ,ATE,522.528, ,465.652,Previo al Inicio,1
2022223106662000306,1495,C,Mujer,1.43753205607409,ATE,678.116,650.723,660.55,Satisfactorio,0
2022223106662000307,1495,C,Mujer,1.2272313000993,ATE,768.105,713.606,604.988,En proceso,0
2022223106662000308,1495,C,Mujer,1.81381988359852,ATE,655.818,648.023,755.726,Satisfactorio,0
2022223106662000309,1495,C,Hombre,-0.240281973760248,ATE,588.989,377.46,545.097,En inicio,1
2022223106662000310,1495,C,Hombre,1.27850642647059,ATE,613.01,443.686,541.922,En inicio,1
2022223106662000311,1495,C,Hombre,0.846890691663692,ATE,625.699,483.936,495.02,Previo al Inicio,1
2022223106662000312,1495,C,Hombre,1.01184989524094,ATE,654.956,627.448,587.021,En inicio,1
2022223106662000313,1495,C,Mujer,1.55318872475628,ATE,635,560.321,610.544,En proceso,0
2022223106662000314,1495,C,Mujer,1.66481095789996,ATE,581.967,557.107,527.779,En inicio,1
2022223106662000315,1495,C,Hombre,0.888313553790097,ATE,584.8,545.404,567.25,En inicio,1
2022223106662000316,1495,C,Hombre,0.535735827107426,ATE,453.974,486.765,540.984,En inicio,1
2022223106662000317,1495,C,Hombre,1.0172455173504,ATE,627.916,463.876,561.116,En inicio,1
2022223106662000318,1495,C,Mujer,1.43756776055707,ATE,553.017,468.248,542.211,En inicio,1
2022223106662000319,1495,C,Hombre,1.60347575645566,ATE,647.01,713.606,553.828,En inicio,1
2022223106662000321,1495,C,Mujer,0.536537298703294,ATE,678.116,635.806,676.208,Satisfactorio,0
2022223106662000322,1495,C,Hombre,1.18143837290728,ATE,526.84,398.55,491.484,Previo al Inicio,1
2022223106662000323,1495,C,Hombre,1.65312050993972,ATE,625.576,585.269,560.395,En inicio,1
2022223150783900101,2288,A,Mujer,0.469053073703743,ATE,533.862,363.701,461.683,Previo al Inicio,1
2022223150783900102,2288,A,Mujer,1.50081305767063,ATE,680.333,604.558,662.498,Satisfactorio,0
2022223150783900103,2288,A,Mujer,0.470848017409733,ATE,568.478,473.777,590.124,En inicio,1
2022223150783900104,2288,A,Hombre,0.862415675071119,ATE,687.601,661.782,645.613,En proceso,0
2022223150783900105,2288,A,Hombre,1.06961382134962,ATE,523.329,398.55,513.492,Previo al Inicio,1
2022223150783900106,2288,A,Hombre,0.710259587638879,ATE,636.416,585.269,569.631,En inicio,1
2022223150783900107,2288,A,Mujer,0.67080442132486,ATE,545.565,386.59,460.889,Previo al Inicio,1
2022223150783900108,2288,A,Mujer,0.27045521764601,ATE,619.478,582.054,599.793,En proceso,0
2022223150783900109,2288,A,Mujer,0.495445921942731,ATE,577.347,452.816,513.781,Previo al Inicio,1
2022223150783900110,2288,A,Hombre,0.851737774314846,ATE,634.63,635.806,633.563,En proceso,0
2022223150783900111,2288,A,Hombre,0.396237205030286,ATE,533.862,421.439,397.535,Previo al Inicio,1
2022223150783900112,2288,A,Hombre,-1.11668351835603,ATE,553.017,523.801,479.722,Previo al Inicio,1
2022223150783900113,2288,A,Mujer,0.565606865872603,ATE,568.478,506.44,580.743,En inicio,1
2022223150783900114,2288,A,Hombre,0.653739007407454,ATE,605.681,560.321,575.909,En inicio,1
2022223150783900115,2288,A,Mujer,1.55796472066951,ATE,654.463,623.718,676.208,Satisfactorio,0
2022223150783900116,2288,A,Hombre,0.920297836583517,ATE,619.724, ,527.13,En inicio,1
2022223150783900117,2288,A,Hombre,0.463284496712488,ATE,625.576,529.33,634.357,En proceso,0
2022223150783900118,2288,A,Hombre,1.06315020631411,ATE,561.887,329.237,501.442,Previo al Inicio,1
2022223150783900119,2288,A,Mujer,-0.127686749492573,ATE,564.72,428.769,567.25,En inicio,1
2022223150783900201,2288,B,Mujer,0.658703174723076,ATE,537.249,408.194,633.563,En proceso,0
2022223150783900202,2288,B,Mujer,0.358923204891101,ATE,619.724,560.321,614.441,En proceso,0
2022223150783900203,2288,B,Hombre,0.851523561931675,ATE,545.565,452.816,506.781,Previo al Inicio,1
2022223150783900204,2288,B,Hombre,-0.24374051120349,ATE,603.586,611.502,643.088,En proceso,0
2022223150783900205,2288,B,Hombre,0.934178307156472,ATE,578.025,443.686,533.552,En inicio,1
2022223150783900206,2288,B,Hombre,-0.163559517889758,ATE,625.699,483.936,621.44,En proceso,0
2022223150783900207,2288,B,Mujer,0.207033462770322,ATE,604.264,506.44,527.13,En inicio,1
2022223150783900208,2288,B,Hombre,0.539972630170858,ATE,667.46,713.606,610.544,En proceso,0
2022223150783900209,2288,B,Hombre,0.502712484794196,ATE,483.108,431.341,464.136,Previo al Inicio,1
2022223150783900210,2288,B,Hombre,0.155953351378344,ATE,628.471,524.572,658.024,Satisfactorio,0
2022223150783900211,2288,B,Mujer,-0.144635889624122,ATE,644.177,595.556,714.74,Satisfactorio,0
2022223150783900212,2288,B,Mujer,1.04165312385507,ATE,645.409,653.681,682.125,Satisfactorio,0
2022223150783900213,2288,B,Mujer,0.342929778023734,ATE,523.083,408.194,470.414,Previo al Inicio,1
2022223150783900214,2288,B,Mujer,0.339111451964344,ATE,555.358,458.603,545.097,En inicio,1
2022223150783900215,2288,B,Mujer,-0.574073905089603,ATE,488.775,473.777,499.782,Previo al Inicio,1
2022223166513200101,2540,A,Mujer,1.137574824592,ATE,586.155,494.61,550.22,En inicio,1
2022223166513200102,2540,A,Mujer,1.15861269054916,ATE,719.692,635.806,645.036,En proceso,0
2022223166513200103,2540,A,Mujer,0.415462467969171,ATE,625.576,507.984,551.231,En inicio,1
2022223166513200104,2540,A,Hombre,0.825677556467688,ATE,669.8,564.308,655.715,Satisfactorio,0
2022223166513200105,2540,A,Mujer,0.908991162922251,ATE,645.409,584.626,703.772,Satisfactorio,0
2022223166513200106,2540,A,Hombre,1.21654910104138,ATE,802.721,749.998,830.193,Satisfactorio,0
2022223166513200107,2540,A,Mujer,1.03822228618224,ATE,719.692,734.31,697.062,Satisfactorio,0
2022223166513200108,2540,A,Mujer,0.934808093923885,ATE,654.402,690.202,676.93,Satisfactorio,0
2022223166513200109,2540,A,Mujer,1.42233455084488,ATE,628.039,595.556,631.326,En proceso,0
2022223166513200110,2540,A,Hombre,0.820188406814808,ATE,737.862,739.582,723.977,Satisfactorio,0
2022223166513200111,2540,A,Hombre,0.928016555882058,ATE,601.184,525.601,610.111,En proceso,0
2022223166513200112,2540,A,Hombre,1.0109566433736,ATE,688.895,749.998,668.776,Satisfactorio,0
2022223166513200113,2540,A,Hombre,1.17120558799017,ATE,530.597,536.017,524.46,En inicio,1
2022223166513200114,2540,A,Hombre,1.66481095789996,ATE,637.155,463.361,580.743,En inicio,1
2022223166513200115,2540,A,Mujer,-0.420608514522173,ATE,765.272,643.908,749.015,Satisfactorio,0
2022223166513200116,2540,A,Mujer,1.14469500600124,ATE,665.674,483.936,621.44,En proceso,0
2022223166513200117,2540,A,Mujer,0.653618374577525,ATE,636.416,627.448,552.674,En inicio,1
2022223166513200118,2540,A,Hombre,1.29986682951414,ATE,680.333,713.606,698.866,Satisfactorio,0
2022223166513200119,2540,A,Hombre,1.38834399959482,ATE,596.133,557.107,545.097,En inicio,1
2022223166513200120,2540,A,Mujer,1.18214522395461,ATE,717.659,722.222,782.785,Satisfactorio,0
2022223166513200121,2540,A,Mujer,-0.307546569006754,ATE,644.177,550.934,569.126,En inicio,1
2022223166513200122,2540,A,Mujer,1.28899146118506,ATE,676.453,653.681,733.934,Satisfactorio,0
2022223166513200123,2540,A,Hombre,1.66481095789996,ATE,807.156,814.81,755.726,Satisfactorio,0
2022223166513200124,2540,A,Hombre,1.12654212387481,ATE,719.815,854.288,836.976,Satisfactorio,0
2022223166513200125,2540,A,Hombre,0.663855446328244,ATE,687.601,734.31,723.977,Satisfactorio,0
2022223166513200126,2540,A,Hombre,0.374468195207111,ATE,601.184,566.623,660.55,Satisfactorio,0
2022223166513200127,2540,A,Hombre,1.42632513364405,ATE,554.68,398.55,544.231,En inicio,1
2022223166513200128,2540,A,Hombre,0.356397773990887,ATE,711.992,679.528,723.111,Satisfactorio,0
2022223166513200129,2540,A,Hombre,1.34755706812816,ATE,548.891,339.01,483.258,Previo al Inicio,1
2022223166513200130,2540,A,Hombre, ,ATE,683.474, ,594.453,En inicio,1
2022223166513200131,2540,A,Hombre, ,ATE,625.76,702.418,757.458,Satisfactorio,0
2022223166513200201,2540,B,Hombre,1.49893078291687,ATE,729.424,854.288,830.193,Satisfactorio,0
2022223166513200202,2540,B,Hombre,1.11133611117932,ATE,561.579,536.017,595.896,En inicio,1
2022223166513200203,2540,B,Mujer,1.4102689639907,ATE,616.521,611.502,622.09,En proceso,0
2022223166513200204,2540,B,Mujer,0.507397454156578,ATE,542.608,572.924,484.846,Previo al Inicio,1
2022223166513200205,2540,B,Hombre,0.411887005512541,ATE,558.13,378.746,516.811,Previo al Inicio,1
2022223166513200206,2540,B,Hombre,1.26029001894567,ATE,537.249,339.01,466.012,Previo al Inicio,1
2022223166513200207,2540,B,Hombre,1.26031783595858,ATE,627.916,628.476,656.509,Satisfactorio,0
2022223166513200208,2540,B,Hombre,0.827801617020821,ATE,711.992,702.418,698.866,Satisfactorio,0
2022223166513200209,2540,B,Hombre,0.758822808947927,ATE,534.909,547.848,557.436,En inicio,1
2022223166513200210,2540,B,Mujer,0.784884166811075,ATE,675.467,329.237,782.785,Satisfactorio,0
2022223166513200211,2540,B,Mujer,0.981014346952615,ATE,654.463,776.489,621.44,En proceso,0
2022223166513200212,2540,B,Mujer,1.175640746463,ATE,813.623,703.447,846.284,Satisfactorio,0
2022223166513200213,2540,B,Hombre,0.68336375770293,ATE,625.576,654.067,622.09,En proceso,0
2022223166513200214,2540,B,Hombre,0.99390027464373,ATE,669.8,702.418,702.185,Satisfactorio,0
2022223166513200215,2540,B,Mujer,1.11898515908203,ATE,598.597,588.612,623.316,En proceso,0
2022223166513200216,2540,B,Mujer,1.34992185721831,ATE,644.177,643.908,714.74,Satisfactorio,0
2022223166513200217,2540,B,Mujer,1.45384470677218,ATE,575.438,483.936,500.72,Previo al Inicio,1
2022223166513200218,2540,B,Mujer,1.11867540964482,ATE,711.992,675.799,647.706,En proceso,0
2022223166513200219,2540,B,Mujer,1.54917780784059,ATE,637.155,582.054,620.286,En proceso,0
2022223166513200220,2540,B,Hombre,1.48555202704294,ATE,544.949,536.017,584.784,En inicio,1
2022223166513200221,2540,B,Hombre,1.26289532795492,ATE,601.184,524.572,621.44,En proceso,0
2022223166513200222,2540,B,Hombre,0.826323955546048,ATE,676.453,529.33,733.934,Satisfactorio,0
2022223166513200223,2540,B,Hombre,0.986986968236212,ATE,645.039,653.681,622.09,En proceso,0
2022223166513200224,2540,B,Hombre,1.49893078291687,ATE,792.127,703.447,747.933,Satisfactorio,0
2022223166513200225,2540,B,Hombre,0.978464575609499,ATE,668.63,519.043,739.635,Satisfactorio,0
2022223166513200226,2540,B,Mujer,0.243359942022855,ATE,557.883,557.107,599.288,En proceso,0
2022223166513200227,2540,B,Mujer,0.649635579364053,ATE,575.438,483.808,595.896,En inicio,1
2022223166513200228,2540,B,Mujer,0.837578470415646,ATE,538.112, ,524.46,En inicio,1
2022223166513200229,2540,B,Mujer,1.22246382461173,ATE,603.586,503.868,609.823,En proceso,0
2022223166513200230,2540,B,Mujer, ,ATE,713.717,734.438,706.081,Satisfactorio,0
2022223173277500101,2625,A,Mujer,1.4738615790827,ATE,598.597,463.876,613.07,En proceso,0
2022223173277500102,2625,A,Mujer,0.931098582205106,ATE,601.677,494.352,492.133,Previo al Inicio,1
2022223173277500103,2625,A,Mujer,1.66481095789996,ATE,688.895,560.321,645.036,En proceso,0
2022223173277500104,2625,A,Hombre,0.914743047256941,ATE,667.46,494.61,634.357,En proceso,0
2022223173277500105,2625,A,Hombre,1.17721099536396,ATE,628.039,611.502,590.124,En inicio,1
2022223173277500106,2625,A,Hombre,0.947295855587118,ATE,564.72,421.439,482.104,Previo al Inicio,1
2022223173277500107,2625,A,Hombre,0.892235165565058,ATE,625.699,629.634,621.44,En proceso,0
2022223173277500108,2625,A,Hombre,1.04320489375471,ATE,665.242,675.799,614.441,En proceso,0
2022223173277500109,2625,A,Mujer,1.10149458676695,ATE,607.898,519.043,599.721,En proceso,0
2022223173277500110,2625,A,Hombre,1.10749046772239,ATE,548.891,473.777,492.494,Previo al Inicio,1
2022223173277500111,2625,A,Mujer,0.785571032479736,ATE,605.681,504.126,603.329,En proceso,0
2022223173277500112,2625,A,Mujer,0.253253090611762,ATE,654.463,572.924,513.492,Previo al Inicio,1
2022223173277500113,2625,A,Mujer,1.53106306282909,ATE,561.579,564.308,634.357,En proceso,0
2022223173277500114,2625,A,Hombre,1.22246382461173,ATE,583.507,584.626,634.357,En proceso,0
2022223173277500115,2625,A,Hombre,1.06485252116783,ATE,657.789,560.321,631.326,En proceso,0
2022223173277500116,2625,A,Mujer,0.649708823466723,ATE,591.637,494.61,575.909,En inicio,1
2022223173277500117,2625,A,Hombre,1.06176445095293,ATE,654.463,611.502,633.563,En proceso,0
2022223173277500118,2625,A,Hombre,1.66481095789996,ATE,611.902,572.924,595.896,En inicio,1
2022223173277500119,2625,A,Hombre,0.793245897714043,ATE,667.46,585.269,723.111,Satisfactorio,0
2022223173277500120,2625,A,Hombre,1.13898280700984,ATE,657.789,564.565,631.326,En proceso,0
2022223173277500121,2625,A,Mujer,0.932273793480039,ATE,578.025,582.054,575.909,En inicio,1
2022223173277500122,2625,A,Mujer,0.772986789245777,ATE,757.203,734.31,676.208,Satisfactorio,0
2022223173277500123,2625,A,Mujer,0.981869692310411,ATE,627.916,566.623,634.357,En proceso,0
2022223173277500124,2625,A,Hombre,1.31023612927459,ATE,529.92,620.889,512.049,Previo al Inicio,1
2022223173277500125,2625,A,Hombre,0.571816159046928,ATE,516.8,378.746,473.878,Previo al Inicio,1
2022223173277500126,2625,A,Hombre,1.22246382461173,ATE,605.681,525.601,593.876,En inicio,1
2022223173277500127,2625,A,Hombre,1.28143423696589,ATE,757.203,749.998,774.703,Satisfactorio,0
2022223173277500128,2625,A,Mujer,0.524375864183814,ATE,654.956,515.313,544.231,En inicio,1
2022223044959500101,416,A,Hombre,1.4348208950328,CHACLACAYO,564.72,619.089,634.14,En proceso,0
2022223044959500102,416,A,Mujer,1.42273935625593,CHACLACAYO,665.674,585.269,540.984,En inicio,1
2022223044959500103,416,A,Mujer,0.873114255918878,CHACLACAYO,604.264,564.565,552.674,En inicio,1
2022223044959500104,416,A,Hombre,1.22246382461173,CHACLACAYO,607.898,519.043,560.395,En inicio,1
2022223044959500105,416,A,Hombre,1.30540391210327,CHACLACAYO,581.967,409.223,553.828,En inicio,1
2022223044959500106,416,A,Mujer,1.41544976531498,CHACLACAYO,717.659,635.806,671.59,Satisfactorio,0
2022223044959500107,416,A,Mujer,1.66481095789996,CHACLACAYO,729.424,529.33,633.563,En proceso,0
2022223044959500108,416,A,Mujer,0.891730404041528,CHACLACAYO,654.956,483.936,561.116,En inicio,1
2022223044959500109,416,A,Hombre,1.16741528159771,CHACLACAYO,616.521,675.799,551.231,En inicio,1
2022223044959500110,416,A,Hombre,0.936120135194057,CHACLACAYO,647.01,654.067,655.715,Satisfactorio,0
2022223044959500111,416,A,Mujer,1.21494675507493,CHACLACAYO,687.601,557.107,613.07,En proceso,0
2022223044959500112,416,A,Hombre,0.969505680841975,CHACLACAYO,617.137,588.612,559.601,En inicio,1
2022223044959500113,416,A,Mujer,1.40953677609062,CHACLACAYO,619.724,643.908,614.441,En proceso,0
2022223044959500114,416,A,Hombre,1.50411158424115,CHACLACAYO,607.898,503.868,533.336,En inicio,1
2022223044959500115,416,A,Mujer,1.3387900078445,CHACLACAYO,581.967,487.408,571.651,En inicio,1
2022223044959500116,416,A,Hombre,1.49893078291687,CHACLACAYO,598.597,582.054,623.316,En proceso,0
2022223044959500117,416,A,Hombre,1.57614913897378,CHACLACAYO,625.699,515.313,540.984,En inicio,1
2022223044959500118,416,A,Mujer,0.817556895262389,CHACLACAYO,627.916,566.623,544.231,En inicio,1
2022223044959500119,416,A,Mujer,1.57614913897378,CHACLACAYO,667.46,670.398,662.498,Satisfactorio,0
2022223031454200101,233,A,Mujer,1.42273935625593,LA MOLINA,655.818,566.623,589.33,En inicio,1
2022223031454200102,233,A,Mujer,0.253578082064934,LA MOLINA,561.887,529.33,536.438,En inicio,1
2022223031454200103,233,A,Mujer,0.753451231850144,LA MOLINA,628.471,629.634,603.329,En proceso,0
2022223031454200104,233,A,Mujer,1.29341775516632,LA MOLINA,609.007,564.565,610.111,En proceso,0
2022223031454200105,233,A,Mujer,1.38730854977319,LA MOLINA,654.956,628.476,578.29,En inicio,1
2022223031454200106,233,A,Mujer,1.01975804187935,LA MOLINA,500.046,336.824,430.222,Previo al Inicio,1
2022223031454200107,233,A,Mujer,1.39202102028794,LA MOLINA,637.155,611.502,631.326,En proceso,0
2022223031454200108,233,A,Mujer,1.24270182519595,LA MOLINA,645.409, ,645.613,En proceso,0
2022223031454200109,233,A,Mujer,1.57614913897378,LA MOLINA,625.699,543.861,714.74,Satisfactorio,0
2022223031454200110,233,A,Mujer,1.58821472582796,LA MOLINA,768.105,703.447,645.036,En proceso,0
2022223031454200111,233,A,Mujer,1.64026906465262,LA MOLINA,685.137, ,606.864,En proceso,0
2022223031454200112,233,A,Mujer,1.39857851603046,LA MOLINA,669.8,702.418,590.124,En inicio,1
2022223031454200113,233,A,Mujer,1.7324476556133,LA MOLINA,578.025,377.46,541.922,En inicio,1
2022223031454200114,233,A,Mujer,1.81381988359852,LA MOLINA,729.424,529.33,774.703,Satisfactorio,0
2022223031454200115,233,A,Mujer,0.909473537506543,LA MOLINA,554.68,523.801,518.471,Previo al Inicio,1
2022223031454200116,233,A,Mujer,1.2531445084495,LA MOLINA,655.818,675.799,589.33,En inicio,1
2022223031454200117,233,A,Mujer,0.973102632026752,LA MOLINA,747.101,604.558,655.715,Satisfactorio,0
2022223031454200118,233,A,Mujer,1.37556666228967,LA MOLINA,654.648,734.31,613.07,En proceso,0
2022223031454200119,233,A,Mujer,1.66481095789996,LA MOLINA,617.137,545.404,578.867,En inicio,1
2022223031454200201,233,B,Mujer,1.50411158424115,LA MOLINA,625.699,578.453,660.55,Satisfactorio,0
2022223031454200202,233,B,Mujer,1.22246382461173,LA MOLINA,568.478,588.612,527.13,En inicio,1
2022223031454200203,233,B,Mujer,0.649725551081254,LA MOLINA,607.898,507.984,599.721,En proceso,0
2022223031454200204,233,B,Mujer,1.38834399959482,LA MOLINA,561.887,463.876,620.286,En proceso,0
2022223031454200205,233,B,Mujer,1.50893426706545,LA MOLINA,645.409,734.438,593.876,En inicio,1
2022223031454200206,233,B,Mujer,1.58947487659681,LA MOLINA,708.851,682.1,578.867,En inicio,1
2022223031454200207,233,B,Mujer,0.937839772828176,LA MOLINA,676.453,623.718,668.776,Satisfactorio,0
2022223031454200208,233,B,Mujer,1.14272335310144,LA MOLINA,694.931,611.502,610.544,En proceso,0
2022223031454200209,233,B,Mujer,1.72515806467235,LA MOLINA,611.347,398.55,631.326,En proceso,0
2022223031454200210,233,B,Mujer,1.15317313540338,LA MOLINA,632.967,564.308,593.515,En inicio,1
2022223031454200211,233,B,Mujer,1.61768970345698,LA MOLINA,601.184,703.447,633.563,En proceso,0
2022223031454200212,233,B,Mujer,1.57614913897378,LA MOLINA,611.902,478.793,527.13,En inicio,1
2022223031454200213,233,B,Mujer,1.09323373146474,LA MOLINA,732.996,702.418,662.498,Satisfactorio,0
2022223031454200214,233,B,Mujer,1.57614913897378,LA MOLINA,588.989,545.404,553.828,En inicio,1
2022223060167400101,834,A,Mujer,1.78356987844007,LA MOLINA,683.536,600.571,702.185,Satisfactorio,0
2022223060167400102,834,A,Mujer,1.50710292013493,LA MOLINA,620.586,524.572,686.599,Satisfactorio,0
2022223060167400103,834,A,Mujer,1.01918599118642,LA MOLINA,757.203,643.908,676.208,Satisfactorio,0
2022223060167400104,834,A,Mujer,1.57127995114496,LA MOLINA,719.692,707.819,656.509,Satisfactorio,0
2022223060167400105,834,A,Mujer,1.14611858765226,LA MOLINA,732.996,703.447,647.706,En proceso,0
2022223060167400106,834,A,Mujer,1.61353583152867,LA MOLINA,709.713,654.067,646.696,En proceso,0
2022223060167400107,834,A,Mujer,1.42069651127256,LA MOLINA,591.637,431.341,525.182,En inicio,1
2022223060167400108,834,A,Mujer,1.2415029831516,LA MOLINA,617.137,399.964,633.563,En proceso,0
2022223060167400109,834,A,Mujer,1.78356987844007,LA MOLINA,841.402,619.089,803.927,Satisfactorio,0
2022223060167400110,834,A,Mujer,1.48308646302832,LA MOLINA,680.333,653.681,698.866,Satisfactorio,0
2022223060167400111,834,A,Mujer,1.42960712139187,LA MOLINA,747.101, ,747.933,Satisfactorio,0
2022223060167400112,834,A,Mujer,1.39643104008411,LA MOLINA,701.398, ,723.977,Satisfactorio,0
2022223060167400113,834,A,Mujer,1.64793970861544,LA MOLINA,729.424,771.088,714.74,Satisfactorio,0
2022223060167400114,834,A,Mujer,1.3866900080998,LA MOLINA,719.692,759.257,697.062,Satisfactorio,0
2022223060167400115,834,A,Mujer,1.46452690583011,LA MOLINA,667.46,643.908,698.866,Satisfactorio,0
2022223060167400116,834,A,Mujer,1.49893078291687,LA MOLINA,669.8,629.634,631.326,En proceso,0
2022223060167400117,834,A,Mujer,1.54627427270927,LA MOLINA,765.272,675.799,703.772,Satisfactorio,0
2022223060167400118,834,A,Mujer,1.59030649505067,LA MOLINA,708.851, ,714.74,Satisfactorio,0
2022223060167400119,834,A,Mujer,1.27731620794549,LA MOLINA,489.452,409.223,561.116,En inicio,1
2022223060167400120,834,A,Mujer,1.7324476556133,LA MOLINA,733.366,690.202,649.798,Satisfactorio,0
2022223060167400121,834,A,Mujer, ,LA MOLINA,735.645,643.908,762.148,Satisfactorio,0
2022223060167400122,834,A,Mujer, ,LA MOLINA,761.453,821.497,706.081,Satisfactorio,0
2022223060167400201,834,B,Mujer,1.44129756935211,LA MOLINA,680.333, ,647.706,En proceso,0
2022223060167400202,834,B,Mujer,1.81381988359852,LA MOLINA,719.815, ,747.933,Satisfactorio,0
2022223060167400203,834,B,Mujer,1.28584494165088,LA MOLINA,605.681, ,541.922,En inicio,1
2022223060167400204,834,B,Mujer,1.62461950654605,LA MOLINA,708.851,670.398,740.356,Satisfactorio,0
2022223060167400205,834,B,Mujer,1.64757992076355,LA MOLINA,716.366,629.634,656.076,Satisfactorio,0
2022223060167400206,834,B,Mujer,1.81381988359852,LA MOLINA,694.931,627.448,647.706,En proceso,0
2022223060167400207,834,B,Mujer,1.81381988359852,LA MOLINA,683.536,498.853,722.678,Satisfactorio,0
2022223060167400208,834,B,Mujer,1.56656748063022,LA MOLINA,675.467,557.107,671.59,Satisfactorio,0
2022223060167400210,834,B,Mujer,1.61768970345698,LA MOLINA,773.833,643.008,761.21,Satisfactorio,0
2022223060167400211,834,B,Mujer,1.66481095789996,LA MOLINA,807.156,739.582,647.706,En proceso,0
2022223060167400212,834,B,Mujer,1.13919050400928,LA MOLINA,619.478,627.448,669.497,Satisfactorio,0
2022223060167400213,834,B,Mujer,1.7324476556133,LA MOLINA,687.601,628.476,658.024,Satisfactorio,0
2022223060167400214,834,B,Mujer,1.44129756935211,LA MOLINA,586.155,409.223,646.479,En proceso,0
2022223060167400215,834,B,Mujer,1.66173727684045,LA MOLINA,688.895,588.612,578.29,En inicio,1
2022223060167400216,834,B,Mujer,1.50411158424115,LA MOLINA,560.532,374.76,579.444,En inicio,1
2022223060167400217,834,B,Mujer,1.59030649505067,LA MOLINA,628.039, ,643.088,En proceso,0
2022223060167400218,834,B,Mujer,1.54508405418416,LA MOLINA,664.626,584.626,634.14,En proceso,0
2022223060167400219,834,B,Mujer,-0.269750585317554,LA MOLINA,654.463,654.067,714.74,Satisfactorio,0
2022223060167400220,834,B,Mujer,1.64793970861544,LA MOLINA,703.061, ,569.631,En inicio,1
2022223060167400221,834,B,Mujer,1.81381988359852,LA MOLINA,807.156,759.257,898.238,Satisfactorio,0
2022223060167400222,834,B,Mujer,1.81381988359852,LA MOLINA,683.536,643.908,643.088,En proceso,0
2022223060167400223,834,B,Mujer,1.59030649505067,LA MOLINA,721.416,629.634,593.515,En inicio,1
2022223060167400224,834,B,Mujer,1.7324476556133,LA MOLINA,678.116,584.626,676.208,Satisfactorio,0
2022223060167400225,834,B,Mujer,1.81381988359852,LA MOLINA,740.264,749.998,733.934,Satisfactorio,0
2022223060167400301,834,C,Mujer,1.45924505497316,LA MOLINA,669.8,600.571,643.088,En proceso,0
2022223060167400302,834,C,Mujer,1.78356987844007,LA MOLINA,636.724,611.502,782.785,Satisfactorio,0
2022223060167400303,834,C,Mujer,1.81381988359852,LA MOLINA,708.851,731.609,774.703,Satisfactorio,0
2022223060167400304,834,C,Mujer,1.61768970345698,LA MOLINA,589.604,564.308,552.674,En inicio,1
2022223060167400305,834,C,Mujer,1.33706887322353,LA MOLINA,645.039,468.248,560.395,En inicio,1
2022223060167400306,834,C,Mujer,1.81381988359852,LA MOLINA,747.101,682.1,722.678,Satisfactorio,0
2022223060167400307,834,C,Mujer,1.81381988359852,LA MOLINA,717.659,623.718,634.14,En proceso,0
2022223060167400308,834,C,Mujer,1.39479843889405,LA MOLINA,665.674,661.782,693.887,Satisfactorio,0
2022223060167400309,834,C,Mujer,1.78356987844007,LA MOLINA,636.416,619.089,645.036,En proceso,0
2022223060167400310,834,C,Mujer,1.49893078291687,LA MOLINA,732.996,653.681,698.866,Satisfactorio,0
2022223060167400311,834,C,Mujer,1.59030649505067,LA MOLINA,657.789,525.601,643.088,En proceso,0
2022223060167400312,834,C,Mujer,1.41104756419365,LA MOLINA,768.906, ,649.943,Satisfactorio,0
2022223060167400313,834,C,Mujer,1.53420868585509,LA MOLINA,757.203,734.31,676.208,Satisfactorio,0
2022223060167400314,834,C,Mujer,1.72515806467235,LA MOLINA,813.623,635.806,624.182,En proceso,0
2022223060167400315,834,C,Mujer,1.78356987844007,LA MOLINA,685.137,643.908,676.93,Satisfactorio,0
2022223060167400316,834,C,Mujer,1.70219765045485,LA MOLINA,683.536,679.528,620.286,En proceso,0
2022223060167400317,834,C,Mujer,1.65312050993972,LA MOLINA,668.63,675.799,593.515,En inicio,1
2022223060167400318,834,C,Mujer,1.62287050478126,LA MOLINA,616.336,524.315,672.528,Satisfactorio,0
2022223060167400319,834,C,Mujer,1.81381988359852,LA MOLINA,726.036,646.608,694.103,Satisfactorio,0
2022223060167400320,834,C,Mujer,1.53735292529338,LA MOLINA,645.039,588.612,542.211,En inicio,1
2022223060167400321,834,C,Mujer,1.73722365152653,LA MOLINA,588.989, ,580.743,En inicio,1
2022223060167400322,834,C,Mujer,1.56656748063022,LA MOLINA,654.648, ,623.316,En proceso,0
2022223060167400323,834,C,Mujer,1.78356987844007,LA MOLINA,802.721,814.81,921.256,Satisfactorio,0
2022223060167400324,834,C,Mujer,1.81381988359852,LA MOLINA,850.703,654.067,632.913,En proceso,0
2022223060167400325,834,C,Mujer, ,LA MOLINA,677.315,702.418,644.964,En proceso,0
2022223058237900101,765,A,Mujer,0.170676175111932,LURIGANCHO,628.039,643.908,631.326,En proceso,0
2022223058237900102,765,A,Mujer,0.223188945646825,LURIGANCHO,628.471,739.582,671.59,Satisfactorio,0
2022223058237900103,765,A,Mujer,0.736184667277166,LURIGANCHO,586.155,448.701,599.288,En proceso,0
2022223058237900104,765,A,Mujer,1.45384470677218,LURIGANCHO,676.453,560.321,595.896,En inicio,1
2022223058237900105,765,A,Mujer,1.49893078291687,LURIGANCHO,616.521,536.017,610.544,En proceso,0
2022223058237900106,765,A,Mujer,1.53024798319793,LURIGANCHO,619.478,566.623,609.823,En proceso,0
2022223058237900107,765,A,Mujer,-0.146633374138972,LURIGANCHO,636.724,643.908,634.14,En proceso,0
2022223058237900108,765,A,Mujer,0.809391695098824,LURIGANCHO,601.184, ,531.82,En inicio,1
2022223058237900109,765,A,Mujer,1.3606973037643,LURIGANCHO,645.409,448.701,518.471,Previo al Inicio,1
2022223058237900110,765,A,Mujer,1.26044495866097,LURIGANCHO,516.307,458.603,522.151,En inicio,1
2022223058237900111,765,A,Mujer,1.23037553953759,LURIGANCHO,555.358,431.341,571.651,En inicio,1
2022223058237900112,765,A,Mujer,1.16468059031216,LURIGANCHO,664.626,661.782,645.613,En proceso,0
2022223058237900113,765,A,Mujer,0.869669425850854,LURIGANCHO,654.463,550.934,513.492,Previo al Inicio,1
2022223058237900114,765,A,Mujer,0.945583540469881,LURIGANCHO,589.604,523.801,569.631,En inicio,1
2022223058237900115,765,A,Mujer,0.908508461410452,LURIGANCHO,625.576,584.626,599.721,En proceso,0
2022223058237900116,765,A,Mujer,1.46868077775842,LURIGANCHO,619.478,478.793,562.704,En inicio,1
2022223058237900117,765,A,Mujer, ,LURIGANCHO,761.453,578.453,640.273,En proceso,0
2022223104068200101,1465,A,Mujer,0.654947169176105,LURIGANCHO,678.116,529.33,578.867,En inicio,1
2022223104068200102,1465,A,Mujer,-0.0997120733617316,LURIGANCHO,719.692,679.528,936.337,Satisfactorio,0
2022223104068200103,1465,A,Mujer,0.247477909178369,LURIGANCHO,694.931,675.799,610.544,En proceso,0
2022223104068200104,1465,A,Hombre,0.199368701412488,LURIGANCHO,596.133,582.054,580.743,En inicio,1
2022223104068200105,1465,A,Hombre,0.205823817246418,LURIGANCHO,578.025,473.777,499.782,Previo al Inicio,1
2022223104068200106,1465,A,Hombre,1.5955202686916,LURIGANCHO,524.007,442.658,525.543,En inicio,1
2022223104068200107,1465,A,Hombre,0.372372232897204,LURIGANCHO,604.264,507.984,604.988,En proceso,0
2022223104068200108,1465,A,Mujer,-0.137035383211356,LURIGANCHO,553.017,503.868,569.775,En inicio,1
2022223104068200109,1465,A,Hombre,0.777001444913709,LURIGANCHO,657.789,814.81,927.606,Satisfactorio,0
2022223104068200110,1465,A,Hombre,0.196752847662874,LURIGANCHO,558.13,478.793,550.293,En inicio,1
2022223104068200111,1465,A,Hombre,1.14586759253973,LURIGANCHO,634.63,557.107,599.288,En proceso,0
2022223104068200112,1465,A,Hombre,1.23814396825763,LURIGANCHO,582.46,611.502,518.471,Previo al Inicio,1
2022223104068200113,1465,A,Hombre,-0.627991591245909,LURIGANCHO,599.521,550.934,647.706,En proceso,0
2022223104068200114,1465,A,Hombre,0.0534180587678303,LURIGANCHO,683.536,653.681,669.497,Satisfactorio,0
2022223104068200115,1465,A,Hombre,0.198215443259312,LURIGANCHO,524.746,281.657,491.051,Previo al Inicio,1
2022223104068200116,1465,A,Mujer,1.26644083961641,LURIGANCHO,609.007,519.043,578.867,En inicio,1
2022223104068200117,1465,A,Mujer,1.26813820847306,LURIGANCHO,688.895,623.718,668.776,Satisfactorio,0
2022223104068200118,1465,A,Mujer,0.642344246158783,LURIGANCHO,645.039,483.808,524.46,En inicio,1
2022223104068200119,1465,A,Hombre,1.06920783506926,LURIGANCHO,603.586,643.908,655.715,Satisfactorio,0
2022223104068200120,1465,A,Mujer,0.895161241714358,LURIGANCHO,605.681,585.269,558.735,En inicio,1
2022223104068200121,1465,A,Mujer,1.33823140925807,LURIGANCHO,625.699,627.448,633.563,En proceso,0
2022223104068200122,1465,A,Hombre,0.159057343377699,LURIGANCHO,504.912,438.285,439.097,Previo al Inicio,1
2022223104068200123,1465,A,Mujer,1.02302223022778,LURIGANCHO,625.576,578.453,589.33,En inicio,1
2022223076276500101,1199,A,Mujer,1.08871592954086,SANTA ANITA,516.307,398.55,475.898,Previo al Inicio,1
2022223076276500102,1199,A,Hombre,1.0951160062185,SANTA ANITA,627.916,523.801,595.896,En inicio,1
2022223076276500103,1199,A,Hombre,1.22246382461173,SANTA ANITA,583.507,627.448,662.498,Satisfactorio,0
2022223076276500104,1199,A,Mujer,1.66481095789996,SANTA ANITA,683.536,628.476,655.715,Satisfactorio,0
2022223076276500105,1199,A,Mujer,0.831878854775047,SANTA ANITA,664.626,515.313,658.024,Satisfactorio,0
2022223076276500106,1199,A,Hombre,0.706467344258272,SANTA ANITA,501.894,353.927,409.441,Previo al Inicio,1
2022223076276500107,1199,A,Hombre,-0.439794540289481,SANTA ANITA,489.452,421.439,461.683,Previo al Inicio,1
2022223076276500108,1199,A,Mujer,1.21592701354593,SANTA ANITA,591.452,543.861,634.357,En proceso,0
2022223076276500109,1199,A,Mujer,0.814545046866817,SANTA ANITA,588.989,525.601,562.704,En inicio,1
2022223076276500110,1199,A,Hombre,0.98997388131127,SANTA ANITA,654.648,519.043,671.59,Satisfactorio,0
2022223076276500111,1199,A,Mujer,0.228076564186514,SANTA ANITA,609.007,536.017,646.479,En proceso,0
2022223076276500112,1199,A,Mujer,1.25603106261143,SANTA ANITA,575.438,566.623,569.631,En inicio,1
2022223076276500113,1199,A,Hombre,0.944191746580733,SANTA ANITA,575.746,550.934,647.706,En proceso,0
2022223076276500114,1199,A,Hombre,0.863422385265758,SANTA ANITA,619.478,483.936,590.124,En inicio,1
2022223076276500115,1199,A,Mujer,0.808645563764781,SANTA ANITA,675.467,703.447,623.316,En proceso,0
2022223076276500116,1199,A,Mujer,1.53735292529338,SANTA ANITA,634.63,560.321,633.563,En proceso,0
2022223076276500117,1199,A,Hombre,0.771184153308242,SANTA ANITA,676.453,536.017,587.021,En inicio,1
2022223076276500118,1199,A,Hombre,1.81381988359852,SANTA ANITA,645.039,722.222,647.706,En proceso,0
2022223076276500119,1199,A,Hombre,0.877621812521491,SANTA ANITA,516.8,486.765,562.704,En inicio,1
2022223076276500120,1199,A,Mujer,0.0985262822983574,SANTA ANITA,571.373,483.936,658.024,Satisfactorio,0
2022223076276500121,1199,A,Mujer,0.537794110962923,SANTA ANITA,601.184,428.769,559.601,En inicio,1
2022223076276500122,1199,A,Mujer,1.39110263384962,SANTA ANITA,604.264,498.853,500.72,Previo al Inicio,1
2022223076276500123,1199,A,Mujer,0.303670247223655,SANTA ANITA,645.039,536.017,662.498,Satisfactorio,0
2022223076276500201,1199,B,Hombre,0.57206327345413,SANTA ANITA,611.347,431.341,590.124,En inicio,1
2022223076276500202,1199,B,Mujer,0.137969252995488,SANTA ANITA,675.467,661.782,703.772,Satisfactorio,0
2022223076276500203,1199,B,Hombre,1.07400979296084,SANTA ANITA,692.221,374.76,588.897,En inicio,1
2022223076276500204,1199,B,Hombre,0.985311075575451,SANTA ANITA,636.416,564.308,634.357,En proceso,0
2022223076276500205,1199,B,Hombre,1.22246382461173,SANTA ANITA,545.565,428.769,551.231,En inicio,1
2022223076276500206,1199,B,Mujer,0.0960674577064014,SANTA ANITA,669.8,478.793,580.743,En inicio,1
2022223076276500207,1199,B,Hombre,0.796886228266774,SANTA ANITA,717.659,673.999,703.772,Satisfactorio,0
2022223076276500208,1199,B,Hombre,0.881400448532831,SANTA ANITA,509.162,463.361,569.126,En inicio,1
2022223076276500209,1199,B,Hombre,1.23933507389625,SANTA ANITA,719.692,619.089,587.021,En inicio,1
2022223076276500210,1199,B,Mujer,1.26126003829213,SANTA ANITA,680.333,679.528,679.239,Satisfactorio,0
2022223076276500211,1199,B,Hombre,1.27558035032129,SANTA ANITA,588.989,506.44,609.823,En proceso,0
2022223076276500212,1199,B,Hombre,1.66481095789996,SANTA ANITA,605.681,713.606,645.613,En proceso,0
2022223076276500213,1199,B,Mujer,1.42233455084488,SANTA ANITA,708.851,557.107,676.208,Satisfactorio,0
2022223076276500214,1199,B,Hombre,0.934114781757994,SANTA ANITA,676.453,690.202,656.509,Satisfactorio,0
2022223076276500215,1199,B,Hombre,1.22880768003128,SANTA ANITA,583.507,507.984,506.781,Previo al Inicio,1
2022223076276500216,1199,B,Mujer,1.38205413713052,SANTA ANITA,647.01,585.269,643.088,En proceso,0
2022223076276500217,1199,B,Hombre,0.354393876468449,SANTA ANITA,591.637,564.565,686.599,Satisfactorio,0
2022223076276500218,1199,B,Mujer,1.09069341034513,SANTA ANITA,654.463,604.558,660.55,Satisfactorio,0
2022223076276500219,1199,B,Mujer,1.13536986519188,SANTA ANITA,654.956,557.107,604.988,En proceso,0
2022223076276500220,1199,B,Hombre,0.548938394110063,SANTA ANITA,607.898,524.572,610.544,En proceso,0
2022223076276500221,1199,B,Mujer,0.885730953408758,SANTA ANITA,588.989,572.924,590.124,En inicio,1
2022223076276500222,1199,B,Hombre,0.699928635032904,SANTA ANITA,605.681,523.801,603.329,En proceso,0
2022223076276500223,1199,B,Mujer,1.28302206318674,SANTA ANITA,665.674,627.448,559.601,En inicio,1
2022223076276500224,1199,B,Mujer,1.73931542074924,SANTA ANITA,654.956,582.054,500.72,Previo al Inicio,1
2022223076276500301,1199,C,Mujer,1.21926814565015,SANTA ANITA,665.242,650.723,535.717,En inicio,1
2022223076276500302,1199,C,Mujer,1.15639498640471,SANTA ANITA,616.521,582.054,506.781,Previo al Inicio,1
2022223076276500303,1199,C,Mujer,1.03066506196307,SANTA ANITA,647.01,494.61,580.743,En inicio,1
2022223076276500304,1199,C,Mujer,0.0723483445921285,SANTA ANITA,636.724,588.612,541.922,En inicio,1
2022223076276500305,1199,C,Mujer,0.904035067356886,SANTA ANITA,625.699,572.924,569.126,En inicio,1
2022223076276500306,1199,C,Mujer,0.817325371746032,SANTA ANITA,645.409,564.308,634.357,En proceso,0
2022223076276500307,1199,C,Mujer,1.03151444579447,SANTA ANITA,680.333,627.448,579.444,En inicio,1
2022223076276500308,1199,C,Mujer,1.4738615790827,SANTA ANITA,683.536,539.489,631.326,En proceso,0
2022223076276500309,1199,C,Hombre,0.869965688304261,SANTA ANITA,687.601,702.418,703.772,Satisfactorio,0
2022223076276500310,1199,C,Mujer,1.50411158424115,SANTA ANITA,634.63, ,522.656,En inicio,1
2022223076276500311,1199,C,Hombre,0.989499636373803,SANTA ANITA,703.061,699.332,758.612,Satisfactorio,0
2022223076276500312,1199,C,Mujer,1.4222710254464,SANTA ANITA,599.521,483.936,542.211,En inicio,1
2022223076276500313,1199,C,Mujer,0.756842251178849,SANTA ANITA,669.8,734.438,684.795,Satisfactorio,0
2022223076276500314,1199,C,Mujer,1.34992185721831,SANTA ANITA,687.601,628.476,749.015,Satisfactorio,0
2022223076276500315,1199,C,Hombre,1.10601890864375,SANTA ANITA,678.116,578.453,646.479,En proceso,0
2022223076276500316,1199,C,Mujer,1.66481095789996,SANTA ANITA,654.956,588.612,544.231,En inicio,1
2022223076276500317,1199,C,Mujer,1.08871592954086,SANTA ANITA,711.992,643.908,809.051,Satisfactorio,0
2022223076276500318,1199,C,Mujer,1.45446683075709,SANTA ANITA,542.485,523.801,553.828,En inicio,1
2022223076276500319,1199,C,Mujer,1.45384470677218,SANTA ANITA,654.648,544.89,634.14,En proceso,0
2022223076276500320,1199,C,Mujer,1.38834399959482,SANTA ANITA,634.63,560.321,646.479,En proceso,0
2022223076276500321,1199,C,Mujer,0.997417265427602,SANTA ANITA,719.692,557.107,634.357,En proceso,0
2022223076276500322,1199,C,Hombre,0.154436514655004,SANTA ANITA,545.565,463.361,560.395,En inicio,1
2022223138467600101,2076,A,Mujer,0.110230711709366,SANTA ANITA,613.01,545.404,634.14,En proceso,0
2022223138467600102,2076,A,Hombre,0.3487865686774,SANTA ANITA,571.865,421.439,455.766,Previo al Inicio,1
2022223138467600103,2076,A,Hombre,0.275984378283448,SANTA ANITA,589.604, ,578.29,En inicio,1
2022223138467600104,2076,A,Mujer,0.699364782257614,SANTA ANITA,538.112,544.89,560.395,En inicio,1
2022223138467600105,2076,A,Mujer,0.949986561992251,SANTA ANITA,516.8,417.582,432.459,Previo al Inicio,1
2022223138467600106,2076,A,Hombre,0.277010039558632,SANTA ANITA,628.471,557.107,645.613,En proceso,0
2022223138467600107,2076,A,Mujer,0.594735709967172,SANTA ANITA,544.086, ,504.328,Previo al Inicio,1
2022223138467600108,2076,A,Hombre,0.724199300076557,SANTA ANITA,644.239,486.765,587.021,En inicio,1
2022223138467600109,2076,A,Hombre,0.96174676195225,SANTA ANITA,538.112,401.25,470.414,Previo al Inicio,1
2022223138467600110,2076,A,Hombre,0.714053671715308,SANTA ANITA,542.485,428.769,553.828,En inicio,1
2022223138467600111,2076,A,Hombre,0.786984086793103,SANTA ANITA,620.586,749.998,634.14,En proceso,0
2022223138467600112,2076,A,Mujer,0.973421902140077,SANTA ANITA,564.844,557.107,550.22,En inicio,1
2022223138467600113,2076,A,Hombre,0.364710771921348,SANTA ANITA,575.438,566.623,578.29,En inicio,1
2022223138467600114,2076,A,Mujer,0.0501610410690423,SANTA ANITA,599.521,699.332,634.357,En proceso,0
2022223138467600115,2076,A,Hombre,1.50411158424115,SANTA ANITA,588.989,585.269,562.704,En inicio,1
2022223138467600116,2076,A,Hombre,0.997162940780281,SANTA ANITA,632.967, ,577.063,En inicio,1
2022223138467600117,2076,A,Mujer,0.862699351010276,SANTA ANITA,609.007,458.603,599.288,En proceso,0
2022223138467600118,2076,A,Mujer,1.46829972473655,SANTA ANITA,561.579,494.61,624.182,En proceso,0
2022223138467600119,2076,A,Hombre,0.824093706328185,SANTA ANITA,599.521,588.612,610.544,En proceso,0
2022223138467600120,2076,A,Hombre,0.882505520095905,SANTA ANITA,603.586,529.33,519.048,Previo al Inicio,1
2022223138467600121,2076,A,Mujer,0.489528028749329,SANTA ANITA,636.724,443.558,593.876,En inicio,1
2022223138467600122,2076,A,Hombre,0.63304638298312,SANTA ANITA,544.086,448.701,466.012,Previo al Inicio,1
2022223138467600123,2076,A,Mujer,0.0078371948230766,SANTA ANITA,596.873,560.321,535.717,En inicio,1
2022223138467600124,2076,A,Hombre,0.785169381457906,SANTA ANITA,575.746,473.777,589.33,En inicio,1
2022223138467600125,2076,A,Hombre,-0.0940113930691222,SANTA ANITA,436.296,353.927,473.878,Previo al Inicio,1
2022223138467600126,2076,A,Mujer,0.387588577297562,SANTA ANITA,607.96,507.984,603.329,En proceso,0
2022223146796800101,2264,A,Mujer,0.375758708321486,SANTA ANITA,605.681,588.612,550.293,En inicio,1
2022223146796800102,2264,A,Hombre,0.844700823410843,SANTA ANITA,609.007,550.934,693.887,Satisfactorio,0
2022223146796800103,2264,A,Mujer,0.745299491483007,SANTA ANITA,604.264,585.269,569.631,En inicio,1
2022223146796800104,2264,A,Hombre,0.455065129062351,SANTA ANITA,645.039,584.626,610.544,En proceso,0
2022223146796800105,2264,A,Hombre,-0.176053379009918,SANTA ANITA,536.079,458.603,510.317,Previo al Inicio,1
2022223146796800106,2264,A,Hombre,0.746886391913217,SANTA ANITA,598.597,515.313,603.329,En proceso,0
2022223146796800107,2264,A,Mujer,-0.498953199017675,SANTA ANITA,757.203,722.222,714.74,Satisfactorio,0
2022223146796800108,2264,A,Mujer,1.20117638501603,SANTA ANITA,703.061,595.556,697.062,Satisfactorio,0
2022223146796800109,2264,A,Mujer,0.639753097169458,SANTA ANITA,553.017,483.936,542.211,En inicio,1
2022223146796800110,2264,A,Mujer,0.843947865997194,SANTA ANITA,628.039,544.89,571.651,En inicio,1
2022223146796800111,2264,A,Hombre,0.696191251193607,SANTA ANITA,636.724,519.043,575.909,En inicio,1
2022223146796800112,2264,A,Hombre,0.533742145948733,SANTA ANITA,617.137,473.777,588.897,En inicio,1
2022223146796800113,2264,A,Hombre,-0.878928215140907,SANTA ANITA,504.912,399.964,587.021,En inicio,1
2022223146796800114,2264,A,Mujer,0.800376231614483,SANTA ANITA,625.576,529.33,569.775,En inicio,1
2022223146796800115,2264,A,Mujer,0.532430784564849,SANTA ANITA,581.967,463.876,620.286,En proceso,0
2022223146796800116,2264,A,Hombre,0.35062916161354,SANTA ANITA,645.409,544.89,686.599,Satisfactorio,0
2022223146796800117,2264,A,Mujer,1.05929754283627,SANTA ANITA,578.949,438.285,495.02,Previo al Inicio,1
2022223146796800118,2264,A,Hombre,-0.184352014926707,SANTA ANITA,627.916,557.107,535.717,En inicio,1
2022223146796800119,2264,A,Hombre,1.13772839901802,SANTA ANITA,523.083,421.568,610.544,En proceso,0
2022223146796800120,2264,A,Mujer,0.842257519058298,SANTA ANITA,611.347,486.765,599.793,En proceso,0
2022223146796800121,2264,A,Hombre,0.924530700277013,SANTA ANITA,538.296,354.828,508.369,Previo al Inicio,1
2022223146796800122,2264,A,Hombre,0.317169342309112,SANTA ANITA,578.949,564.565,540.984,En inicio,1
2022223146796800123,2264,A,Hombre,1.3714727503103,SANTA ANITA,627.916,458.603,595.896,En inicio,1
2022223146796800124,2264,A,Hombre,0.645170931871395,SANTA ANITA,599.521,494.61,589.33,En inicio,1
2022223146796800125,2264,A,Hombre,1.45441283780184,SANTA ANITA,657.789,504.126,590.124,En inicio,1
2022223146796800126,2264,A,Mujer,1.0762396231477,SANTA ANITA,628.471,529.33,686.599,Satisfactorio,0
2022223146796800127,2264,A,Mujer,-0.00146513116953978,SANTA ANITA,625.699,653.681,588.897,En inicio,1
2022223150948800101,2289,A,Hombre,1.06920783506926,SANTA ANITA,599.521,539.489,533.336,En inicio,1
2022223150948800102,2289,A,Mujer,1.05547458848863,SANTA ANITA,611.347,536.017,643.088,En proceso,0
2022223150948800103,2289,A,Hombre,0.754190100385737,SANTA ANITA,551.539,442.658,472.939,Previo al Inicio,1
2022223150948800104,2289,A,Hombre,1.15835393672766,SANTA ANITA,544.086,550.934,588.897,En inicio,1
2022223150948800105,2289,A,Mujer,0.362592573167718,SANTA ANITA,596.873,463.876,518.471,Previo al Inicio,1
2022223150948800106,2289,A,Mujer,0.907163303170056,SANTA ANITA,667.46,814.81,662.498,Satisfactorio,0
2022223150948800107,2289,A,Mujer,1.25230050393348,SANTA ANITA,669.8,713.606,631.326,En proceso,0
2022223150948800108,2289,A,Hombre,0.757922783561429,SANTA ANITA,584.8,648.023,541.922,En inicio,1
2022223150948800109,2289,A,Mujer,0.0766187126519151,SANTA ANITA,654.463,690.202,633.563,En proceso,0
2022223150948800110,2289,A,Mujer,1.14586759253973,SANTA ANITA,568.478,421.439,544.231,En inicio,1
2022223150948800111,2289,A,Mujer,-0.223131848346961,SANTA ANITA,591.452,483.936,569.775,En inicio,1
2022223150948800112,2289,A,Hombre,1.107567487414,SANTA ANITA,628.039,506.44,571.651,En inicio,1
2022223150948800113,2289,A,Mujer,0.98510469348245,SANTA ANITA,578.025,519.043,491.051,Previo al Inicio,1
2022223150948800114,2289,A,Hombre,0.123160974125588,SANTA ANITA,537.249,473.777,495.02,Previo al Inicio,1
2022223150948800115,2289,A,Mujer,1.0269557684551,SANTA ANITA,582.46,442.658,500.72,Previo al Inicio,1
2022223150948800116,2289,A,Mujer,0.104805899767149,SANTA ANITA,560.532,486.765,506.781,Previo al Inicio,1
2022223150948800117,2289,A,Hombre,1.03146300627119,SANTA ANITA,683.536,679.528,722.678,Satisfactorio,0
2022223150948800201,2289,B,Hombre,1.11146371545297,SANTA ANITA,625.576,524.572,579.444,En inicio,1
2022223150948800202,2289,B,Mujer,1.16041325169445,SANTA ANITA,581.967,486.765,510.317,Previo al Inicio,1
2022223150948800203,2289,B,Mujer,0.331199210386802,SANTA ANITA,636.724,543.861,634.14,En proceso,0
2022223150948800204,2289,B,Mujer,0.996858666841167,SANTA ANITA,665.674,642.75,599.288,En proceso,0
2022223150948800205,2289,B,Mujer,0.475624013322959,SANTA ANITA,636.416,628.476,624.182,En proceso,0
2022223150948800206,2289,B,Mujer,0.573379011920128,SANTA ANITA,583.507,557.107,506.781,Previo al Inicio,1
2022223150948800207,2289,B,Hombre,1.08423034545916,SANTA ANITA,647.01,690.202,684.795,Satisfactorio,0
2022223150948800208,2289,B,Hombre,1.42359470161372,SANTA ANITA,591.637,595.556,613.07,En proceso,0
2022223150948800209,2289,B,Hombre,0.492810143745879,SANTA ANITA,692.221,821.497,714.74,Satisfactorio,0
2022223150948800210,2289,B,Hombre,0.502889397084164,SANTA ANITA,547.782,584.626,561.116,En inicio,1
2022223150948800211,2289,B,Hombre,0.98997388131127,SANTA ANITA,645.039,539.489,622.09,En proceso,0
2022223150948800212,2289,B,Hombre,0.838888310693264,SANTA ANITA,619.478,578.453,609.823,En proceso,0
2022223150948800213,2289,B,Hombre,1.22246382461173,SANTA ANITA,636.724,545.404,623.316,En proceso,0
2022223150948800214,2289,B,Mujer,1.61972488175526,SANTA ANITA,644.177,507.984,610.111,En proceso,0
2022223150948800215,2289,B,Mujer, ,SANTA ANITA,611.84, ,632.913,En proceso,0
2022223150948800216,2289,B,Mujer, ,SANTA ANITA,590.159,487.408,682.486,Satisfactorio,0
2022223150948800217,2289,B,Hombre, ,SANTA ANITA,555.789,498.853,638.758,En proceso,0
2022223150948800218,2289,B,Hombre, ,SANTA ANITA,475.901,557.107,465.652,Previo al Inicio,1
2022223150948800301,2289,C,Hombre,0.785351485603036,SANTA ANITA,625.576,653.681,560.395,En inicio,1
2022223150948800302,2289,C,Hombre,0.646709503214753,SANTA ANITA,575.13,564.565,536.438,En inicio,1
2022223150948800303,2289,C,Mujer,0.629915411668625,SANTA ANITA,578.025,478.793,533.552,En inicio,1
2022223150948800304,2289,C,Mujer,1.07345489891316,SANTA ANITA,530.289,494.61,578.867,En inicio,1
2022223150948800305,2289,C,Hombre,1.06773316747853,SANTA ANITA,676.453,690.202,697.062,Satisfactorio,0
2022223150948800306,2289,C,Hombre,0.608794568790315,SANTA ANITA,568.108,486.765,622.09,En proceso,0
2022223150948800307,2289,C,Mujer,-0.074416530870028,SANTA ANITA,611.347,523.801,631.326,En proceso,0
2022223152520300101,2309,A,Mujer,1.65578789814282,SANTA ANITA,655.818,648.023,610.544,En proceso,0
2022223152520300102,2309,A,Hombre,1.38834399959482,SANTA ANITA,628.039,690.202,631.326,En proceso,0
2022223152520300103,2309,A,Hombre,1.03181380295803,SANTA ANITA,598.597,529.33,658.024,Satisfactorio,0
2022223152520300104,2309,A,Hombre,0.606222064096344,SANTA ANITA,625.699,606.873,466.012,Previo al Inicio,1
2022223152520300105,2309,A,Hombre,1.13380200568556,SANTA ANITA,512.365,408.194,544.231,En inicio,1
2022223152520300106,2309,A,Mujer,1.1278872821152,SANTA ANITA,583.507,438.285,506.781,Previo al Inicio,1
2022223152520300107,2309,A,Mujer,1.04891300566582,SANTA ANITA,657.789,578.453,620.286,En proceso,0
2022223152520300108,2309,A,Mujer,1.72515806467235,SANTA ANITA,654.648,759.257,645.613,En proceso,0
2022223152520300109,2309,A,Mujer,0.639213181323587,SANTA ANITA,678.116,529.33,610.111,En proceso,0
2022223152520300110,2309,A,Mujer,0.659994011582613,SANTA ANITA,619.724,606.873,509.668,Previo al Inicio,1
2022223152520300111,2309,A,Hombre,0.511265009873867,SANTA ANITA,625.576,675.799,698.866,Satisfactorio,0
2022223152520300112,2309,A,Hombre,1.38834399959482,SANTA ANITA,616.275,478.793,553.828,En inicio,1
2022223032797300101,244,A,Mujer,0.695084464942905,CHORRILLOS,530.597,373.988,451.076,Previo al Inicio,1
2022223032797300102,244,A,Hombre,0.451385742063945,CHORRILLOS,516.8, ,464.136,Previo al Inicio,1
2022223032797300103,244,A,Hombre,0.858002186949276,CHORRILLOS,591.637,524.572,508.369,Previo al Inicio,1
2022223032797300104,244,A,Hombre,0.0351387839383682,CHORRILLOS,692.221,507.984,693.887,Satisfactorio,0
2022223032797300105,244,A,Hombre,0.0106393803548539,CHORRILLOS,589.604,401.25,578.29,En inicio,1
2022223032797300106,244,A,Hombre,0.416315288852724,CHORRILLOS,616.521,584.626,679.239,Satisfactorio,0
2022223032797300107,244,A,Mujer,1.27672176645114,CHORRILLOS,580.181,582.054,465.796,Previo al Inicio,1
2022223032797300108,244,A,Mujer,0.996795141442689,CHORRILLOS,577.347, ,593.515,En inicio,1
2022223032797300109,244,A,Hombre,1.50411158424115,CHORRILLOS,550.985,399.964,531.82,En inicio,1
2022223032797300110,244,A,Mujer,0.135293839453606,CHORRILLOS,538.666, ,472.001,Previo al Inicio,1
2022223032797300111,244,A,Mujer, ,CHORRILLOS,545.195,329.237,488.526,Previo al Inicio,1
2022223032797300112,244,A,Mujer, ,CHORRILLOS,555.789,448.701,554.189,En inicio,1
2022223151189800101,2290,A,Hombre,0.132625960453905,CHORRILLOS,654.648,564.565,623.316,En proceso,0
2022223151189800102,2290,A,Mujer,1.38834399959482,CHORRILLOS,708.851,604.558,693.887,Satisfactorio,0
2022223151189800103,2290,A,Mujer,0.508060294526166,CHORRILLOS,665.242,648.023,535.717,En inicio,1
2022223151189800104,2290,A,Hombre,-0.390727284518786,CHORRILLOS,523.083,239.35,488.886,Previo al Inicio,1
2022223151189800105,2290,A,Mujer,-0.151388520911883,CHORRILLOS,669.8,595.556,655.715,Satisfactorio,0
2022223151189800106,2290,A,Mujer,-0.0092517507664565,CHORRILLOS,558.13,463.876,516.811,Previo al Inicio,1
2022223151189800107,2290,A,Mujer,0.747560345832087,CHORRILLOS,609.007,506.44,531.82,En inicio,1
2022223151189800108,2290,A,Mujer,1.06954959939979,CHORRILLOS,551.354,449.987,479.362,Previo al Inicio,1
2022223151189800109,2290,A,Hombre,0.911503945046891,CHORRILLOS,538.112,245.522,524.46,En inicio,1
2022223151189800110,2290,A,Mujer,0.761982214310145,CHORRILLOS,588.989,566.623,631.326,En proceso,0
2022223151189800111,2290,A,Mujer,0.536722423468289,CHORRILLOS,605.681,550.934,623.316,En proceso,0
2022223151189800112,2290,A,Mujer,1.22449942461106,CHORRILLOS,634.63,606.873,588.897,En inicio,1
2022223151189800113,2290,A,Mujer,0.168383211351318,CHORRILLOS,604.264,544.89,561.116,En inicio,1
2022223151189800114,2290,A,Mujer,0.49998859024315,CHORRILLOS,625.576,582.054,622.09,En proceso,0
2022223151189800115,2290,A,Hombre,1.10935999773182,CHORRILLOS,581.967, ,609.823,En proceso,0
2022223151189800116,2290,A,Hombre,1.15226766921737,CHORRILLOS,701.398,759.257,623.316,En proceso,0
2022223151189800117,2290,A,Mujer,0.770257251974772,CHORRILLOS,617.137,572.924,588.897,En inicio,1
2022223151189800118,2290,A,Mujer,0.894812526634075,CHORRILLOS,568.478,503.868,587.021,En inicio,1
2022223151189800119,2290,A,Mujer,1.01584246043973,CHORRILLOS,667.46,584.626,622.09,En proceso,0
2022223151189800120,2290,A,Mujer,-0.271964380985866,CHORRILLOS,536.079,326.151,432.459,Previo al Inicio,1
2022223151189800121,2290,A,Hombre,0.864859797032619,CHORRILLOS,605.681,557.107,623.316,En proceso,0
2022223151189800122,2290,A,Hombre,-0.0560537656405486,CHORRILLOS,578.949,661.782,550.22,En inicio,1
2022223151189800123,2290,A,Hombre,0.378083713711356,CHORRILLOS,519.633, ,500.72,Previo al Inicio,1
2022223151189800124,2290,A,Mujer, ,CHORRILLOS,575.068,463.876,468.971,Previo al Inicio,1
2022223151189800125,2290,A,Mujer, ,CHORRILLOS,542.362,448.701,554.189,En inicio,1
2022223151189800126,2290,A,Mujer, ,CHORRILLOS,593.115,560.321,706.081,Satisfactorio,0
2022223153517800101,2334,A,Mujer,0.837071522427574,CHORRILLOS,664.626,363.701,472.939,Previo al Inicio,1
2022223153517800102,2334,A,Hombre,0.984723640460577,CHORRILLOS,654.463,682.1,676.208,Satisfactorio,0
2022223153517800103,2334,A,Mujer,0.499056908520588,CHORRILLOS,547.782,452.816,535.717,En inicio,1
2022223153517800104,2334,A,Mujer,0.513415153093909,CHORRILLOS,680.333,661.782,679.239,Satisfactorio,0
2022223153517800105,2334,A,Hombre,0.583843496826632,CHORRILLOS,719.815,643.908,669.497,Satisfactorio,0
2022223153517800106,2334,A,Mujer,0.925929938060494,CHORRILLOS,613.01,422.725,567.25,En inicio,1
2022223153517800107,2334,A,Hombre,0.677328180018191,CHORRILLOS,692.221,703.447,740.356,Satisfactorio,0
2022223153517800108,2334,A,Hombre,1.57533405934262,CHORRILLOS,575.438,396.235,527.13,En inicio,1
2022223153517800109,2334,A,Mujer,0.774522046101789,CHORRILLOS,523.083,473.777,569.775,En inicio,1
2022223153517800110,2334,A,Hombre,0.251913070397898,CHORRILLOS,548.891,524.572,599.793,En proceso,0
2022223153517800111,2334,A,Mujer,0.236553758122673,CHORRILLOS,605.681,507.984,686.599,Satisfactorio,0
2022223153517800112,2334,A,Hombre,0.763138795178974,CHORRILLOS,593.547,523.801,559.601,En inicio,1
2022223153517800113,2334,A,Hombre,0.891730404041528,CHORRILLOS,589.604,487.408,518.471,Previo al Inicio,1
2022223153517800114,2334,A,Hombre,0.815835350738498,CHORRILLOS,625.576,478.793,679.239,Satisfactorio,0
2022223153517800115,2334,A,Mujer,1.08186970411168,CHORRILLOS,637.155,473.777,599.793,En proceso,0
2022223153517800116,2334,A,Hombre,0.940018617337756,CHORRILLOS,605.681,611.502,658.024,Satisfactorio,0
2022223153517800117,2334,A,Mujer,0.641818957711362,CHORRILLOS,564.844,421.439,588.897,En inicio,1
2022223153517800118,2334,A,Hombre,-0.530898039334331,CHORRILLOS,703.061,707.819,656.509,Satisfactorio,0
2022223153517800119,2334,A,Mujer,0.339838331586682,CHORRILLOS,575.746,428.769,470.414,Previo al Inicio,1
2022223153517800120,2334,A,Hombre,1.3606973037643,CHORRILLOS,619.478,560.321,684.795,Satisfactorio,0
2022223153517800121,2334,A,Hombre,0.211730887931231,CHORRILLOS,675.467,600.571,782.785,Satisfactorio,0
2022223153517800122,2334,A,Mujer,0.712732828025992,CHORRILLOS,678.116,524.572,676.208,Satisfactorio,0
2022223153517800123,2334,A,Hombre,0.834598638548265,CHORRILLOS,636.416,465.29,634.357,En proceso,0
2022223153517800124,2334,A,Mujer,0.298530988488485,CHORRILLOS,694.931,585.269,662.498,Satisfactorio,0
2022223153517800125,2334,A,Hombre,0.723759280236774,CHORRILLOS,647.01,770.445,684.795,Satisfactorio,0
2022223153517800126,2334,A,Mujer,-0.665920984310334,CHORRILLOS,551.539,458.603,575.909,En inicio,1
2022223153517800127,2334,A,Hombre,0.598228653312161,CHORRILLOS,757.203,734.31,774.703,Satisfactorio,0
2022223153517800128,2334,A,Mujer,0.839693018061717,CHORRILLOS,654.956,545.404,595.896,En inicio,1
2022223153517800129,2334,A,Hombre,1.38236575062598,CHORRILLOS,575.746,595.556,599.721,En proceso,0
2022223153517800130,2334,A,Mujer,0.220638535090124,CHORRILLOS,683.536,564.308,620.286,En proceso,0
2022223153517800131,2334,A,Mujer,0.635686949896545,CHORRILLOS,687.601,675.799,703.772,Satisfactorio,0
2022223153517800132,2334,A,Hombre,0.708691728132561,CHORRILLOS,617.137,519.043,646.479,En proceso,0
2022223153517800133,2334,A,Mujer,1.45446683075709,CHORRILLOS,636.416,536.017,544.231,En inicio,1
2022223153517800134,2334,A,Mujer,1.44969083484387,CHORRILLOS,568.108,545.404,542.211,En inicio,1
2022223153517800135,2334,A,Hombre,-1.36595821616928,CHORRILLOS,542.362,550.934,519.048,Previo al Inicio,1
2022223030577100101,190,A,Hombre,1.70691012096959,MIRAFLORES,792.127,804.394,684.795,Satisfactorio,0
2022223030577100102,190,A,Hombre,1.38521678055048,MIRAFLORES,701.398,595.556,658.024,Satisfactorio,0
2022223030577100103,190,A,Mujer,1.15359872143052,MIRAFLORES,601.184,585.269,621.44,En proceso,0
2022223030577100104,190,A,Hombre,0.83493890487394,MIRAFLORES,703.061,627.448,587.021,En inicio,1
2022223030577100105,190,A,Mujer,0.992454769351359,MIRAFLORES,583.507,539.489,515.585,Previo al Inicio,1
2022223030577100106,190,A,Hombre,1.1729733582599,MIRAFLORES,683.536,702.418,781.919,Satisfactorio,0
2022223030577100107,190,A,Hombre,0.722892837176243,MIRAFLORES,664.626,690.202,645.613,En proceso,0
2022223030577100108,190,A,Hombre,0.926557816965215,MIRAFLORES,571.865,550.934,588.897,En inicio,1
2022223030577100109,190,A,Mujer,1.3616276562206,MIRAFLORES,575.438, ,569.631,En inicio,1
2022223030577100110,190,A,Mujer,1.2805981956933,MIRAFLORES,655.818,627.448,533.336,En inicio,1
2022223030577100111,190,A,Mujer,0.714743208133173,MIRAFLORES,628.039,539.489,580.743,En inicio,1
2022223030577100112,190,A,Hombre,0.986037728502556,MIRAFLORES,701.398,815.967,671.59,Satisfactorio,0
2022223030577100113,190,A,Hombre,0.925783554219362,MIRAFLORES,609.007,635.806,599.288,En proceso,0
2022223030577100114,190,A,Hombre,1.37508801397155,MIRAFLORES,703.061,572.924,645.036,En proceso,0
2022223030577100115,190,A,Mujer,1.30342272676025,MIRAFLORES,694.931,707.819,610.544,En proceso,0
2022223030577100116,190,A,Mujer,1.46490204472404,MIRAFLORES,699.674,814.81,669.497,Satisfactorio,0
2022223030577100117,190,A,Mujer,1.70691012096959,MIRAFLORES,687.601,854.288,723.977,Satisfactorio,0
2022223030577100118,190,A,Mujer,1.31640766847357,MIRAFLORES,601.184,409.223,660.55,Satisfactorio,0
2022223030577100119,190,A,Hombre,0.126070011265984,MIRAFLORES,596.873,545.404,587.021,En inicio,1
2022223030577100120,190,A,Mujer,1.4922259737332,MIRAFLORES,667.46,550.934,599.721,En proceso,0
2022223030577100121,190,A,Hombre,1.57036156470664,MIRAFLORES,611.347,463.876,609.823,En proceso,0
2022223030577100122,190,A,Hombre,0.579252415971046,MIRAFLORES,645.409,584.626,645.613,En proceso,0
2022223030577100123,190,A,Mujer,1.33766331471788,MIRAFLORES,586.155, ,599.288,En proceso,0
2022223030577100124,190,A,Hombre,0.518662581640353,MIRAFLORES,654.956, ,614.441,En proceso,0
2022223030577100125,190,A,Hombre,1.45384470677218,MIRAFLORES,667.46,566.623,599.721,En proceso,0
2022223030577100201,190,B,Hombre,1.54621074731079,MIRAFLORES,686.369,539.489,578.29,En inicio,1
2022223030577100202,190,B,Mujer,1.64793970861544,MIRAFLORES,645.039, ,610.544,En proceso,0
2022223030577100203,190,B,Hombre,1.59030649505067,MIRAFLORES,619.478,399.964,631.326,En proceso,0
2022223030577100204,190,B,Mujer,1.4151937658415,MIRAFLORES,737.862,619.089,686.599,Satisfactorio,0
2022223030577100205,190,B,Mujer,1.42833400147764,MIRAFLORES,729.424,707.819,740.356,Satisfactorio,0
2022223030577100206,190,B,Hombre,1.66481095789996,MIRAFLORES,554.68,448.701,535.717,En inicio,1
2022223030577100207,190,B,Hombre,1.51580203220139,MIRAFLORES,645.039,519.043,599.721,En proceso,0
2022223030577100208,190,B,Hombre,1.66056389405605,MIRAFLORES,611.347,600.571,571.651,En inicio,1
2022223030577100209,190,B,Mujer,1.02764581773877,MIRAFLORES,717.659,690.202,645.613,En proceso,0
2022223030577100210,190,B,Hombre,1.25827312521707,MIRAFLORES,578.949,529.33,540.984,En inicio,1
2022223030577100211,190,B,Hombre,1.25910474367094,MIRAFLORES,636.416, ,614.441,En proceso,0
2022223030577100212,190,B,Hombre,1.69868087842033,MIRAFLORES,807.156,874.22,723.111,Satisfactorio,0
2022223030577100213,190,B,Hombre,1.81381988359852,MIRAFLORES,719.815,713.606,643.088,En proceso,0
2022223030577100214,190,B,Hombre,1.26763462781884,MIRAFLORES,687.601,875.892,723.977,Satisfactorio,0
2022223030577100215,190,B,Mujer,1.73716012612805,MIRAFLORES,802.721,961.793,830.193,Satisfactorio,0
2022223030577100216,190,B,Mujer,1.16303191206444,MIRAFLORES,676.453,529.33,645.036,En proceso,0
2022223030577100217,190,B,Hombre,1.45441283780184,MIRAFLORES,761.268,707.819,723.111,Satisfactorio,0
2022223030577100218,190,B,Mujer,1.21830995268342,MIRAFLORES,699.674,814.81,781.919,Satisfactorio,0
2022223030577100219,190,B,Hombre,1.02736057386616,MIRAFLORES,687.601,749.998,703.772,Satisfactorio,0
2022223030577100220,190,B,Hombre,1.49508852448402,MIRAFLORES,678.116,578.453,610.111,En proceso,0
2022223030577100221,190,B,Hombre,1.81381988359852,MIRAFLORES,686.369,690.202,679.599,Satisfactorio,0
2022223030577100222,190,B,Mujer,1.48724033495663,MIRAFLORES,680.333,643.908,755.726,Satisfactorio,0
2022223030577100223,190,B,Mujer,1.65312050993972,MIRAFLORES,683.536,776.489,643.088,En proceso,0
2022223030577100224,190,B,Mujer,1.11957843710982,MIRAFLORES,737.862,874.22,837.625,Satisfactorio,0
2022223030577100225,190,B,Mujer,1.01426214348808,MIRAFLORES,625.699,604.558,660.55,Satisfactorio,0
2022223030577100226,190,B,Hombre,0.7400149971313,MIRAFLORES,813.623,673.999,758.612,Satisfactorio,0
2022223030577100227,190,B,Mujer,1.01651686866306,MIRAFLORES,560.532,588.612,634.357,En proceso,0
2022223032939100101,245,A,Hombre,1.61070182199813,MIRAFLORES,680.333,578.453,647.706,En proceso,0
2022223032939100102,245,A,Hombre,0.89872619754329,MIRAFLORES,637.155,635.806,553.828,En inicio,1
2022223032939100103,245,A,Mujer,0.840937533249608,MIRAFLORES,645.409,507.984,593.876,En inicio,1
2022223032939100104,245,A,Hombre,0.955581207213967,MIRAFLORES,564.844,483.936,513.492,Previo al Inicio,1
2022223032939100105,245,A,Mujer,1.54627427270927,MIRAFLORES,636.416,525.601,569.631,En inicio,1
2022223032939100106,245,A,Mujer,1.11981647686876,MIRAFLORES,667.46,682.1,589.33,En inicio,1
2022223032939100107,245,A,Hombre,0.690138666437532,MIRAFLORES,647.01,702.418,669.497,Satisfactorio,0
2022223032939100108,245,A,Hombre,1.17915562240683,MIRAFLORES,636.724,611.502,584.784,En inicio,1
2022223032939100109,245,A,Mujer,0.980392222967702,MIRAFLORES,678.116,550.934,646.479,En proceso,0
2022223032939100110,245,A,Mujer,1.13536986519188,MIRAFLORES,627.916,543.861,634.357,En proceso,0
2022223032939100111,245,A,Mujer,1.07192172827689,MIRAFLORES,680.333,675.799,622.09,En proceso,0
2022223032939100112,245,A,Mujer,0.419224939407135,MIRAFLORES,575.13,539.489,562.704,En inicio,1
2022223032939100113,245,A,Mujer,1.04692871051155,MIRAFLORES,654.648,515.313,593.876,En inicio,1
2022223032939100114,245,A,Hombre,0.82810130952132,MIRAFLORES,609.007,566.623,621.44,En proceso,0
2022223032939100115,245,A,Hombre,1.66481095789996,MIRAFLORES,611.902,595.556,587.021,En inicio,1
2022223032939100116,245,A,Hombre,0.865582831288102,MIRAFLORES,599.521,564.308,589.33,En inicio,1
2022223032939100117,245,A,Mujer,1.20003313870945,MIRAFLORES,669.8,605.587,655.715,Satisfactorio,0
2022223032939100118,245,A,Hombre,0.597407223374882,MIRAFLORES,664.626,519.043,499.782,Previo al Inicio,1
2022223032939100119,245,A,Mujer,1.33972189007602,MIRAFLORES,654.463,600.571,714.74,Satisfactorio,0
2022223032939100201,245,B,Hombre,0.972470348019844,MIRAFLORES,687.601,739.582,686.599,Satisfactorio,0
2022223032939100202,245,B,Hombre,1.25829768027675,MIRAFLORES,571.865,363.701,455.766,Previo al Inicio,1
2022223032939100203,245,B,Mujer,1.31679352318318,MIRAFLORES,663.395, ,518.182,Previo al Inicio,1
2022223032939100204,245,B,Hombre,1.22764462593601,MIRAFLORES,807.156,600.571,679.239,Satisfactorio,0
2022223032939100205,245,B,Hombre,1.64793970861544,MIRAFLORES,647.01,566.623,669.497,Satisfactorio,0
2022223032939100206,245,B,Mujer,1.55790119527103,MIRAFLORES,636.724,507.984,575.909,En inicio,1
2022223032939100207,245,B,Mujer,0.0660968346895954,MIRAFLORES,654.463,629.634,610.111,En proceso,0
2022223032939100208,245,B,Hombre,1.22764462593601,MIRAFLORES,688.895,564.565,656.509,Satisfactorio,0
2022223032939100209,245,B,Mujer,1.06119635641274,MIRAFLORES,645.039,582.054,560.395,En inicio,1
2022223032939100210,245,B,Hombre,0.38267650551319,MIRAFLORES,548.891,336.824,536.438,En inicio,1
2022223032939100211,245,B,Hombre,1.30540391210327,MIRAFLORES,636.724,635.806,686.599,Satisfactorio,0
2022223032939100212,245,B,Mujer,1.02668185895681,MIRAFLORES,692.221,643.908,646.479,En proceso,0
2022223032939100213,245,B,Hombre,1.26065326534927,MIRAFLORES,740.264,606.873,656.509,Satisfactorio,0
2022223032939100214,245,B,Mujer,1.3722954750634,MIRAFLORES,523.083,468.248,430.222,Previo al Inicio,1
2022223032939100215,245,B,Mujer,1.45598069730816,MIRAFLORES,699.674,713.606,702.185,Satisfactorio,0
2022223032939100216,245,B,Mujer,0.368253494889313,MIRAFLORES,628.471,578.453,723.977,Satisfactorio,0
2022223032939100217,245,B,Hombre,1.49893078291687,MIRAFLORES,733.612,644.036,730.832,Satisfactorio,0
2022223032939100218,245,B,Mujer,0.712491035252104,MIRAFLORES,619.724,595.556,500.72,Previo al Inicio,1
2022223032939100219,245,B,Hombre,0.568611831928666,MIRAFLORES,583.507, ,551.231,En inicio,1
2022223032939100220,245,B,Hombre,1.65312050993972,MIRAFLORES,669.8,734.438,836.976,Satisfactorio,0
2022223032939100221,245,B,Mujer,0.953573055482077,MIRAFLORES,654.648,582.054,558.735,En inicio,1
2022223105682900201,1475,B,Hombre,1.48949506013161,MIRAFLORES,768.105,734.31,846.284,Satisfactorio,0
2022223105682900202,1475,B,Mujer,0.799780917847066,MIRAFLORES,545.195,442.658,524.46,En inicio,1
2022223105682900203,1475,B,Mujer,1.38834399959482,MIRAFLORES,645.409, ,533.552,En inicio,1
2022223105682900204,1475,B,Mujer,1.22764462593601,MIRAFLORES,657.789, ,702.185,Satisfactorio,0
2022223105682900205,1475,B,Mujer,1.4102689639907,MIRAFLORES,678.116,627.448,676.208,Satisfactorio,0
2022223105682900206,1475,B,Hombre,1.57533405934262,MIRAFLORES,568.478,478.793,518.471,Previo al Inicio,1
2022223105682900207,1475,B,Hombre,1.7324476556133,MIRAFLORES,680.333,600.571,647.706,En proceso,0
2022223105682900208,1475,B,Hombre,1.14359374983658,MIRAFLORES,647.01, ,562.704,En inicio,1
2022223105682900209,1475,B,Hombre,1.34305409208237,MIRAFLORES,737.862,699.332,749.015,Satisfactorio,0
2022223105682900210,1475,B,Hombre,1.73716012612805,MIRAFLORES,634.63,564.308,660.55,Satisfactorio,0
2022223105682900211,1475,B,Mujer,1.59030649505067,MIRAFLORES,665.242,675.799,697.062,Satisfactorio,0
2022223105682900212,1475,B,Hombre,1.43920580012939,MIRAFLORES,616.521,582.054,506.781,Previo al Inicio,1
2022223105682900213,1475,B,Mujer,1.29089552641173,MIRAFLORES,622.188, ,738.769,Satisfactorio,0
2022223105682900214,1475,B,Mujer,1.66481095789996,MIRAFLORES,654.648,611.502,703.772,Satisfactorio,0
2022223105682900215,1475,B,Mujer,1.16741528159771,MIRAFLORES,644.177,486.765,550.22,En inicio,1
2022223105682900216,1475,B,Hombre,1.15690872089074,MIRAFLORES,688.895,707.819,733.934,Satisfactorio,0
2022223105682900217,1475,B,Hombre,1.42668104524257,MIRAFLORES,655.818,605.587,647.706,En proceso,0
2022223105682900218,1475,B,Hombre,0.390691384333469,MIRAFLORES,657.789,519.043,587.743,En inicio,1
2022223105682900219,1475,B,Hombre,1.73624173968973,MIRAFLORES,605.681,536.017,584.784,En inicio,1
2022223105682900220,1475,B,Mujer,1.81381988359852,MIRAFLORES,557.883,399.964,633.563,En proceso,0
2022223105682900221,1475,B,Mujer,1.7324476556133,MIRAFLORES,665.242,507.984,604.988,En proceso,0
2022223105682900222,1475,B,Hombre,1.57036156470664,MIRAFLORES,655.818,707.819,723.111,Satisfactorio,0
2022223105682900223,1475,B,Hombre,1.48431425880733,MIRAFLORES,719.815,970.538,643.088,En proceso,0
2022223105682900224,1475,B,Hombre,1.54627427270927,MIRAFLORES,664.626,362.286,723.977,Satisfactorio,0
2022223105682900225,1475,B,Mujer,0.478318122011959,MIRAFLORES,593.547,600.571,633.563,En proceso,0
2022223105682900226,1475,B,Mujer,1.34305409208237,MIRAFLORES,645.409,759.257,645.036,En proceso,0
2022223105682900227,1475,B,Mujer,1.57533405934262,MIRAFLORES,625.576,550.934,599.721,En proceso,0
2022223105682900228,1475,B,Hombre,1.70697364636807,MIRAFLORES,523.267,483.936,536.438,En inicio,1
2022223105682900229,1475,B,Mujer,1.81381988359852,MIRAFLORES,664.626,564.565,603.329,En proceso,0
2022223105682900301,1475,C,Mujer,1.06201299085812,MIRAFLORES,703.061,749.998,595.896,En inicio,1
2022223105682900302,1475,C,Hombre,1.48136412887391,MIRAFLORES,635,557.107,698.866,Satisfactorio,0
2022223105682900303,1475,C,Hombre,1.51580203220139,MIRAFLORES,657.789,588.612,702.185,Satisfactorio,0
2022223105682900304,1475,C,Hombre,1.57646075246924,MIRAFLORES,620.586,595.556,593.876,En inicio,1
2022223105682900305,1475,C,Hombre,0.021756191577214,MIRAFLORES,654.463,585.269,599.288,En proceso,0
2022223105682900306,1475,C,Hombre,1.66481095789996,MIRAFLORES,688.895,650.723,645.036,En proceso,0
2022223105682900307,1475,C,Mujer,1.31109710381155,MIRAFLORES,694.931,854.288,622.09,En proceso,0
2022223105682900308,1475,C,Mujer,1.31470290050037,MIRAFLORES,619.478,557.107,571.651,En inicio,1
2022223105682900310,1475,C,Hombre,1.42632513364405,MIRAFLORES,686.369, ,595.608,En inicio,1
2022223105682900311,1475,C,Mujer,1.26861709587902,MIRAFLORES,627.916,503.868,614.441,En proceso,0
2022223105682900312,1475,C,Mujer,1.3714727503103,MIRAFLORES,607.898,544.89,569.775,En inicio,1
2022223105682900313,1475,C,Mujer,1.50411158424115,MIRAFLORES,603.586,519.043,536.438,En inicio,1
2022223105682900314,1475,C,Hombre,1.48247834598342,MIRAFLORES,564.72, ,482.104,Previo al Inicio,1
2022223105682900315,1475,C,Mujer,1.24019843765109,MIRAFLORES,634.63,635.806,633.563,En proceso,0
2022223105682900316,1475,C,Mujer,1.61353583152867,MIRAFLORES,688.895,486.765,614.441,En proceso,0
2022223105682900317,1475,C,Mujer,1.50411158424115,MIRAFLORES,645.039, ,634.357,En proceso,0
2022223105682900318,1475,C,Mujer,1.33823140925807,MIRAFLORES,699.674, ,781.919,Satisfactorio,0
2022223105682900319,1475,C,Mujer,1.73931542074924,MIRAFLORES,810.359,713.606,658.024,Satisfactorio,0
2022223105682900320,1475,C,Hombre,1.33823140925807,MIRAFLORES,802.721,815.967,774.703,Satisfactorio,0
2022223105682900322,1475,C,Hombre,1.64793970861544,MIRAFLORES,655.818,643.908,809.051,Satisfactorio,0
2022223105682900323,1475,C,Hombre,1.33823140925807,MIRAFLORES,699.674,776.489,684.795,Satisfactorio,0
2022223105682900324,1475,C,Hombre,1.81381988359852,MIRAFLORES,571.373,564.565,658.024,Satisfactorio,0
2022223105682900325,1475,C,Mujer, ,MIRAFLORES,699.858,713.606,629.738,En proceso,0
2022223105682900326,1475,C,Hombre,1.59030649505067,MIRAFLORES,703.061,875.892,697.062,Satisfactorio,0
2022223105682900327,1475,C,Mujer,1.81381988359852,MIRAFLORES,761.268,722.222,809.051,Satisfactorio,0
2022223105682900328,1475,C,Mujer,0.976389001417601,MIRAFLORES,699.674,595.556,722.678,Satisfactorio,0
2022223105682900329,1475,C,Mujer,1.30183416183781,MIRAFLORES,591.637,679.528,623.316,En proceso,0
2022223105682900330,1475,C,Mujer,1.36424049799658,MIRAFLORES,634.63,525.601,610.111,En proceso,0
2022223105682900331,1475,C,Hombre,1.22246382461173,MIRAFLORES,636.416, ,634.357,En proceso,0
2022223105682900401,1475,D,Hombre,-1.56313906814695,MIRAFLORES,575.438,386.59,614.441,En proceso,0
2022223105682900402,1475,D,Mujer,-1.87178678877999,MIRAFLORES,560.532,654.067,579.444,En inicio,1
2022223105682900403,1475,D,Mujer,1.39935711623341,MIRAFLORES,657.789,648.023,655.715,Satisfactorio,0
2022223105682900404,1475,D,Mujer,1.4189252528788,MIRAFLORES,717.659,588.612,623.316,En proceso,0
2022223105682900405,1475,D,Hombre,1.49893078291687,MIRAFLORES,665.674,595.556,714.74,Satisfactorio,0
2022223105682900406,1475,D,Mujer,1.17105383573683,MIRAFLORES,740.264,653.681,713.947,Satisfactorio,0
2022223105682900407,1475,D,Mujer,1.4222710254464,MIRAFLORES,732.996,703.447,610.544,En proceso,0
2022223105682900408,1475,D,Mujer,1.81381988359852,MIRAFLORES,709.713,628.476,646.696,En proceso,0
2022223105682900409,1475,D,Mujer,1.65019443379042,MIRAFLORES,645.409, ,603.329,En proceso,0
2022223105682900410,1475,D,Hombre,1.48268165761727,MIRAFLORES,634.63,864.704,830.193,Satisfactorio,0
2022223105682900411,1475,D,Mujer,1.64793970861544,MIRAFLORES,686.369,670.398,679.599,Satisfactorio,0
2022223105682900412,1475,D,Hombre,1.24216061857361,MIRAFLORES,635,739.582,679.239,Satisfactorio,0
2022223105682900413,1475,D,Mujer,1.50411158424115,MIRAFLORES,657.789,584.626,643.088,En proceso,0
2022223105682900414,1475,D,Hombre,1.81381988359852,MIRAFLORES,636.724,628.476,686.599,Satisfactorio,0
2022223105682900415,1475,D,Mujer,1.65312050993972,MIRAFLORES,654.463,648.023,676.208,Satisfactorio,0
2022223105682900416,1475,D,Mujer,1.34367621606728,MIRAFLORES,575.438,545.404,481.959,Previo al Inicio,1
2022223105682900417,1475,D,Hombre,1.59030649505067,MIRAFLORES,583.507,507.984,589.33,En inicio,1
2022223105682900418,1475,D,Hombre,1.37665355163458,MIRAFLORES,555.358,443.558,510.317,Previo al Inicio,1
2022223105682900419,1475,D,Mujer,1.6548695117045,MIRAFLORES,636.724,544.89,613.07,En proceso,0
2022223105682900420,1475,D,Mujer,1.81381988359852,MIRAFLORES,665.674,713.606,559.601,En inicio,1
2022223105682900421,1475,D,Hombre,1.73624173968973,MIRAFLORES,636.416,578.453,604.988,En proceso,0
2022223105682900422,1475,D,Mujer,1.45598069730816,MIRAFLORES,591.452, ,599.721,En proceso,0
2022223105682900423,1475,D,Mujer,1.47790566170404,MIRAFLORES,683.536,670.398,722.678,Satisfactorio,0
2022223105682900424,1475,D,Hombre,1.21603515196393,MIRAFLORES,664.626,776.489,749.015,Satisfactorio,0
2022223105682900425,1475,D,Hombre,1.21851764968286,MIRAFLORES,708.851,770.445,714.74,Satisfactorio,0
2022223105682900426,1475,D,Hombre, ,MIRAFLORES,628.471,560.321,778.528,Satisfactorio,0
2022223105682900427,1475,D,Hombre, ,MIRAFLORES,545.195,409.223,527.274,En inicio,1
2022223105682900428,1475,D,Hombre, ,MIRAFLORES,555.789,524.572,667.477,Satisfactorio,0
2022223069013100101,1065,A,Hombre,1.21705370667256,SAN BORJA,655.818,675.799,551.231,En inicio,1
2022223069013100102,1065,A,Hombre,1.13251121919904,SAN BORJA,657.789,604.558,571.651,En inicio,1
2022223069013100103,1065,A,Hombre,0.704214545339027,SAN BORJA,645.409,673.999,567.25,En inicio,1
2022223069013100104,1065,A,Hombre,1.29577473636071,SAN BORJA,654.463,483.808,588.897,En inicio,1
2022223069013100105,1065,A,Mujer,1.66481095789996,SAN BORJA,596.873,507.984,604.988,En proceso,0
2022223069013100106,1065,A,Hombre,1.03135345405607,SAN BORJA,645.039,503.868,679.239,Satisfactorio,0
2022223069013100107,1065,A,Hombre,1.66481095789996,SAN BORJA,628.039,525.601,580.743,En inicio,1
2022223069013100108,1065,A,Hombre,1.81381988359852,SAN BORJA,605.681,582.054,603.329,En proceso,0
2022223069013100109,1065,A,Hombre,1.33277758806636,SAN BORJA,654.463,578.453,578.867,En inicio,1
2022223069013100110,1065,A,Hombre,1.54589913381533,SAN BORJA,582.46,661.782,697.062,Satisfactorio,0
2022223069013100111,1065,A,Hombre,0.942659671222045,SAN BORJA,655.818,619.089,610.544,En proceso,0
2022223069013100112,1065,A,Mujer,1.7324476556133,SAN BORJA,611.347,564.308,571.651,En inicio,1
2022223069013100113,1065,A,Mujer,1.23933507389625,SAN BORJA,664.626,627.448,623.316,En proceso,0
2022223069013100114,1065,A,Mujer,1.38834399959482,SAN BORJA,708.851,628.476,693.887,Satisfactorio,0
2022223069013100115,1065,A,Hombre,1.37478998315154,SAN BORJA,719.692,771.088,758.612,Satisfactorio,0
2022223069013100116,1065,A,Mujer,1.20661950472318,SAN BORJA,625.576,611.502,622.09,En proceso,0
2022223069013100117,1065,A,Hombre,0.92584424527617,SAN BORJA,568.478,398.55,590.124,En inicio,1
2022223069013100118,1065,A,Hombre,0.766331270106532,SAN BORJA,564.72,564.308,634.14,En proceso,0
2022223069013100119,1065,A,Mujer,0.570256920869366,SAN BORJA,601.184,564.565,513.492,Previo al Inicio,1
2022223069013100120,1065,A,Hombre,1.51668574007649,SAN BORJA,526.84,373.988,438.881,Previo al Inicio,1
2022223069013100121,1065,A,Hombre, ,SAN BORJA,530.104,409.223,568.116,En inicio,1
2022223030560700101,189,A,Mujer,1.31028900445083,SANTIAGO DE SURCO,657.789,600.571,643.088,En proceso,0
2022223030560700102,189,A,Mujer,1.5955202686916,SANTIAGO DE SURCO,654.648,635.806,593.876,En inicio,1
2022223030560700103,189,A,Hombre,1.24819289591366,SANTIAGO DE SURCO,571.865,443.686,559.601,En inicio,1
2022223030560700104,189,A,Mujer,1.23307064839392,SANTIAGO DE SURCO,665.242,483.936,527.13,En inicio,1
2022223030560700105,189,A,Hombre,1.09537741784736,SANTIAGO DE SURCO,694.931,584.626,634.357,En proceso,0
2022223030560700106,189,A,Hombre,0.761924580848037,SANTIAGO DE SURCO,669.8,539.489,609.823,En proceso,0
2022223030560700107,189,A,Mujer,1.81381988359852,SANTIAGO DE SURCO,886.243,673.999,686.599,Satisfactorio,0
2022223030560700108,189,A,Mujer,1.26232723341473,SANTIAGO DE SURCO,729.424,611.502,588.897,En inicio,1
2022223030560700109,189,A,Mujer,1.73931542074924,SANTIAGO DE SURCO,663.395,643.908,635.583,En proceso,0
2022223030560700110,189,A,Mujer,1.47790566170404,SANTIAGO DE SURCO,616.521,543.861,560.395,En inicio,1
2022223030560700111,189,A,Hombre,0.788406418800722,SANTIAGO DE SURCO,657.789,605.587,631.326,En proceso,0
2022223030560700112,189,A,Mujer,1.31076585568602,SANTIAGO DE SURCO,664.626,749.998,658.024,Satisfactorio,0
2022223030560700113,189,A,Hombre,1.65312050993972,SANTIAGO DE SURCO,678.116,623.718,569.126,En inicio,1
2022223030560700114,189,A,Mujer,1.3380192263164,SANTIAGO DE SURCO,768.105,804.394,697.062,Satisfactorio,0
2022223030560700115,189,A,Mujer,1.69490805951389,SANTIAGO DE SURCO,635,619.089,662.498,Satisfactorio,0
2022223030560700116,189,A,Hombre,1.57134347654344,SANTIAGO DE SURCO,719.815,606.873,684.795,Satisfactorio,0
2022223030560700117,189,A,Mujer,1.62461950654605,SANTIAGO DE SURCO,664.626,564.565,623.316,En proceso,0
2022223030560700118,189,A,Mujer,1.53735292529338,SANTIAGO DE SURCO,692.221,628.476,633.563,En proceso,0
2022223030560700119,189,A,Hombre,1.66481095789996,SANTIAGO DE SURCO,719.692,771.088,846.284,Satisfactorio,0
2022223030560700120,189,A,Mujer,1.65233465150679,SANTIAGO DE SURCO,711.992,566.623,662.498,Satisfactorio,0
2022223030560700121,189,A,Hombre,1.3714727503103,SANTIAGO DE SURCO,568.478,643.908,609.823,En proceso,0
2022223030560700122,189,A,Mujer,1.81381988359852,SANTIAGO DE SURCO,675.467,653.681,634.14,En proceso,0
2022223030560700123,189,A,Hombre,1.21845306601899,SANTIAGO DE SURCO,571.865,448.701,646.479,En proceso,0
2022223030560700124,189,A,Mujer,1.40649023095632,SANTIAGO DE SURCO,627.916,519.043,614.441,En proceso,0
2022223030560700125,189,A,Hombre,1.57533405934262,SANTIAGO DE SURCO,545.565,494.61,506.781,Previo al Inicio,1
2022223030560700126,189,A,Hombre, ,SANTIAGO DE SURCO,647.01,690.202,573.022,En inicio,1
2022223030560700127,189,A,Hombre,0.539700310032035,SANTIAGO DE SURCO,645.409,670.398,593.876,En inicio,1
2022223030560700128,189,A,Hombre,1.03125726228948,SANTIAGO DE SURCO,586.155,629.634,610.111,En proceso,0
2022223030560700129,189,A,Mujer,1.52547084074479,SANTIAGO DE SURCO,654.956,703.447,645.036,En proceso,0
2022223030560700130,189,A,Hombre,1.45894346359785,SANTIAGO DE SURCO,732.996,682.1,723.111,Satisfactorio,0
2022223030560700131,189,A,Mujer, ,SANTIAGO DE SURCO,735.645,557.107,614.513,En proceso,0
2022223030560700132,189,A,Hombre, ,SANTIAGO DE SURCO,660.315,722.222,855.881,Satisfactorio,0
2022223030560700133,189,A,Mujer, ,SANTIAGO DE SURCO,645.471,529.33,603.906,En proceso,0
2022223030560700201,189,B,Hombre,1.32681960951478,SANTIAGO DE SURCO,694.931,776.489,647.706,En proceso,0
2022223030560700202,189,B,Mujer,1.81381988359852,SANTIAGO DE SURCO,561.887,544.89,669.497,Satisfactorio,0
2022223030560700203,189,B,Mujer,1.56445869101354,SANTIAGO DE SURCO,717.659,749.998,658.024,Satisfactorio,0
2022223030560700204,189,B,Mujer,1.4102689639907,SANTIAGO DE SURCO,665.674,515.313,693.887,Satisfactorio,0
2022223030560700205,189,B,Hombre,1.81381988359852,SANTIAGO DE SURCO,688.895,635.806,604.988,En proceso,0
2022223030560700206,189,B,Mujer,1.81381988359852,SANTIAGO DE SURCO,732.996,768.902,723.111,Satisfactorio,0
2022223030560700207,189,B,Hombre,1.33152660007439,SANTIAGO DE SURCO,637.155,653.681,684.795,Satisfactorio,0
2022223030560700208,189,B,Hombre,1.48339673242174,SANTIAGO DE SURCO,531.521,487.408,558.735,En inicio,1
2022223030560700209,189,B,Mujer,1.7324476556133,SANTIAGO DE SURCO,708.851,854.288,693.887,Satisfactorio,0
2022223030560700210,189,B,Mujer,1.7324476556133,SANTIAGO DE SURCO,645.409,473.777,634.357,En proceso,0
2022223030560700211,189,B,Mujer,0.608627247768003,SANTIAGO DE SURCO,635,611.502,599.721,En proceso,0
2022223030560700212,189,B,Hombre,1.64793970861544,SANTIAGO DE SURCO,611.347,619.089,643.088,En proceso,0
2022223030560700213,189,B,Hombre,1.6345609527415,SANTIAGO DE SURCO,551.539,401.25,550.293,En inicio,1
2022223030560700214,189,B,Mujer,0.817005293397392,SANTIAGO DE SURCO,802.721,734.438,774.703,Satisfactorio,0
2022223030560700215,189,B,Hombre,1.56656748063022,SANTIAGO DE SURCO,719.692,749.998,733.934,Satisfactorio,0
2022223030560700216,189,B,Hombre,1.56656748063022,SANTIAGO DE SURCO,625.576,494.61,679.239,Satisfactorio,0
2022223030560700217,189,B,Hombre,1.01820702064792,SANTIAGO DE SURCO,628.039,566.623,609.823,En proceso,0
2022223030560700218,189,B,Mujer,1.38312065160417,SANTIAGO DE SURCO,654.648,507.984,634.14,En proceso,0
2022223030560700219,189,B,Mujer,1.34966537617358,SANTIAGO DE SURCO,564.844,483.936,578.867,En inicio,1
2022223030560700220,189,B,Mujer,1.19875763689855,SANTIAGO DE SURCO,611.902,605.587,595.896,En inicio,1
2022223030560700221,189,B,Mujer,1.18075850670676,SANTIAGO DE SURCO,645.039,582.054,723.111,Satisfactorio,0
2022223030560700222,189,B,Mujer,1.16004231051666,SANTIAGO DE SURCO,619.478,409.223,590.124,En inicio,1
2022223030560700223,189,B,Mujer,1.32889673600548,SANTIAGO DE SURCO,765.272,588.612,658.024,Satisfactorio,0
2022223030560700224,189,B,Hombre,1.81381988359852,SANTIAGO DE SURCO,757.203,619.089,693.887,Satisfactorio,0
2022223030560700225,189,B,Hombre,1.53735292529338,SANTIAGO DE SURCO,719.692,707.819,713.947,Satisfactorio,0
2022223030560700226,189,B,Mujer,1.81381988359852,SANTIAGO DE SURCO,616.521,312.006,569.775,En inicio,1
2022223030560700227,189,B,Hombre,1.18089033439153,SANTIAGO DE SURCO,575.13,498.853,722.678,Satisfactorio,0
2022223030560700228,189,B,Mujer,1.18297684240847,SANTIAGO DE SURCO,687.601,734.31,782.785,Satisfactorio,0
2022223030560700229,189,B,Mujer,1.6345609527415,SANTIAGO DE SURCO,757.203,759.257,693.887,Satisfactorio,0
2022223030560700230,189,B,Hombre,1.35294736392139,SANTIAGO DE SURCO,719.692,768.902,733.934,Satisfactorio,0
2022223030560700231,189,B,Hombre,1.32634579875011,SANTIAGO DE SURCO,645.039,653.681,755.726,Satisfactorio,0
2022223030560700232,189,B,Mujer,1.06135112511622,SANTIAGO DE SURCO,699.674,675.799,781.919,Satisfactorio,0
2022223030560700233,189,B,Mujer,1.73716012612805,SANTIAGO DE SURCO,636.724,560.321,575.909,En inicio,1
2022223030560700234,189,B,Hombre, ,SANTIAGO DE SURCO,645.471, ,559.312,En inicio,1
2022223030560700401,189,D,Hombre,1.81381988359852,SANTIAGO DE SURCO,802.721,713.606,693.887,Satisfactorio,0
2022223030560700402,189,D,Mujer,1.25131859209668,SANTIAGO DE SURCO,719.692,702.418,645.036,En proceso,0
2022223030560700403,189,D,Mujer,1.35182067079477,SANTIAGO DE SURCO,583.507,399.964,560.395,En inicio,1
2022223030560700404,189,D,Mujer,1.59030649505067,SANTIAGO DE SURCO,555.358,529.33,580.743,En inicio,1
2022223030560700405,189,D,Mujer,1.33407753732975,SANTIAGO DE SURCO,544.949,523.801,499.782,Previo al Inicio,1
2022223030560700406,189,D,Mujer,1.45478959166954,SANTIAGO DE SURCO,708.851,675.799,693.887,Satisfactorio,0
2022223030560700407,189,D,Hombre,1.37932093983768,SANTIAGO DE SURCO,654.956,682.1,656.509,Satisfactorio,0
2022223030560700408,189,D,Hombre,1.81381988359852,SANTIAGO DE SURCO,591.452,673.999,560.395,En inicio,1
2022223030560700409,189,D,Hombre,1.57533405934262,SANTIAGO DE SURCO,699.674,545.404,669.497,Satisfactorio,0
2022223030560700410,189,D,Mujer,1.50430751251007,SANTIAGO DE SURCO,591.637,572.924,584.784,En inicio,1
2022223030560700411,189,D,Mujer,1.81381988359852,SANTIAGO DE SURCO,692.221,653.681,693.887,Satisfactorio,0
2022223030560700412,189,D,Mujer,1.74452919439017,SANTIAGO DE SURCO,627.916,468.248,624.182,En proceso,0
2022223030560700413,189,D,Mujer,-0.161325374794826,SANTIAGO DE SURCO,635,582.054,610.544,En proceso,0
2022223030560700414,189,D,Hombre,1.65312050993972,SANTIAGO DE SURCO,747.101,673.999,781.919,Satisfactorio,0
2022223030560700415,189,D,Mujer,1.55927788968926,SANTIAGO DE SURCO,675.467,588.612,613.07,En proceso,0
2022223030560700416,189,D,Hombre,1.37786121874936,SANTIAGO DE SURCO,593.547,465.29,588.897,En inicio,1
2022223030560700417,189,D,Hombre,1.12898864323061,SANTIAGO DE SURCO,654.956,543.861,682.125,Satisfactorio,0
2022223030560700418,189,D,Mujer,1.49477691098856,SANTIAGO DE SURCO,732.996,970.538,898.238,Satisfactorio,0
2022223030560700419,189,D,Mujer,1.16795261546518,SANTIAGO DE SURCO,619.478,604.558,620.286,En proceso,0
2022223030560700420,189,D,Mujer,1.03782905670811,SANTIAGO DE SURCO,598.597,452.816,550.293,En inicio,1
2022223030560700421,189,D,Mujer,1.72893088357879,SANTIAGO DE SURCO,708.851,690.202,599.288,En proceso,0
2022223030560700423,189,D,Mujer,0.818338896335782,SANTIAGO DE SURCO,645.039,564.308,634.357,En proceso,0
2022223030560700424,189,D,Mujer,1.56445869101354,SANTIAGO DE SURCO,669.8,675.799,836.976,Satisfactorio,0
2022223030560700425,189,D,Mujer,1.41544976531498,SANTIAGO DE SURCO,717.659,582.054,593.876,En inicio,1
2022223030560700426,189,D,Hombre,1.51580203220139,SANTIAGO DE SURCO,692.221,702.418,714.74,Satisfactorio,0
2022223030560700427,189,D,Hombre,0.0782734062849933,SANTIAGO DE SURCO,654.956,566.623,645.036,En proceso,0
2022223030560700428,189,D,Hombre,1.49893078291687,SANTIAGO DE SURCO,575.746,670.398,634.357,En proceso,0
2022223030560700429,189,D,Mujer,1.78356987844007,SANTIAGO DE SURCO,647.01,503.868,562.704,En inicio,1
2022223030560700430,189,D,Mujer,1.51580203220139,SANTIAGO DE SURCO,620.586,468.248,575.909,En inicio,1
2022223030560700431,189,D,Hombre,1.66481095789996,SANTIAGO DE SURCO,644.177,582.054,599.288,En proceso,0
2022223030560700432,189,D,Hombre,1.00256569972513,SANTIAGO DE SURCO,645.409,515.313,587.021,En inicio,1
2022223030560700433,189,D,Hombre,1.81381988359852,SANTIAGO DE SURCO,711.992, ,647.706,En proceso,0
2022223030560700434,189,D,Mujer,1.64793970861544,SANTIAGO DE SURCO,657.789,595.556,643.088,En proceso,0
2022223030560700435,189,D,Mujer,1.34048613443305,SANTIAGO DE SURCO,701.398,653.681,686.599,Satisfactorio,0
2022223108228800101,1503,A,Hombre,1.31561122761961,SANTIAGO DE SURCO,599.521, ,634.357,En proceso,0
2022223108228800102,1503,A,Hombre,0.98680341402977,SANTIAGO DE SURCO,709.713,821.497,671.085,Satisfactorio,0
2022223108228800103,1503,A,Hombre,0.929628825767732,SANTIAGO DE SURCO,617.815,650.723,673.538,Satisfactorio,0
2022223108228800104,1503,A,Hombre,1.34325792345012,SANTIAGO DE SURCO,625.699,498.853,522.656,En inicio,1
2022223108228800105,1503,A,Hombre,1.38834399959482,SANTIAGO DE SURCO,665.242,494.61,682.125,Satisfactorio,0
2022223108228800106,1503,A,Hombre,1.66481095789996,SANTIAGO DE SURCO,607.898,524.572,662.498,Satisfactorio,0
2022223108228800107,1503,A,Hombre,1.66481095789996,SANTIAGO DE SURCO,747.101,699.332,781.919,Satisfactorio,0
2022223108228800108,1503,A,Hombre,1.53735292529338,SANTIAGO DE SURCO,654.648,503.868,686.599,Satisfactorio,0
2022223108228800109,1503,A,Hombre,1.31127091628763,SANTIAGO DE SURCO,634.63,506.44,714.74,Satisfactorio,0
2022223108228800110,1503,A,Hombre,0.964387800741002,SANTIAGO DE SURCO,688.895,713.606,634.357,En proceso,0
2022223108228800111,1503,A,Hombre,1.81381988359852,SANTIAGO DE SURCO,591.452,557.107,533.336,En inicio,1
2022223108228800112,1503,A,Hombre,1.53735292529338,SANTIAGO DE SURCO,683.536,611.502,655.715,Satisfactorio,0
2022223108228800113,1503,A,Hombre,1.0601989132899,SANTIAGO DE SURCO,664.626,699.332,623.316,En proceso,0
2022223108228800114,1503,A,Hombre,0.851656040230883,SANTIAGO DE SURCO,729.424,707.819,774.703,Satisfactorio,0
2022223108228800115,1503,A,Hombre,0.772959247830783,SANTIAGO DE SURCO,540.883,386.59,713.947,Satisfactorio,0
2022223108228800116,1503,A,Hombre,1.03764030116744,SANTIAGO DE SURCO,655.818,682.1,809.051,Satisfactorio,0
2022223108228800117,1503,A,Hombre,0.987259988103643,SANTIAGO DE SURCO,647.01,600.571,562.704,En inicio,1
2022223108228800118,1503,A,Hombre,1.48990772315974,SANTIAGO DE SURCO,628.471,690.202,723.977,Satisfactorio,0
2022223108228800119,1503,A,Hombre,1.57343524576616,SANTIAGO DE SURCO,625.699,486.765,633.563,En proceso,0
2022223108228800120,1503,A,Hombre,1.64793970861544,SANTIAGO DE SURCO,645.409,707.819,682.125,Satisfactorio,0
2022223108228800121,1503,A,Hombre,1.16741528159771,SANTIAGO DE SURCO,560.532,386.59,560.395,En inicio,1
2022223108228800122,1503,A,Hombre,1.40586810697141,SANTIAGO DE SURCO,699.674,854.288,702.185,Satisfactorio,0
2022223108228800123,1503,A,Hombre,1.19898136833976,SANTIAGO DE SURCO,654.648,648.023,623.316,En proceso,0
2022223108228800124,1503,A,Hombre,1.42233455084488,SANTIAGO DE SURCO,678.116,759.257,646.479,En proceso,0
2022223108228800125,1503,A,Hombre,1.05856877199135,SANTIAGO DE SURCO,645.409,619.089,656.509,Satisfactorio,0
2022223108228800126,1503,A,Hombre,1.49477691098856,SANTIAGO DE SURCO,711.992,606.873,679.239,Satisfactorio,0
2022223108228800127,1503,A,Hombre,1.5016446761245,SANTIAGO DE SURCO,683.536,874.22,747.933,Satisfactorio,0
2022223108228800128,1503,A,Hombre,1.58821472582796,SANTIAGO DE SURCO,721.416,794.62,649.943,Satisfactorio,0
2022223108228800129,1503,A,Hombre,1.05365639261004,SANTIAGO DE SURCO,878.79,734.31,740.356,Satisfactorio,0
2022223108228800130,1503,A,Hombre,1.50118550809185,SANTIAGO DE SURCO,636.416,566.623,668.776,Satisfactorio,0
2022223108228800131,1503,A,Hombre,1.14627239795079,SANTIAGO DE SURCO,645.039,595.556,647.706,En proceso,0
2022223108228800132,1503,A,Hombre,0.653877565166685,SANTIAGO DE SURCO,611.347,564.308,620.286,En proceso,0
2022223108228800133,1503,A,Hombre,1.53835265377004,SANTIAGO DE SURCO,675.467,814.81,671.59,Satisfactorio,0
2022223108228800134,1503,A,Hombre, ,SANTIAGO DE SURCO,608.391,560.321,698.505,Satisfactorio,0
2022223108228800135,1503,A,Hombre, ,SANTIAGO DE SURCO,646.641,578.453,632.913,En proceso,0
2022223108228800201,1503,B,Mujer,1.2854586120929,SANTIAGO DE SURCO,665.242,628.476,587.021,En inicio,1
2022223108228800202,1503,B,Mujer,1.66481095789996,SANTIAGO DE SURCO,616.521,623.718,679.239,Satisfactorio,0
2022223108228800203,1503,B,Mujer,1.81381988359852,SANTIAGO DE SURCO,747.101,804.394,702.185,Satisfactorio,0
2022223108228800204,1503,B,Mujer,1.42273935625593,SANTIAGO DE SURCO,628.471,529.33,634.14,En proceso,0
2022223108228800205,1503,B,Mujer,1.46169289629956,SANTIAGO DE SURCO,708.851,707.819,740.356,Satisfactorio,0
2022223108228800206,1503,B,Mujer,1.42632513364405,SANTIAGO DE SURCO,654.956,564.565,682.125,Satisfactorio,0
2022223108228800207,1503,B,Mujer,1.41404178289714,SANTIAGO DE SURCO,732.996,794.62,755.726,Satisfactorio,0
2022223108228800208,1503,B,Mujer,1.65312050993972,SANTIAGO DE SURCO,719.815,600.571,643.088,En proceso,0
2022223108228800209,1503,B,Mujer,1.29638085234614,SANTIAGO DE SURCO,584.8,524.572,603.329,En proceso,0
2022223108228800210,1503,B,Mujer,0.933122312475462,SANTIAGO DE SURCO,578.949,643.908,646.479,En proceso,0
2022223108228800211,1503,B,Mujer,1.59869976054243,SANTIAGO DE SURCO,889.754,707.819,791.949,Satisfactorio,0
2022223108228800212,1503,B,Mujer,1.33766331471788,SANTIAGO DE SURCO,645.039,544.89,506.781,Previo al Inicio,1
2022223108228800213,1503,B,Mujer,1.43281958555935,SANTIAGO DE SURCO,719.815,654.067,722.678,Satisfactorio,0
2022223108228800214,1503,B,Mujer,1.37105942447359,SANTIAGO DE SURCO,636.724,494.61,516.811,Previo al Inicio,1
2022223108228800215,1503,B,Mujer,1.22572446652854,SANTIAGO DE SURCO,708.851,690.202,660.55,Satisfactorio,0
2022223108228800216,1503,B,Mujer,1.06298372630628,SANTIAGO DE SURCO,665.242,619.089,645.036,En proceso,0
2022223108228800217,1503,B,Mujer,1.50970622946287,SANTIAGO DE SURCO,711.992,653.681,698.866,Satisfactorio,0
2022223108228800218,1503,B,Mujer,1.81381988359852,SANTIAGO DE SURCO,747.101,734.438,702.185,Satisfactorio,0
2022223108228800219,1503,B,Mujer,1.42233455084488,SANTIAGO DE SURCO,687.601,604.558,703.772,Satisfactorio,0
2022223108228800220,1503,B,Mujer,0.977732359204799,SANTIAGO DE SURCO,557.883,473.777,531.82,En inicio,1
2022223108228800221,1503,B,Mujer,1.27212021190054,SANTIAGO DE SURCO,703.061,611.502,634.357,En proceso,0
2022223108228800222,1503,B,Mujer,0.657957050300371,SANTIAGO DE SURCO,645.039,529.33,515.585,Previo al Inicio,1
2022223108228800223,1503,B,Mujer,1.70697364636807,SANTIAGO DE SURCO,792.127,585.269,722.678,Satisfactorio,0
2022223108228800224,1503,B,Mujer,1.34874698973526,SANTIAGO DE SURCO,886.243,814.81,703.772,Satisfactorio,0
2022223108228800225,1503,B,Mujer,1.65312050993972,SANTIAGO DE SURCO,678.116,713.606,740.356,Satisfactorio,0
2022223108228800226,1503,B,Mujer,1.66481095789996,SANTIAGO DE SURCO,768.105,771.088,846.284,Satisfactorio,0
2022223108228800227,1503,B,Mujer,1.42333822056899,SANTIAGO DE SURCO,711.992,635.806,662.498,Satisfactorio,0
2022223108228800228,1503,B,Mujer,0.774919121602779,SANTIAGO DE SURCO,611.347,619.089,669.497,Satisfactorio,0
2022223108228800229,1503,B,Mujer,1.48997124855822,SANTIAGO DE SURCO,737.862,653.681,703.772,Satisfactorio,0
2022223108228800230,1503,B,Mujer,1.31889080639521,SANTIAGO DE SURCO,601.184,487.408,621.44,En proceso,0
2022223108228800231,1503,B,Mujer,1.46923937634485,SANTIAGO DE SURCO,619.724,582.054,624.182,En proceso,0
2022223108228800232,1503,B,Mujer,1.27189908362684,SANTIAGO DE SURCO,694.931, ,698.866,Satisfactorio,0
2022223175442300101,2647,A,Hombre,1.73722365152653,SANTIAGO DE SURCO,747.101,648.023,655.715,Satisfactorio,0
2022223175442300102,2647,A,Mujer,1.76873380745383,SANTIAGO DE SURCO,654.648,635.806,634.14,En proceso,0
2022223175442300103,2647,A,Hombre, ,SANTIAGO DE SURCO,501.894, ,445.159,Previo al Inicio,1
2022223175442300104,2647,A,Hombre,1.65019443379042,SANTIAGO DE SURCO,719.692,606.873,733.934,Satisfactorio,0
2022223175442300105,2647,A,Mujer,0.790059998722896,SANTIAGO DE SURCO,538.112,428.769,524.46,En inicio,1
2022223175442300106,2647,A,Hombre,1.26980731440412,SANTIAGO DE SURCO,699.674,654.067,599.793,En proceso,0
2022223175442300107,2647,A,Mujer,1.16799490085802,SANTIAGO DE SURCO,687.601,623.718,567.25,En inicio,1
2022223175442300108,2647,A,Mujer,1.81381988359852,SANTIAGO DE SURCO,644.177,722.222,693.887,Satisfactorio,0
2022223175442300109,2647,A,Hombre,1.44582951373542,SANTIAGO DE SURCO,604.264,619.089,624.182,En proceso,0
2022223175442300110,2647,A,Mujer,1.54621074731079,SANTIAGO DE SURCO,694.931,624.361,589.33,En inicio,1
2022223175442300111,2647,A,Mujer,0.901983969122105,SANTIAGO DE SURCO,792.127,734.438,747.933,Satisfactorio,0
2022223175442300112,2647,A,Hombre,1.08510035474535,SANTIAGO DE SURCO,636.724,604.558,516.811,Previo al Inicio,1
2022223175442300113,2647,A,Mujer,1.03666808268891,SANTIAGO DE SURCO,802.721,578.453,693.887,Satisfactorio,0
2022223175442300114,2647,A,Hombre,1.12267621441374,SANTIAGO DE SURCO,654.956,588.612,682.125,Satisfactorio,0
2022223175442300115,2647,A,Mujer,1.6345609527415,SANTIAGO DE SURCO,667.46,643.908,634.357,En proceso,0
2022223175442300116,2647,A,Hombre,0.37900093637323,SANTIAGO DE SURCO,683.536,585.269,631.326,En proceso,0
2022223175442300117,2647,A,Hombre,1.66481095789996,SANTIAGO DE SURCO,664.626,734.438,782.785,Satisfactorio,0
2022223175442300118,2647,A,Mujer,1.81381988359852,SANTIAGO DE SURCO,654.463,519.043,633.563,En proceso,0
2022223175442300120,2647,A,Hombre,1.78356987844007,SANTIAGO DE SURCO,516.307,483.808,538.242,En inicio,1
2022223175442300121,2647,A,Hombre,1.0067159079389,SANTIAGO DE SURCO,622.188,486.765,587.743,En inicio,1
2022223175442300122,2647,A,Mujer,0.343924991658505,SANTIAGO DE SURCO,636.724,653.681,550.293,En inicio,1
2022223175442300123,2647,A,Hombre,1.51580203220139,SANTIAGO DE SURCO,665.674,734.438,830.193,Satisfactorio,0
2022223175442300124,2647,A,Hombre,1.42233455084488,SANTIAGO DE SURCO,719.692,682.1,733.934,Satisfactorio,0
2022223175442300125,2647,A,Hombre,1.51580203220139,SANTIAGO DE SURCO,732.996,648.023,662.498,Satisfactorio,0
2022223175442300126,2647,A,Mujer,1.66481095789996,SANTIAGO DE SURCO,747.101,804.394,669.497,Satisfactorio,0
2022223175442300127,2647,A,Mujer,1.31758008283714,SANTIAGO DE SURCO,765.272,768.902,671.59,Satisfactorio,0
2022223175442300128,2647,A,Hombre,0.397825319457424,SANTIAGO DE SURCO,388.93, ,363.26,Previo al Inicio,1
2022223175442300129,2647,A,Mujer,0.680654563928482,SANTIAGO DE SURCO,568.478, ,461.683,Previo al Inicio,1
2022223175442300130,2647,A,Hombre,1.02060946757387,SANTIAGO DE SURCO,599.521,458.603,569.775,En inicio,1
2022223175442300131,2647,A,Hombre, ,SANTIAGO DE SURCO,515.876,309.305,481.671,Previo al Inicio,1
2022223175442300201,2647,B,Mujer,1.59030649505067,SANTIAGO DE SURCO,711.992,584.626,679.239,Satisfactorio,0
2022223175442300202,2647,B,Hombre,1.50411158424115,SANTIAGO DE SURCO,529.673,519.043,536.438,En inicio,1
2022223175442300203,2647,B,Mujer,1.66481095789996,SANTIAGO DE SURCO,564.72,536.017,593.876,En inicio,1
2022223175442300204,2647,B,Mujer,0.874070558082969,SANTIAGO DE SURCO,571.865,377.46,522.656,En inicio,1
2022223175442300205,2647,B,Hombre,0.541655444780739,SANTIAGO DE SURCO,719.692,731.609,668.776,Satisfactorio,0
2022223175442300206,2647,B,Hombre,1.42960712139187,SANTIAGO DE SURCO,655.818,776.489,662.498,Satisfactorio,0
2022223175442300207,2647,B,Hombre,1.26044495866097,SANTIAGO DE SURCO,683.536,584.626,722.678,Satisfactorio,0
2022223175442300208,2647,B,Hombre,0.50746559262273,SANTIAGO DE SURCO,628.471,582.054,686.599,Satisfactorio,0
2022223175442300209,2647,B,Mujer,1.65312050993972,SANTIAGO DE SURCO,686.369,623.718,508.152,Previo al Inicio,1
2022223175442300210,2647,B,Mujer,1.57614913897378,SANTIAGO DE SURCO,688.895,661.782,656.509,Satisfactorio,0
2022223175442300211,2647,B,Mujer,1.38519976015652,SANTIAGO DE SURCO,667.46,699.332,610.544,En proceso,0
2022223175442300212,2647,B,Hombre,1.03151444579447,SANTIAGO DE SURCO,628.039,629.634,669.497,Satisfactorio,0
2022223175442300213,2647,B,Hombre,1.5630507085957,SANTIAGO DE SURCO,636.724,703.447,703.772,Satisfactorio,0
2022223175442300214,2647,B,Hombre,1.02741294593874,SANTIAGO DE SURCO,654.463,654.067,676.208,Satisfactorio,0
2022223175442300215,2647,B,Hombre,1.06135112511622,SANTIAGO DE SURCO,688.895,648.023,733.934,Satisfactorio,0
2022223175442300216,2647,B,Mujer,1.09757375155827,SANTIAGO DE SURCO,575.746,442.658,488.886,Previo al Inicio,1
2022223175442300217,2647,B,Hombre,1.29967033079139,SANTIAGO DE SURCO,657.789, ,599.793,En proceso,0
2022223175442300218,2647,B,Hombre,0.639865823911687,SANTIAGO DE SURCO,654.648,653.681,634.14,En proceso,0
2022223175442300219,2647,B,Hombre,1.12049736188161,SANTIAGO DE SURCO,588.003,527.787,536.005,En inicio,1
2022223175442300220,2647,B,Hombre,1.66481095789996,SANTIAGO DE SURCO,611.902,519.043,518.471,Previo al Inicio,1
2022223175442300221,2647,B,Hombre,-0.213535301268354,SANTIAGO DE SURCO,607.898,623.718,599.721,En proceso,0
2022223175442300222,2647,B,Mujer,0.98510469348245,SANTIAGO DE SURCO,637.155,483.808,580.743,En inicio,1
2022223175442300223,2647,B,Mujer,1.46863260340199,SANTIAGO DE SURCO,613.01,507.984,593.876,En inicio,1
2022223175442300224,2647,B,Mujer,0.852885444251271,SANTIAGO DE SURCO,625.699,606.873,578.867,En inicio,1
2022223175442300225,2647,B,Mujer,1.42960712139187,SANTIAGO DE SURCO,636.416,506.44,634.357,En proceso,0
2022223175442300226,2647,B,Hombre,0.9146901720807,SANTIAGO DE SURCO,583.507,458.603,560.395,En inicio,1
2022223175442300227,2647,B,Mujer,1.6558514235413,SANTIAGO DE SURCO,603.586,536.017,580.743,En inicio,1
2022223175442300228,2647,B,Hombre,1.68736157946861,SANTIAGO DE SURCO,645.409,524.572,782.785,Satisfactorio,0
2022223175442300229,2647,B,Hombre,1.03004485181899,SANTIAGO DE SURCO,509.162,421.439,540.984,En inicio,1
2022223175442300230,2647,B,Hombre,1.81381988359852,SANTIAGO DE SURCO,654.956,606.873,733.934,Satisfactorio,0
2022223175442300301,2647,C,Mujer,1.60347575645566,SANTIAGO DE SURCO,768.105,670.398,758.612,Satisfactorio,0
2022223175442300302,2647,C,Mujer,0.766161647545496,SANTIAGO DE SURCO,694.931,776.489,634.357,En proceso,0
2022223175442300303,2647,C,Mujer,1.13380200568556,SANTIAGO DE SURCO,619.478,544.89,545.097,En inicio,1
2022223175442300304,2647,C,Hombre,-0.339905865296423,SANTIAGO DE SURCO,620.586,582.054,584.784,En inicio,1
2022223175442300305,2647,C,Mujer,1.78356987844007,SANTIAGO DE SURCO,692.221,702.418,621.44,En proceso,0
2022223175442300306,2647,C,Hombre,1.64793970861544,SANTIAGO DE SURCO,611.902,545.404,604.988,En proceso,0
2022223175442300307,2647,C,Hombre,1.55491003155218,SANTIAGO DE SURCO,575.746,443.686,479.722,Previo al Inicio,1
2022223175442300308,2647,C,Mujer,1.36819759402755,SANTIAGO DE SURCO,792.127,606.873,620.286,En proceso,0
2022223175442300309,2647,C,Hombre,1.56928137383784,SANTIAGO DE SURCO,613.01,506.44,550.293,En inicio,1
2022223175442300310,2647,C,Mujer,1.2102052821113,SANTIAGO DE SURCO,625.699,478.793,621.44,En proceso,0
2022223175442300311,2647,C,Hombre,1.00571648885857,SANTIAGO DE SURCO,688.895,600.571,634.357,En proceso,0
2022223175442300312,2647,C,Hombre,1.62287050478126,SANTIAGO DE SURCO,568.108,399.964,515.585,Previo al Inicio,1
2022223175442300313,2647,C,Hombre,1.57614913897378,SANTIAGO DE SURCO,719.815,595.556,747.933,Satisfactorio,0
2022223175442300315,2647,C,Hombre,1.21438864031274,SANTIAGO DE SURCO,678.116,814.81,646.479,En proceso,0
2022223175442300316,2647,C,Mujer,0.82425666228045,SANTIAGO DE SURCO,547.782,478.793,527.13,En inicio,1
2022223175442300317,2647,C,Mujer,1.66481095789996,SANTIAGO DE SURCO,568.108,536.017,560.395,En inicio,1
2022223175442300318,2647,C,Hombre,1.58815120042948,SANTIAGO DE SURCO,581.967,635.806,620.286,En proceso,0
2022223175442300319,2647,C,Hombre,0.891034059049364,SANTIAGO DE SURCO,620.586,550.934,749.015,Satisfactorio,0
2022223175442300320,2647,C,Hombre,0.912755525254359,SANTIAGO DE SURCO,593.547,503.868,588.897,En inicio,1
2022223175442300321,2647,C,Hombre,0.889612470487064,SANTIAGO DE SURCO,813.623,970.538,733.934,Satisfactorio,0
2022223175442300322,2647,C,Hombre,1.16930256416805,SANTIAGO DE SURCO,732.996,654.067,506.781,Previo al Inicio,1
2022223175442300323,2647,C,Mujer,1.24906682264983,SANTIAGO DE SURCO,647.01,452.816,590.124,En inicio,1
2022223175442300324,2647,C,Hombre,0.705216733542733,SANTIAGO DE SURCO,620.586,611.502,541.922,En inicio,1
2022223175442300325,2647,C,Mujer,0.857519696225909,SANTIAGO DE SURCO,643.068,465.29,559.817,En inicio,1
2022223175442300326,2647,C,Hombre,1.22607908827298,SANTIAGO DE SURCO,654.956,564.308,587.021,En inicio,1
2022223175442300327,2647,C,Hombre,1.62287050478126,SANTIAGO DE SURCO,616.521,584.626,662.498,Satisfactorio,0
2022223175442300328,2647,C,Hombre,1.04881129332457,SANTIAGO DE SURCO,628.039,560.321,553.828,En inicio,1
2022223175442300329,2647,C,Hombre, ,SANTIAGO DE SURCO,550.923,452.816,465.652,Previo al Inicio,1
2022223151433000101,2291,A,Hombre,1.3194788964136,SURQUILLO,613.01,582.054,550.293,En inicio,1
2022223151433000102,2291,A,Hombre,0.947327548853392,SURQUILLO,644.177,578.453,646.479,En proceso,0
2022223151433000103,2291,A,Hombre,1.34992185721831,SURQUILLO,575.438,421.568,552.674,En inicio,1
2022223151433000104,2291,A,Mujer,1.40775038172517,SURQUILLO,616.521,572.924,560.395,En inicio,1
2022223151433000105,2291,A,Mujer,1.03661100053519,SURQUILLO,683.536,606.873,643.088,En proceso,0
2022223151433000106,2291,A,Hombre,0.906218714188563,SURQUILLO,510.825,408.194,482.104,Previo al Inicio,1
2022223151433000107,2291,A,Mujer,0.750258791074803,SURQUILLO,609.007,438.285,504.328,Previo al Inicio,1
